SorghumGene,Ortholog
Sobic.001G502200,GRMZM2G056870
Sobic.001G501800,GRMZM2G401342
Sobic.001G501600,AC209858_4_FG004
Sobic.001G517900,GRMZM2G409976
Sobic.001G505000,GRMZM2G038485
Sobic.001G503600,GRMZM2G150915
Sobic.001G503500,GRMZM2G150867
Sobic.001G503200,GRMZM2G329159
Sobic.001G503100,GRMZM2G092483
Sobic.001G503000,GRMZM2G092542
Sobic.001G483100,GRMZM2G016511
Sobic.001G483300,GRMZM2G319057
Sobic.001G488000,GRMZM2G075459
Sobic.001G488400,GRMZM2G159456
Sobic.001G488500,GRMZM2G035243
Sobic.003G389100,GRMZM2G044055
Sobic.003G389000,GRMZM2G044092
Sobic.001G065100,GRMZM2G704093
Sobic.002G201000,GRMZM2G045748
Sobic.008G133500,GRMZM2G130332
Sobic.008G133600,GRMZM2G130332
Sobic.004G009600,GRMZM2G163849
Sobic.001G075600,GRMZM2G028286
Sobic.003G396400,GRMZM2G357926
Sobic.004G062300,GRMZM2G134528
Sobic.001G217200,GRMZM2G469551
Sobic.004G260100,GRMZM2G096370
Sobic.002G290300,AC233865_1_FG006
Sobic.004G248300,GRMZM2G375762
Sobic.004G234700,AC196008_1_FG004
Sobic.004G315700,GRMZM2G385925
Sobic.004G314000,GRMZM5G897224
Sobic.004G329700,GRMZM2G031257
Sobic.004G330100,GRMZM2G031257
Sobic.004G330300,GRMZM2G031257
Sobic.003G015400,GRMZM2G026868
Sobic.003G081800,GRMZM2G437097
Sobic.003G028000,GRMZM2G133168
Sobic.009G200300,AC231755_1_FG010
Sobic.010G259001,AC205968_3_FG001
Sobic.009G105200,GRMZM2G068323
Sobic.007G184800,GRMZM2G332294
Sobic.007G184600,GRMZM2G069594
Sobic.007G184400,GRMZM2G107336
Sobic.004G305300,GRMZM2G161180
Sobic.001G121600,AC233950_1_FG002
Sobic.004G350100,GRMZM2G108739
Sobic.001G251500,GRMZM2G168222
Sobic.001G255600,GRMZM2G044550
Sobic.001G055600,GRMZM2G397190
Sobic.003G142700,GRMZM2G363908
Sobic.001G482000,GRMZM2G000427
Sobic.005G164800,GRMZM2G049623
Sobic.001G476700,GRMZM2G031177
Sobic.003G428800,GRMZM2G057413
Sobic.001G516000,GRMZM2G099454
Sobic.001G157700,GRMZM2G114036
Sobic.001G157900,GRMZM2G414047
Sobic.001G158200,GRMZM2G414047
Sobic.002G382100,GRMZM2G171597
Sobic.003G209000,GRMZM2G042078
Sobic.008G028600,GRMZM2G005207
Sobic.003G325800,GRMZM2G372477
Sobic.002G353300,GRMZM2G102550
Sobic.002G353200,GRMZM2G102514
Sobic.002G353400,GRMZM2G055216
Sobic.002G353500,GRMZM2G058087
Sobic.001G073600,GRMZM2G072806
Sobic.001G072700,GRMZM5G838226
Sobic.010G050500,AC197699_3_FG001
Sobic.004G260400,GRMZM2G024211
Sobic.003G014500,GRMZM2G068217
Sobic.002G001500,GRMZM2G404922
Sobic.001G484300,GRMZM2G064663
Sobic.001G484000,GRMZM2G080524
Sobic.001G484100,GRMZM2G080524
Sobic.001G529700,GRMZM2G013986
Sobic.007G035000,GRMZM2G021277
Sobic.007G035500,GRMZM2G021277
Sobic.007G035300,GRMZM2G021388
Sobic.003G195500,GRMZM5G838579
Sobic.003G252100,GRMZM2G159357
Sobic.003G252200,GRMZM2G159357
Sobic.003G078600,AC200725_4_FG003
Sobic.007G047700,GRMZM2G003715
Sobic.010G029300,GRMZM5G839794
Sobic.007G123800,GRMZM5G844703
Sobic.001G151100,GRMZM2G340749
Sobic.009G168900,GRMZM2G075782
Sobic.009G169100,GRMZM2G035601
Sobic.001G456400,GRMZM2G329923
Sobic.002G238100,GRMZM2G404929
Sobic.002G238200,GRMZM2G404929
Sobic.006G115400,AC185655_3_FG005
Sobic.006G074500,GRMZM2G136306
Sobic.004G170800,GRMZM2G037865
Sobic.007G138600,GRMZM2G152543
Sobic.003G191500,GRMZM2G342693
Sobic.004G333000,AC202076_3_FG009
Sobic.010G017400,AC234164_1_FG004
Sobic.003G029600,AC155622_2_FG001
Sobic.007G165900,GRMZM2G109977
Sobic.009G037800,GRMZM2G059517
Sobic.007G209500,GRMZM2G022499
Sobic.003G292000,GRMZM2G177929
Sobic.003G291600,GRMZM2G177883
Sobic.003G291700,GRMZM2G177883
Sobic.003G292800,GRMZM2G026746
Sobic.003G329600,GRMZM2G167276
Sobic.001G292400,GRMZM2G070943
Sobic.006G114500,GRMZM2G106810
Sobic.009G257500,AC233870_1_FG004
Sobic.008G160500,GRMZM2G015097
Sobic.007G048600,GRMZM2G078906
Sobic.002G162800,GRMZM2G092137
Sobic.003G387700,GRMZM2G397509
Sobic.003G098300,GRMZM2G375249
Sobic.003G327600,GRMZM2G130558
Sobic.003G339100,GRMZM2G330159
Sobic.003G236600,GRMZM2G370193
Sobic.009G253700,AC226537_2_FG001
Sobic.002G276600,GRMZM2G147422
Sobic.007G139900,GRMZM2G067235
Sobic.003G349600,GRMZM5G804618
Sobic.003G348900,AC210170_5_FG008
Sobic.003G352200,GRMZM2G081919
Sobic.001G437500,GRMZM2G165944
Sobic.009G208000,AC206165_3_FG007
Sobic.009G208300,AC204763_2_FG001
Sobic.007G118301,GRMZM2G324999
Sobic.001G405400,GRMZM5G850640
Sobic.001G404700,GRMZM2G006370
Sobic.001G405150,GRMZM2G452695
Sobic.001G405100,GRMZM2G135456
Sobic.001G404800,GRMZM2G006085
Sobic.010G247000,GRMZM2G098918
Sobic.008G175600,AC212976_3_FG003
Sobic.008G175700,AC212976_3_FG003
Sobic.001G459900,GRMZM2G107872
Sobic.006G148000,GRMZM2G048295
Sobic.001G126900,GRMZM2G480954
Sobic.004G194000,GRMZM2G131727
Sobic.003G186200,GRMZM2G071322
Sobic.003G186600,GRMZM2G071113
Sobic.003G186500,GRMZM2G071154
Sobic.005G008800,GRMZM2G460090
Sobic.002G039900,GRMZM2G704330
Sobic.006G201000,GRMZM2G024898
Sobic.006G201400,GRMZM2G149556
Sobic.006G138200,GRMZM2G366065
Sobic.010G207800,GRMZM2G131309
Sobic.010G209100,GRMZM2G111711
Sobic.010G209200,GRMZM2G111711
Sobic.006G181000,GRMZM2G039455
Sobic.010G103600,GRMZM2G415022
Sobic.008G124301,GRMZM2G036427
Sobic.008G124400,GRMZM2G036427
Sobic.009G197800,GRMZM2G102863
Sobic.009G198000,GRMZM2G124799
Sobic.009G197000,GRMZM2G140996
Sobic.009G197100,GRMZM2G140996
Sobic.009G197400,GRMZM2G140996
Sobic.009G197600,GRMZM2G141026
Sobic.009G196100,GRMZM2G435475
Sobic.009G195600,GRMZM2G176217
Sobic.001G046800,GRMZM2G013206
Sobic.001G042901,GRMZM2G116878
Sobic.001G043100,GRMZM2G417217
Sobic.001G043700,GRMZM2G064503
Sobic.001G043800,GRMZM2G134227
Sobic.001G044000,GRMZM2G138330
Sobic.001G045000,GRMZM2G104125
Sobic.001G045400,GRMZM2G004500
Sobic.001G045900,GRMZM2G092746
Sobic.001G045800,GRMZM2G111609
Sobic.001G046100,GRMZM2G092663
Sobic.001G046300,GRMZM2G092663
Sobic.002G013600,GRMZM2G026189
Sobic.001G428200,GRMZM2G151582
Sobic.004G188701,GRMZM2G049372
Sobic.004G189100,GRMZM2G040481
Sobic.002G258100,GRMZM2G097129
Sobic.001G154300,GRMZM2G324276
Sobic.003G287900,GRMZM2G078756
Sobic.003G053700,GRMZM2G021243
Sobic.008G151300,GRMZM2G443345
Sobic.009G159200,GRMZM2G178797
Sobic.002G117700,AC203753_4_FG006
Sobic.002G117900,GRMZM2G100828
Sobic.003G056600,GRMZM2G016232
Sobic.003G057100,GRMZM2G016232
Sobic.003G057366,GRMZM2G016232
Sobic.001G032100,GRMZM2G055802
Sobic.001G131800,GRMZM2G080764
Sobic.001G131300,GRMZM2G351304
Sobic.001G130400,GRMZM2G038217
Sobic.001G130700,GRMZM2G063298
Sobic.006G276300,GRMZM2G434557
Sobic.009G025800,GRMZM2G020091
Sobic.009G025900,GRMZM2G165805
Sobic.001G115400,GRMZM5G845962
Sobic.006G048700,GRMZM2G026793
Sobic.003G257400,GRMZM2G366520
Sobic.003G095400,GRMZM2G090584
Sobic.003G094700,GRMZM2G336865
Sobic.003G095100,GRMZM2G336865
Sobic.003G095200,GRMZM2G476699
Sobic.003G095600,GRMZM2G104829
Sobic.004G280500,GRMZM2G024948
Sobic.006G068200,GRMZM2G062504
Sobic.006G068300,GRMZM2G075081
Sobic.007G130500,GRMZM2G116831
Sobic.004G177700,GRMZM2G136178
Sobic.004G170200,GRMZM2G451314
Sobic.001G345400,GRMZM2G049070
Sobic.001G346300,GRMZM2G085825
Sobic.007G088000,GRMZM2G144407
Sobic.006G221101,GRMZM2G302927
Sobic.009G140800,GRMZM5G833124
Sobic.003G061600,GRMZM2G383303
Sobic.003G337300,GRMZM2G098078
Sobic.003G337100,GRMZM2G399433
Sobic.003G336900,GRMZM2G465771
Sobic.003G336500,GRMZM5G846140
Sobic.010G160900,GRMZM2G333083
Sobic.006G106300,GRMZM2G430362
Sobic.001G289900,GRMZM2G072117
Sobic.003G308900,GRMZM2G049654
Sobic.002G250700,GRMZM2G400444
Sobic.006G172800,GRMZM2G162271
Sobic.003G363600,GRMZM2G060216
Sobic.003G364900,GRMZM2G141647
Sobic.003G346901,GRMZM2G326933
Sobic.003G347000,GRMZM2G326933
Sobic.003G347100,GRMZM2G326933
Sobic.003G347200,GRMZM2G326933
Sobic.003G346800,AC196780_4_FG003
Sobic.002G239700,GRMZM2G149051
Sobic.001G151900,GRMZM2G134976
Sobic.001G152800,GRMZM2G353497
Sobic.006G135300,GRMZM2G703002
Sobic.006G135100,GRMZM2G095598
Sobic.001G453200,GRMZM2G164974
Sobic.001G218800,GRMZM2G042598
Sobic.001G476500,GRMZM2G006631
Sobic.001G476300,GRMZM2G132367
Sobic.001G476100,GRMZM2G075712
Sobic.001G499500,GRMZM2G140339
Sobic.001G499701,GRMZM2G073373
Sobic.001G499800,GRMZM2G073373
Sobic.001G499900,GRMZM2G173826
Sobic.002G292900,GRMZM2G102243
Sobic.003G390900,GRMZM2G406951
Sobic.003G391000,GRMZM2G406951
Sobic.004G018100,GRMZM5G891373
Sobic.001G415200,GRMZM2G026910
Sobic.001G236300,GRMZM2G036765
Sobic.003G418100,GRMZM2G396550
Sobic.001G396100,GRMZM2G179155
Sobic.001G395800,GRMZM2G092442
Sobic.006G193600,GRMZM2G014009
Sobic.006G194100,GRMZM2G024517
Sobic.006G193700,GRMZM2G098099
Sobic.006G194000,GRMZM2G322817
Sobic.006G193900,GRMZM2G163067
Sobic.006G194200,GRMZM2G322817
Sobic.006G194300,GRMZM2G322817
Sobic.006G194700,GRMZM2G024312
Sobic.009G146800,GRMZM2G020859
Sobic.009G147200,GRMZM2G020859
Sobic.009G147500,GRMZM2G020859
Sobic.009G147000,GRMZM2G020859
Sobic.009G178000,GRMZM2G701218
Sobic.009G177901,GRMZM2G462717
Sobic.001G304201,GRMZM2G037255
Sobic.001G304100,GRMZM2G037255
Sobic.001G302600,GRMZM2G094639
Sobic.010G059000,AC207265_3_FG002
Sobic.010G059400,GRMZM2G325561
Sobic.009G239301,GRMZM5G855337
Sobic.009G239500,GRMZM5G855337
Sobic.009G239000,GRMZM5G891280
Sobic.001G476000,GRMZM2G095915
Sobic.001G474400,GRMZM2G006781
Sobic.006G174850,GRMZM2G099130
Sobic.010G077300,GRMZM2G005013
Sobic.010G052700,GRMZM2G001799
Sobic.003G240700,GRMZM5G824843
Sobic.001G351800,GRMZM2G370510
Sobic.001G351900,GRMZM2G370510
Sobic.006G137600,GRMZM2G041876
Sobic.003G221700,GRMZM2G114399
Sobic.006G095800,GRMZM2G051355
Sobic.006G096000,GRMZM2G051355
Sobic.006G096200,GRMZM2G051355
Sobic.006G096300,GRMZM2G051355
Sobic.003G098200,GRMZM2G076104
Sobic.010G276200,GRMZM2G325653
Sobic.004G188100,GRMZM2G176304
Sobic.007G038500,GRMZM2G358161
Sobic.007G039400,GRMZM2G134756
Sobic.003G065300,GRMZM2G065471
Sobic.003G065400,GRMZM2G065471
Sobic.003G065600,GRMZM2G065471
Sobic.003G065501,GRMZM2G445261
Sobic.004G283300,GRMZM2G434203
Sobic.003G410700,GRMZM2G056702
Sobic.003G410800,GRMZM5G898668
Sobic.002G155500,GRMZM2G173756
Sobic.006G229901,GRMZM2G115705
Sobic.006G229300,GRMZM2G419318
Sobic.006G229500,GRMZM2G419318
Sobic.006G229800,GRMZM2G419318
Sobic.006G229100,GRMZM2G470694
Sobic.006G229200,GRMZM2G470694
Sobic.006G228833,GRMZM2G419290
Sobic.006G229600,GRMZM2G419290
Sobic.002G342100,GRMZM2G179885
Sobic.002G262200,GRMZM5G854301
Sobic.009G249500,GRMZM2G067877
Sobic.006G002201,GRMZM2G058300
Sobic.003G229600,GRMZM2G105604
Sobic.004G231300,GRMZM2G140893
Sobic.005G167300,GRMZM2G118082
Sobic.004G070200,GRMZM2G134439
Sobic.006G161900,GRMZM5G825909
Sobic.004G070100,GRMZM2G018962
Sobic.006G161800,AC234521_1_FG004
Sobic.006G159200,GRMZM2G123202
Sobic.003G282400,GRMZM2G079727
Sobic.009G213000,GRMZM2G177386
Sobic.008G000600,GRMZM2G156240
Sobic.003G015000,GRMZM2G060991
Sobic.003G015100,GRMZM2G061005
Sobic.008G000700,GRMZM2G097454
Sobic.009G232200,GRMZM2G021794
Sobic.007G210900,AC234203_1_FG010
Sobic.002G216600,GRMZM2G172320
Sobic.002G119400,GRMZM2G071877
Sobic.001G180200,GRMZM2G011269
Sobic.005G200800,GRMZM2G339848
Sobic.006G050400,GRMZM2G025042
Sobic.001G216200,GRMZM2G131577
Sobic.003G153300,GRMZM2G165746
Sobic.004G242000,GRMZM2G415327
Sobic.002G227700,GRMZM2G003246
Sobic.002G228400,GRMZM2G133836
Sobic.002G227900,GRMZM5G831102
Sobic.003G376700,GRMZM2G135743
Sobic.010G043200,GRMZM2G020216
Sobic.002G225200,GRMZM2G139522
Sobic.002G225300,GRMZM2G139535
Sobic.002G225400,GRMZM2G065928
Sobic.007G224100,GRMZM2G361362
Sobic.001G140200,GRMZM2G061101
Sobic.002G426800,GRMZM2G113039
Sobic.001G373900,GRMZM2G097843
Sobic.003G143700,GRMZM2G045534
Sobic.004G117400,GRMZM2G059887
Sobic.009G034400,GRMZM2G028014
Sobic.006G240200,GRMZM2G114008
Sobic.002G205500,GRMZM2G142898
Sobic.002G205900,GRMZM2G084248
Sobic.007G167400,AC234528_1_FG006
Sobic.007G135800,GRMZM2G459391
Sobic.001G035200,GRMZM2G061662
Sobic.003G288600,GRMZM2G031308
Sobic.001G035100,GRMZM2G061626
Sobic.002G277100,GRMZM5G852968
Sobic.001G035300,GRMZM2G061897
Sobic.001G035000,GRMZM2G361210
Sobic.001G034700,GRMZM2G060702
Sobic.002G276900,GRMZM2G091586
Sobic.001G196100,GRMZM2G123624
Sobic.002G293400,GRMZM2G146173
Sobic.008G166050,GRMZM5G836977
Sobic.001G042500,GRMZM2G127404
Sobic.005G138300,GRMZM2G153150
Sobic.001G034600,GRMZM2G012280
Sobic.001G034500,GRMZM2G148370
Sobic.001G029300,GRMZM2G138382
Sobic.006G237000,GRMZM2G022563
Sobic.005G052700,GRMZM2G028046
Sobic.002G420600,GRMZM2G131026
Sobic.004G087600,GRMZM2G057642
Sobic.002G421300,GRMZM2G410766
Sobic.002G420800,GRMZM2G469380
Sobic.002G420900,GRMZM2G469380
Sobic.004G087700,GRMZM2G057622
Sobic.004G087800,GRMZM2G057622
Sobic.004G281000,GRMZM2G160565
Sobic.003G405700,GRMZM2G022159
Sobic.002G422300,GRMZM2G151811
Sobic.007G078100,GRMZM2G043749
Sobic.004G116400,GRMZM2G120408
Sobic.010G095600,AC212353_4_FG004
Sobic.001G398500,GRMZM5G819965
Sobic.003G093700,GRMZM2G432679
Sobic.003G106300,GRMZM2G083111
Sobic.003G106400,GRMZM2G083111
Sobic.003G106600,GRMZM2G083111
Sobic.003G106800,GRMZM2G083111
Sobic.003G107400,GRMZM2G083111
Sobic.003G107600,GRMZM2G083111
Sobic.009G214200,GRMZM5G899656
Sobic.004G058500,GRMZM2G180211
Sobic.002G242200,GRMZM2G176407
Sobic.003G222900,GRMZM2G156069
Sobic.001G023500,GRMZM2G058089
Sobic.004G287300,GRMZM2G005909
Sobic.001G023800,GRMZM2G057973
Sobic.001G473400,GRMZM2G070716
Sobic.004G296100,GRMZM2G056889
Sobic.002G268900,GRMZM2G069025
Sobic.001G056200,GRMZM2G118594
Sobic.010G078700,GRMZM2G062318
Sobic.003G343000,GRMZM2G032800
Sobic.002G122500,GRMZM2G029249
Sobic.010G001500,GRMZM2G154229
Sobic.001G298400,GRMZM2G154580
Sobic.001G298500,GRMZM2G154565
Sobic.001G472800,GRMZM2G155242
Sobic.002G297800,GRMZM2G096709
Sobic.003G317100,GRMZM2G082745
Sobic.009G180000,GRMZM2G117582
Sobic.007G223600,GRMZM2G164062
Sobic.004G111000,GRMZM2G010075
Sobic.002G297700,GRMZM2G096824
Sobic.004G111100,GRMZM2G159759
Sobic.007G132900,GRMZM2G106133
Sobic.003G389900,GRMZM2G346132
Sobic.007G200000,GRMZM2G337190
Sobic.006G242500,GRMZM2G032209
Sobic.003G238900,GRMZM2G094736
Sobic.003G238800,GRMZM2G375602
Sobic.007G078600,GRMZM2G442195
Sobic.003G389700,GRMZM2G137120
Sobic.003G375100,GRMZM2G120814
Sobic.002G420100,GRMZM2G017894
Sobic.002G213800,GRMZM2G099049
Sobic.009G017200,GRMZM2G180519
Sobic.003G419100,GRMZM2G053273
Sobic.003G213900,GRMZM2G058021
Sobic.010G123400,GRMZM2G027665
Sobic.008G108500,GRMZM5G896756
Sobic.003G375000,GRMZM2G019266
Sobic.007G139700,GRMZM2G067067
Sobic.004G256000,GRMZM5G834354
Sobic.010G209400,GRMZM2G135300
Sobic.006G149600,GRMZM2G122614
Sobic.003G419500,GRMZM2G132509
Sobic.003G213800,GRMZM2G058050
Sobic.009G017400,GRMZM5G899828
Sobic.006G160800,GRMZM2G054795
Sobic.001G106300,GRMZM2G017709
Sobic.003G374850,GRMZM2G111441
Sobic.008G108400,GRMZM2G166572
Sobic.003G419900,GRMZM2G132506
Sobic.003G374700,GRMZM2G120262
Sobic.002G409800,GRMZM2G081682
Sobic.010G042600,GRMZM2G102521
Sobic.003G025600,GRMZM2G435338
Sobic.008G108300,GRMZM2G166537
Sobic.009G017600,GRMZM2G034724
Sobic.003G420201,GRMZM2G076621
Sobic.006G132700,GRMZM2G051921
Sobic.006G132200,GRMZM2G051943
Sobic.006G132300,GRMZM2G051943
Sobic.006G132400,GRMZM2G051943
Sobic.006G132500,GRMZM2G051943
Sobic.006G132100,GRMZM2G052175
Sobic.009G017732,GRMZM2G035502
Sobic.008G016900,GRMZM2G180155
Sobic.006G126500,GRMZM2G130109
Sobic.001G382000,GRMZM2G056355
Sobic.006G131900,GRMZM2G089596
Sobic.002G214800,GRMZM2G116614
Sobic.003G134000,GRMZM2G130366
Sobic.001G382100,GRMZM2G056424
Sobic.005G115500,GRMZM2G139880
Sobic.009G077400,GRMZM2G051630
Sobic.001G382400,GRMZM2G100288
Sobic.003G254600,GRMZM2G037644
Sobic.006G184400,GRMZM2G080992
Sobic.006G131400,GRMZM2G057113
Sobic.004G302800,GRMZM5G868047
Sobic.009G015000,GRMZM5G885744
Sobic.001G399200,GRMZM2G122965
Sobic.003G260300,GRMZM5G849099
Sobic.006G131000,GRMZM5G876621
Sobic.004G202100,GRMZM2G116872
Sobic.001G399400,GRMZM2G427418
Sobic.001G464800,GRMZM2G007130
Sobic.006G266600,GRMZM2G149958
Sobic.005G047100,GRMZM2G126190
Sobic.001G399900,GRMZM2G377215
Sobic.006G247100,GRMZM2G019404
Sobic.006G115600,GRMZM2G151434
Sobic.007G192800,GRMZM2G407249
Sobic.003G021200,GRMZM2G102795
Sobic.005G157300,GRMZM2G138131
Sobic.003G127600,GRMZM2G002830
Sobic.002G358800,GRMZM2G057023
Sobic.001G056700,GRMZM2G019446
Sobic.001G485400,GRMZM2G178852
Sobic.003G005800,GRMZM2G123558
Sobic.003G020500,GRMZM5G830300
Sobic.001G343100,GRMZM2G009435
Sobic.001G343300,GRMZM2G009435
Sobic.001G343400,GRMZM2G009435
Sobic.001G343601,GRMZM2G009435
Sobic.001G343832,GRMZM2G009435
Sobic.003G127500,GRMZM2G019810
Sobic.001G061500,GRMZM2G120674
Sobic.009G164100,GRMZM2G012052
Sobic.005G017000,GRMZM2G099754
Sobic.002G360500,GRMZM2G181219
Sobic.009G135600,GRMZM2G047607
Sobic.009G112600,GRMZM2G007195
Sobic.001G428700,GRMZM2G015281
Sobic.001G402701,GRMZM2G417082
Sobic.006G246200,GRMZM2G059740
Sobic.006G246300,GRMZM2G076212
Sobic.010G033300,GRMZM5G829544
Sobic.001G402400,GRMZM2G104534
Sobic.001G402300,GRMZM2G153450
Sobic.001G057300,GRMZM2G068952
Sobic.006G012900,GRMZM2G021849
Sobic.007G065400,GRMZM2G012761
Sobic.001G151000,GRMZM2G092433
Sobic.003G248100,GRMZM2G122335
Sobic.001G057400,GRMZM2G068936
Sobic.001G061600,GRMZM2G049547
Sobic.001G370900,GRMZM2G469162
Sobic.007G166900,GRMZM5G804575
Sobic.002G029300,GRMZM2G180004
Sobic.010G081800,GRMZM2G033413
Sobic.010G088400,GRMZM2G090226
Sobic.002G090200,GRMZM2G082924
Sobic.002G090300,GRMZM2G173063
Sobic.007G022700,GRMZM2G050810
Sobic.010G088500,GRMZM2G090226
Sobic.010G088700,GRMZM2G090226
Sobic.002G253000,GRMZM2G386163
Sobic.004G350200,GRMZM2G043997
Sobic.009G062000,GRMZM5G886688
Sobic.010G103500,GRMZM2G039325
Sobic.010G079800,GRMZM2G066373
Sobic.002G394600,GRMZM2G130398
Sobic.004G228400,GRMZM2G045883
Sobic.006G267200,GRMZM2G150098
Sobic.004G198400,GRMZM2G003384
Sobic.010G260800,GRMZM2G017081
Sobic.002G067800,GRMZM2G156692
Sobic.004G228500,GRMZM2G045927
Sobic.004G228700,AC220927_3_FG001
Sobic.004G070800,GRMZM2G145500
Sobic.002G068100,GRMZM2G458665
Sobic.002G068300,GRMZM2G104505
Sobic.002G194100,GRMZM2G067752
Sobic.001G312500,GRMZM2G057768
Sobic.005G121500,GRMZM2G143373
Sobic.006G243400,GRMZM2G081886
Sobic.002G232100,GRMZM2G117217
Sobic.002G231900,GRMZM2G416625
Sobic.002G236600,GRMZM2G089850
Sobic.003G359100,GRMZM5G814089
Sobic.002G236200,GRMZM2G089501
Sobic.008G173900,GRMZM2G028700
Sobic.001G423700,GRMZM2G057646
Sobic.001G513000,GRMZM2G176523
Sobic.001G512800,GRMZM2G176397
Sobic.001G082600,GRMZM2G074501
Sobic.001G518000,GRMZM2G109566
Sobic.002G413400,GRMZM2G174204
Sobic.006G085601,GRMZM2G003720
Sobic.009G163800,GRMZM5G850966
Sobic.009G169900,AC209257_4_FG003
Sobic.003G144800,GRMZM2G454056
Sobic.001G512600,GRMZM5G891266
Sobic.004G023900,GRMZM2G370852
Sobic.001G145600,GRMZM2G039639
Sobic.001G145700,GRMZM2G039639
Sobic.003G412400,GRMZM2G392932
Sobic.003G387600,GRMZM2G096458
Sobic.002G413500,GRMZM2G174246
Sobic.001G145500,GRMZM2G039373
Sobic.003G412600,GRMZM2G092679
Sobic.004G009200,GRMZM2G163866
Sobic.004G009400,GRMZM2G163866
Sobic.004G009500,GRMZM2G163866
Sobic.009G102700,GRMZM2G156754
Sobic.006G087100,GRMZM2G021834
Sobic.004G058000,AC207043_3_FG002
Sobic.009G141800,GRMZM2G070199
Sobic.003G074400,GRMZM2G085713
Sobic.009G102900,GRMZM2G084767
Sobic.001G512500,AC155624_2_FG011
Sobic.008G140200,GRMZM2G077024
Sobic.001G099000,GRMZM2G131522
Sobic.008G030900,GRMZM5G898755
Sobic.009G187400,GRMZM2G013970
Sobic.004G259000,GRMZM2G382341
Sobic.002G323000,GRMZM2G382413
Sobic.003G267900,GRMZM2G051683
Sobic.002G414700,GRMZM2G063617
Sobic.004G258900,GRMZM2G531719
Sobic.004G258800,GRMZM2G382345
Sobic.003G074900,GRMZM2G037134
Sobic.001G412400,GRMZM2G338037
Sobic.001G118300,GRMZM2G100650
Sobic.004G310600,GRMZM2G021369
Sobic.003G075100,GRMZM2G037036
Sobic.004G328300,GRMZM2G420432
Sobic.002G350500,GRMZM2G384386
Sobic.004G259700,GRMZM2G158568
Sobic.005G074500,GRMZM2G151050
Sobic.005G074100,GRMZM2G139621
Sobic.007G187200,GRMZM2G053027
Sobic.005G088900,GRMZM2G133757
Sobic.001G444700,GRMZM2G116823
Sobic.001G444500,GRMZM2G116846
Sobic.006G097700,GRMZM2G127173
Sobic.002G121100,GRMZM2G471269
Sobic.002G121300,GRMZM2G471269
Sobic.008G032100,GRMZM2G054481
Sobic.008G032200,GRMZM2G036685
Sobic.001G244600,GRMZM2G324390
Sobic.001G357900,GRMZM2G001288
Sobic.004G047400,GRMZM2G011888
Sobic.003G327700,GRMZM2G438551
Sobic.010G017800,GRMZM5G871262
Sobic.004G082200,GRMZM2G382052
Sobic.004G082500,GRMZM2G055789
Sobic.003G255200,GRMZM2G076064
Sobic.002G041800,GRMZM2G006716
Sobic.002G042000,GRMZM2G006716
Sobic.002G042100,GRMZM2G164454
Sobic.002G042300,GRMZM2G320298
Sobic.002G042200,GRMZM2G398996
Sobic.009G026200,GRMZM5G826979
Sobic.008G118200,GRMZM2G174803
Sobic.007G216300,GRMZM2G024668
Sobic.010G108500,GRMZM2G107886
Sobic.004G259101,GRMZM2G085049
Sobic.003G197500,GRMZM2G070961
Sobic.001G300400,GRMZM2G021621
Sobic.004G185900,GRMZM2G070708
Sobic.001G213300,GRMZM2G162758
Sobic.001G456100,GRMZM2G173067
Sobic.003G296300,GRMZM2G141299
Sobic.003G214400,GRMZM2G022642
Sobic.003G126800,GRMZM5G884058
Sobic.009G225500,GRMZM2G181104
Sobic.003G403500,GRMZM2G038512
Sobic.006G139100,GRMZM2G352129
Sobic.001G300500,GRMZM2G021427
Sobic.001G300700,GRMZM2G021427
Sobic.001G010900,GRMZM2G022248
Sobic.003G230900,GRMZM2G026930
Sobic.003G231000,GRMZM2G026930
Sobic.002G308000,GRMZM2G010714
Sobic.002G255700,GRMZM2G128935
Sobic.002G256000,GRMZM2G128935
Sobic.001G433100,GRMZM2G050825
Sobic.001G434100,GRMZM2G136513
Sobic.002G256300,GRMZM2G105999
Sobic.006G073400,GRMZM2G113646
Sobic.003G252400,GRMZM2G069018
Sobic.007G167800,AC234528_1_FG005
Sobic.003G267300,AC233882_1_FG003
Sobic.003G018600,GRMZM2G386608
Sobic.002G157000,GRMZM2G110548
Sobic.001G005600,GRMZM2G047774
Sobic.004G170900,GRMZM2G088543
Sobic.002G355300,GRMZM2G022313
Sobic.001G092000,GRMZM2G377131
Sobic.003G018400,GRMZM2G386584
Sobic.003G009900,GRMZM2G170047
Sobic.003G010000,GRMZM2G170047
Sobic.003G010100,GRMZM2G170047
Sobic.003G010200,GRMZM2G170047
Sobic.003G010300,GRMZM2G170047
Sobic.007G193900,GRMZM2G114904
Sobic.001G092500,GRMZM2G131629
Sobic.001G092600,GRMZM2G128617
Sobic.010G031400,GRMZM2G131421
Sobic.010G031600,GRMZM2G131421
Sobic.010G031100,GRMZM2G147399
Sobic.010G031900,GRMZM2G147399
Sobic.010G032000,GRMZM2G147399
Sobic.010G032100,GRMZM2G147399
Sobic.001G389700,GRMZM2G128644
Sobic.004G247200,GRMZM2G385999
Sobic.007G047400,GRMZM2G474769
Sobic.007G068900,GRMZM2G134613
Sobic.004G257200,GRMZM2G452580
Sobic.004G322800,GRMZM5G848185
Sobic.003G018700,AC205574_3_FG006
Sobic.005G017500,GRMZM2G131516
Sobic.001G294300,GRMZM2G107575
Sobic.002G273200,GRMZM2G338928
Sobic.002G233000,GRMZM2G037627
Sobic.004G078600,GRMZM2G009479
Sobic.009G206800,GRMZM2G401521
Sobic.008G011000,GRMZM2G430745
Sobic.001G474100,AC166636_1_FG009
Sobic.002G232900,GRMZM2G082586
Sobic.001G408500,GRMZM2G107731
Sobic.003G209400,GRMZM2G034943
Sobic.002G232800,GRMZM2G082653
Sobic.001G234200,GRMZM2G094988
Sobic.004G264300,GRMZM2G037515
Sobic.005G125950,GRMZM2G145440
Sobic.005G126100,GRMZM2G145440
Sobic.005G126200,GRMZM2G145440
Sobic.004G002200,GRMZM2G033426
Sobic.002G119500,GRMZM2G016622
Sobic.006G231700,GRMZM2G106105
Sobic.002G365100,GRMZM2G068255
Sobic.009G141201,GRMZM2G062452
Sobic.010G230700,GRMZM2G366077
Sobic.007G224900,GRMZM2G110143
Sobic.004G326000,GRMZM2G122284
Sobic.006G187000,GRMZM2G114276
Sobic.009G134600,GRMZM2G173630
Sobic.009G084900,GRMZM2G155332
Sobic.003G427700,GRMZM2G065088
Sobic.003G427800,GRMZM2G065088
Sobic.003G427900,GRMZM2G065088
Sobic.002G030200,GRMZM2G047954
Sobic.010G077700,GRMZM2G159402
Sobic.007G069400,GRMZM2G005938
Sobic.010G230600,GRMZM2G056766
Sobic.004G115700,GRMZM2G060167
Sobic.006G049700,GRMZM2G082207
Sobic.004G234300,GRMZM2G036286
Sobic.007G187700,GRMZM2G033828
Sobic.001G141900,GRMZM2G136025
Sobic.007G224800,GRMZM2G110135
Sobic.003G259400,GRMZM2G054715
Sobic.003G116600,GRMZM2G120115
Sobic.002G139600,GRMZM2G048553
Sobic.010G053800,GRMZM2G030144
Sobic.006G104600,GRMZM2G094792
Sobic.001G042800,GRMZM2G179133
Sobic.007G033200,GRMZM2G103785
Sobic.007G033800,GRMZM2G093744
Sobic.007G179000,GRMZM2G042407
Sobic.001G436100,GRMZM2G170336
Sobic.001G035500,GRMZM2G155317
Sobic.001G254200,GRMZM2G019171
Sobic.006G156300,GRMZM2G027049
Sobic.009G254200,GRMZM2G073551
Sobic.001G469800,GRMZM2G347719
Sobic.005G018800,GRMZM2G179737
Sobic.002G276100,GRMZM2G109560
Sobic.006G185500,GRMZM2G086430
Sobic.006G191600,GRMZM2G076844
Sobic.002G076700,GRMZM2G104559
Sobic.002G239200,GRMZM2G393349
Sobic.001G254300,GRMZM2G409133
Sobic.001G254400,GRMZM2G409133
Sobic.001G254600,GRMZM2G409133
Sobic.010G200900,GRMZM2G028413
Sobic.003G072300,GRMZM2G030784
Sobic.002G054000,GRMZM2G100403
Sobic.009G148700,AC188838_3_FG005
Sobic.002G075500,GRMZM2G424832
Sobic.004G012000,GRMZM2G117012
Sobic.010G200800,GRMZM2G028604
Sobic.006G190900,GRMZM2G303118
Sobic.006G191000,GRMZM2G303118
Sobic.006G191200,GRMZM2G303118
Sobic.008G141300,GRMZM2G418223
Sobic.003G191000,GRMZM2G074097
Sobic.004G321300,GRMZM2G110333
Sobic.004G197600,GRMZM2G013324
Sobic.008G189300,GRMZM2G007381
Sobic.006G207500,GRMZM5G870080
Sobic.006G190400,GRMZM2G102059
Sobic.001G040200,GRMZM2G347043
Sobic.002G054300,GRMZM2G018074
Sobic.006G189700,GRMZM2G045398
Sobic.002G125000,GRMZM2G047368
Sobic.002G125200,GRMZM2G047368
Sobic.002G125300,GRMZM2G047368
Sobic.002G125500,GRMZM2G047368
Sobic.002G125700,GRMZM2G047368
Sobic.004G112300,GRMZM2G120001
Sobic.001G199300,GRMZM2G167787
Sobic.004G027500,GRMZM2G032267
Sobic.006G147200,GRMZM2G064631
Sobic.004G103800,GRMZM2G014444
Sobic.004G104100,GRMZM2G014444
Sobic.004G104300,GRMZM2G014444
Sobic.008G189100,GRMZM2G392791
Sobic.008G189200,GRMZM2G392791
Sobic.010G118700,GRMZM2G002617
Sobic.004G063100,GRMZM2G451882
Sobic.004G084100,GRMZM2G132095
Sobic.003G190800,GRMZM2G090619
Sobic.001G155400,GRMZM2G162931
Sobic.010G243100,GRMZM2G061485
Sobic.002G055400,GRMZM2G030350
Sobic.001G349800,GRMZM2G179792
Sobic.002G357800,GRMZM2G172657
Sobic.008G074300,GRMZM2G124974
Sobic.008G074400,GRMZM2G124974
Sobic.004G026700,GRMZM2G153144
Sobic.004G026400,GRMZM2G153178
Sobic.002G083900,GRMZM2G140352
Sobic.006G213000,GRMZM2G044800
Sobic.004G208400,GRMZM2G095299
Sobic.001G308300,GRMZM2G090029
Sobic.003G340300,GRMZM2G118441
Sobic.001G308400,GRMZM2G424595
Sobic.003G239800,GRMZM2G058655
Sobic.003G339600,GRMZM2G702036
Sobic.009G246100,GRMZM2G163883
Sobic.003G339500,GRMZM2G027375
Sobic.010G211300,GRMZM2G047376
Sobic.002G209600,GRMZM2G158636
Sobic.001G166100,GRMZM2G130016
Sobic.001G165700,GRMZM2G344521
Sobic.006G213100,GRMZM2G044629
Sobic.004G216700,GRMZM2G148453
Sobic.009G029600,GRMZM2G111579
Sobic.001G207700,GRMZM2G057451
Sobic.004G103000,GRMZM2G160370
Sobic.004G200000,GRMZM2G092743
Sobic.009G238000,GRMZM2G145556
Sobic.004G199900,GRMZM2G092780
Sobic.004G199700,GRMZM2G057184
Sobic.003G303200,GRMZM5G840538
Sobic.003G378000,GRMZM2G138176
Sobic.004G199500,GRMZM2G091160
Sobic.003G362400,GRMZM2G053801
Sobic.004G255700,GRMZM2G000280
Sobic.003G271900,GRMZM2G159924
Sobic.010G277500,AC197169_3_FG001
Sobic.007G163100,GRMZM5G833477
Sobic.007G162800,GRMZM5G852533
Sobic.004G255800,GRMZM2G468299
Sobic.010G112700,GRMZM2G031479
Sobic.001G414200,GRMZM2G396674
Sobic.009G155900,GRMZM2G131756
Sobic.001G414500,GRMZM2G338333
Sobic.004G060900,GRMZM2G335638
Sobic.009G087000,GRMZM2G062333
Sobic.002G386700,GRMZM2G158885
Sobic.001G415500,GRMZM2G171232
Sobic.004G172500,GRMZM5G814945
Sobic.004G191200,GRMZM5G870219
Sobic.003G206300,GRMZM2G055629
Sobic.003G206100,GRMZM5G866024
Sobic.003G206200,GRMZM5G866024
Sobic.003G228200,GRMZM2G014395
Sobic.003G228300,GRMZM2G014395
Sobic.003G228700,GRMZM2G014395
Sobic.001G014100,GRMZM2G301805
Sobic.009G224400,GRMZM2G113408
Sobic.003G228500,GRMZM2G014395
Sobic.003G228600,GRMZM2G176943
Sobic.008G115000,GRMZM2G130724
Sobic.001G365900,GRMZM2G156827
Sobic.002G293000,GRMZM2G042666
Sobic.002G293100,GRMZM2G042666
Sobic.002G342000,GRMZM2G107565
Sobic.003G098800,GRMZM2G152689
Sobic.006G061300,GRMZM2G093826
Sobic.006G062100,GRMZM2G093826
Sobic.009G233100,GRMZM2G317596
Sobic.009G233300,GRMZM2G022453
Sobic.006G221300,GRMZM2G002559
Sobic.004G234000,GRMZM2G335930
Sobic.004G233900,AC186565_3_FG002
Sobic.001G224400,GRMZM2G445905
Sobic.002G266000,GRMZM2G169990
Sobic.002G045100,GRMZM2G021149
Sobic.001G005000,AC203966_5_FG003
Sobic.002G241500,GRMZM2G078691
Sobic.006G062500,GRMZM2G134668
Sobic.002G045300,GRMZM2G074479
Sobic.002G265500,GRMZM2G078465
Sobic.002G265600,GRMZM2G078465
Sobic.002G265800,GRMZM2G078465
Sobic.002G265900,GRMZM2G078465
Sobic.002G353700,GRMZM2G058197
Sobic.001G004400,GRMZM2G167031
Sobic.008G124500,GRMZM2G058612
Sobic.001G387300,GRMZM2G009690
Sobic.004G262500,GRMZM2G466298
Sobic.003G161500,GRMZM2G034896
Sobic.009G125600,GRMZM2G090262
Sobic.001G398300,GRMZM2G017400
Sobic.003G154200,GRMZM2G123815
Sobic.003G154300,GRMZM2G123815
Sobic.003G154400,GRMZM2G123815
Sobic.001G398100,GRMZM2G057027
Sobic.001G398200,GRMZM2G057027
Sobic.001G397900,GRMZM2G111990
Sobic.010G229300,GRMZM2G014427
Sobic.003G119600,GRMZM2G064580
Sobic.003G119700,GRMZM2G064580
Sobic.005G195800,GRMZM5G813627
Sobic.003G153800,GRMZM2G084694
Sobic.006G212800,GRMZM2G045581
Sobic.003G083200,GRMZM2G126749
Sobic.004G088200,GRMZM2G038374
Sobic.010G234800,GRMZM2G060150
Sobic.002G263800,GRMZM2G040164
Sobic.001G024500,GRMZM2G119755
Sobic.006G058900,GRMZM2G171664
Sobic.002G264000,GRMZM2G343859
Sobic.005G143200,GRMZM2G091258
Sobic.001G162000,GRMZM2G070061
Sobic.009G111500,GRMZM2G117439
Sobic.009G111600,GRMZM2G117439
Sobic.005G159600,GRMZM2G080519
Sobic.003G273400,GRMZM2G108318
Sobic.006G059800,GRMZM2G079825
Sobic.009G105300,GRMZM2G068436
Sobic.006G278900,GRMZM5G808366
Sobic.004G338900,GRMZM2G150862
Sobic.009G031400,GRMZM2G101875
Sobic.001G046900,GRMZM2G013342
Sobic.003G113800,GRMZM5G835235
Sobic.004G305400,GRMZM2G427529
Sobic.003G345700,GRMZM2G033630
Sobic.004G030000,GRMZM2G168762
Sobic.003G221800,GRMZM2G176903
Sobic.003G222200,GRMZM2G176903
Sobic.003G222300,GRMZM2G176903
Sobic.001G047000,GRMZM2G081943
Sobic.010G205800,GRMZM2G087806
Sobic.003G313800,GRMZM5G817173
Sobic.005G039000,GRMZM2G164182
Sobic.003G387100,GRMZM2G017077
Sobic.001G121200,GRMZM2G704032
Sobic.003G225100,GRMZM2G377609
Sobic.002G061600,GRMZM2G458494
Sobic.006G095400,GRMZM2G105608
Sobic.006G159000,GRMZM2G153268
Sobic.001G120900,GRMZM2G144744
Sobic.005G022400,GRMZM2G464037
Sobic.005G023800,GRMZM2G068112
Sobic.005G023900,GRMZM2G068112
Sobic.007G011400,GRMZM2G057436
Sobic.006G120800,GRMZM2G045005
Sobic.003G072500,GRMZM2G100898
Sobic.002G252100,GRMZM2G168269
Sobic.004G014000,GRMZM2G156824
Sobic.001G047900,GRMZM2G009901
Sobic.004G235200,GRMZM5G862663
Sobic.003G052400,GRMZM2G150838
Sobic.001G018500,GRMZM2G704150
Sobic.006G213700,GRMZM2G005107
Sobic.006G213800,GRMZM2G005107
Sobic.001G048100,GRMZM2G046231
Sobic.008G033400,GRMZM2G004445
Sobic.003G225200,GRMZM5G856738
Sobic.004G234900,GRMZM2G012269
Sobic.010G079300,GRMZM2G038928
Sobic.006G214000,GRMZM2G005310
Sobic.004G353300,GRMZM2G014793
Sobic.005G085200,GRMZM5G870077
Sobic.005G085600,GRMZM5G870077
Sobic.004G353500,GRMZM2G145061
Sobic.002G119600,GRMZM2G034288
Sobic.009G043000,GRMZM2G017419
Sobic.003G284300,GRMZM2G059753
Sobic.003G052500,GRMZM2G094224
Sobic.004G272100,GRMZM2G162529
Sobic.004G198600,GRMZM2G051079
Sobic.002G238500,GRMZM2G464985
Sobic.001G127800,GRMZM2G091964
Sobic.002G320600,GRMZM2G360949
Sobic.006G164200,GRMZM2G051179
Sobic.006G164300,GRMZM2G051179
Sobic.002G320200,GRMZM2G180082
Sobic.010G157300,GRMZM2G480106
Sobic.006G124400,GRMZM2G044989
Sobic.005G086300,GRMZM2G122187
Sobic.001G450700,GRMZM2G118485
Sobic.003G141800,GRMZM2G170388
Sobic.001G302200,GRMZM2G114772
Sobic.001G198200,GRMZM2G063679
Sobic.004G295300,GRMZM2G056762
Sobic.001G302000,GRMZM2G114667
Sobic.003G386000,GRMZM2G086845
Sobic.001G386900,GRMZM2G309363
Sobic.004G025400,GRMZM2G156983
Sobic.004G295100,GRMZM2G056908
Sobic.005G134301,GRMZM2G009348
Sobic.005G134400,GRMZM2G009348
Sobic.005G135000,GRMZM2G009510
Sobic.005G135400,GRMZM2G009510
Sobic.003G307700,GRMZM2G152461
Sobic.006G166400,GRMZM2G123373
Sobic.004G024800,GRMZM2G099827
Sobic.004G024700,GRMZM2G175137
Sobic.004G338400,GRMZM2G168371
Sobic.003G194600,GRMZM2G177693
Sobic.001G063300,GRMZM2G121228
Sobic.001G381800,GRMZM2G075262
Sobic.009G228000,GRMZM2G085849
Sobic.004G024200,GRMZM2G029087
Sobic.003G308100,GRMZM2G454081
Sobic.001G063500,GRMZM2G329181
Sobic.003G408500,GRMZM2G092112
Sobic.009G155200,GRMZM2G000836
Sobic.010G251100,GRMZM2G116034
Sobic.004G079800,GRMZM2G130064
Sobic.003G331100,GRMZM2G139688
Sobic.007G217400,GRMZM2G080652
Sobic.003G122900,GRMZM2G431306
Sobic.003G123000,GRMZM2G431306
Sobic.005G040900,GRMZM2G055643
Sobic.001G063900,GRMZM2G135011
Sobic.003G206600,GRMZM2G055578
Sobic.004G231800,GRMZM2G159554
Sobic.001G064500,GRMZM2G134917
Sobic.003G330500,GRMZM2G445100
Sobic.002G118700,GRMZM2G025231
Sobic.009G009400,GRMZM2G096680
Sobic.009G009500,GRMZM2G096680
Sobic.009G009600,GRMZM2G096680
Sobic.009G009700,GRMZM2G096680
Sobic.009G009800,GRMZM2G096680
Sobic.006G254600,GRMZM2G046968
Sobic.006G254900,GRMZM2G047448
Sobic.003G186700,GRMZM2G017086
Sobic.004G153200,GRMZM2G012690
Sobic.003G386200,GRMZM2G109464
Sobic.001G296500,GRMZM2G079031
Sobic.003G420500,GRMZM2G476000
Sobic.001G064600,GRMZM2G433557
Sobic.002G044000,GRMZM2G143330
Sobic.001G479900,GRMZM2G410623
Sobic.001G478700,GRMZM2G113401
Sobic.002G357900,GRMZM2G172726
Sobic.001G356500,GRMZM5G883601
Sobic.003G227000,AC198725_4_FG004
Sobic.009G008900,GRMZM5G821787
Sobic.006G218400,GRMZM2G165007
Sobic.006G218600,GRMZM2G165007
Sobic.003G227100,AC198725_4_FG007
Sobic.001G390300,GRMZM2G152891
Sobic.002G391400,GRMZM2G427954
Sobic.002G391900,GRMZM2G451097
Sobic.007G094400,GRMZM2G360615
Sobic.006G218700,GRMZM2G165060
Sobic.001G064900,GRMZM2G414540
Sobic.003G337500,GRMZM2G382350
Sobic.004G233200,GRMZM2G055204
Sobic.006G219000,GRMZM2G124560
Sobic.010G165500,GRMZM2G366146
Sobic.004G080100,GRMZM2G093359
Sobic.004G265900,GRMZM2G147450
Sobic.003G110400,GRMZM2G134149
Sobic.004G244500,GRMZM2G163325
Sobic.009G243900,GRMZM2G114592
Sobic.006G219100,GRMZM2G107711
Sobic.003G243900,GRMZM2G003526
Sobic.001G360000,GRMZM2G107196
Sobic.003G244200,GRMZM2G070360
Sobic.001G197400,GRMZM2G082484
Sobic.001G411300,AC217300_3_FG005
Sobic.004G080000,GRMZM2G151755
Sobic.003G260700,GRMZM2G106028
Sobic.001G402050,GRMZM2G455828
Sobic.004G080400,GRMZM2G070068
Sobic.002G194600,GRMZM2G074672
Sobic.001G359800,GRMZM2G026417
Sobic.002G419100,GRMZM2G080048
Sobic.009G167900,GRMZM2G088361
Sobic.003G400200,GRMZM2G166548
Sobic.002G347900,GRMZM2G335259
Sobic.003G400600,GRMZM2G180406
Sobic.007G067400,GRMZM2G087111
Sobic.007G067600,GRMZM2G087111
Sobic.007G067616,GRMZM2G087111
Sobic.007G066600,GRMZM2G087111
Sobic.007G066508,GRMZM2G087111
Sobic.007G066816,GRMZM2G087111
Sobic.007G067000,GRMZM2G087111
Sobic.007G066908,GRMZM2G087111
Sobic.001G084600,GRMZM2G031138
Sobic.001G084700,GRMZM2G031138
Sobic.001G434700,GRMZM2G019260
Sobic.001G010300,GRMZM2G058511
Sobic.002G376100,GRMZM2G121573
Sobic.008G058900,GRMZM2G157168
Sobic.008G059000,GRMZM2G157168
Sobic.008G059200,GRMZM2G157168
Sobic.008G059400,GRMZM2G413943
Sobic.008G059100,GRMZM2G433162
Sobic.003G400800,GRMZM2G153991
Sobic.006G193000,GRMZM2G146847
Sobic.002G419700,GRMZM2G349655
Sobic.003G400900,GRMZM2G080487
Sobic.003G401000,GRMZM2G146697
Sobic.006G211701,GRMZM2G345700
Sobic.001G434800,GRMZM2G097788
Sobic.006G211600,GRMZM2G093632
Sobic.006G211200,GRMZM2G049487
Sobic.003G301000,GRMZM2G324886
Sobic.001G397700,GRMZM2G010000
Sobic.003G300800,GRMZM2G022679
Sobic.009G232700,GRMZM2G020928
Sobic.010G086200,GRMZM2G110929
Sobic.006G115700,GRMZM5G816457
Sobic.003G038100,GRMZM2G048012
Sobic.002G348500,GRMZM2G061232
Sobic.004G327500,GRMZM2G017868
Sobic.003G043300,GRMZM2G083418
Sobic.003G038500,GRMZM5G877308
Sobic.006G210800,GRMZM5G870342
Sobic.007G171500,GRMZM2G158479
Sobic.010G178800,GRMZM2G176029
Sobic.003G269200,GRMZM2G126853
Sobic.010G057900,GRMZM2G173849
Sobic.003G269100,GRMZM2G057283
Sobic.001G204900,GRMZM2G350225
Sobic.001G205350,GRMZM2G449133
Sobic.001G205700,GRMZM2G449133
Sobic.003G055800,GRMZM2G048022
Sobic.001G077400,GRMZM2G376661
Sobic.001G009800,GRMZM2G011923
Sobic.001G077300,GRMZM2G072553
Sobic.009G182800,GRMZM2G175870
Sobic.001G367301,AC204530_4_FG006
Sobic.003G031200,GRMZM2G068352
Sobic.001G367000,GRMZM2G115921
Sobic.001G139300,GRMZM2G176235
Sobic.001G139800,GRMZM2G018414
Sobic.003G373100,GRMZM2G081652
Sobic.002G164800,GRMZM2G130910
Sobic.006G214400,GRMZM2G102346
Sobic.004G110200,GRMZM2G098925
Sobic.004G110300,GRMZM2G163539
Sobic.002G270700,GRMZM2G116514
Sobic.004G339600,GRMZM2G058289
Sobic.002G273100,GRMZM2G338916
Sobic.009G030300,GRMZM2G086303
Sobic.009G234300,GRMZM2G165679
Sobic.001G297500,GRMZM5G813892
Sobic.002G272900,GRMZM2G041462
Sobic.001G014800,GRMZM2G016892
Sobic.003G039400,GRMZM2G083810
Sobic.003G222800,GRMZM2G156126
Sobic.006G053800,GRMZM2G477837
Sobic.009G122000,GRMZM2G132442
Sobic.001G498300,GRMZM2G075958
Sobic.002G272800,GRMZM2G110500
Sobic.001G206100,AC208440_3_FG003
Sobic.001G040100,GRMZM2G347056
Sobic.003G368100,AC155610_2_FG007
Sobic.001G219400,GRMZM2G081515
Sobic.002G305000,GRMZM2G369340
Sobic.008G113300,GRMZM2G171006
Sobic.009G074500,GRMZM2G116029
Sobic.008G132800,GRMZM2G030408
Sobic.003G218600,GRMZM2G134234
Sobic.001G455000,GRMZM2G163129
Sobic.010G045966,AC231745_1_FG004
Sobic.003G408400,GRMZM2G092214
Sobic.002G355500,GRMZM2G178839
Sobic.002G304900,GRMZM2G180724
Sobic.004G212700,GRMZM2G052341
Sobic.009G181700,GRMZM2G140805
Sobic.002G186900,GRMZM2G009030
Sobic.001G079200,GRMZM2G156800
Sobic.006G115466,GRMZM2G151418
Sobic.003G395000,AC209810_3_FG002
Sobic.002G393400,GRMZM2G013652
Sobic.004G110700,GRMZM2G105498
Sobic.001G079500,GRMZM2G400714
Sobic.007G202600,GRMZM2G449123
Sobic.001G080000,GRMZM5G892361
Sobic.002G270000,GRMZM2G017013
Sobic.001G080100,GRMZM2G047422
Sobic.003G359600,GRMZM2G125411
Sobic.003G103400,GRMZM2G057150
Sobic.003G304200,GRMZM2G160520
Sobic.009G085100,GRMZM2G147243
Sobic.008G190700,GRMZM2G475897
Sobic.005G033000,GRMZM5G891282
Sobic.001G146100,GRMZM2G108861
Sobic.004G305000,GRMZM2G323013
Sobic.001G293800,GRMZM2G007939
Sobic.001G208300,GRMZM2G104012
Sobic.003G353300,GRMZM2G064948
Sobic.001G141600,GRMZM2G055037
Sobic.009G195200,GRMZM2G120173
Sobic.001G294000,GRMZM2G155422
Sobic.003G351900,AC209784_3_FG011
Sobic.009G195000,GRMZM2G120151
Sobic.002G401500,GRMZM2G152963
Sobic.002G070600,GRMZM2G178618
Sobic.003G127700,GRMZM2G040069
Sobic.003G351701,GRMZM2G463415
Sobic.006G101700,GRMZM2G049568
Sobic.007G169900,GRMZM2G319345
Sobic.007G170100,GRMZM2G319345
Sobic.007G170700,GRMZM2G319345
Sobic.007G170800,GRMZM2G319345
Sobic.004G242300,GRMZM2G031991
Sobic.001G482800,GRMZM2G343157
Sobic.003G103300,GRMZM2G056975
Sobic.001G482700,GRMZM5G838098
Sobic.001G482600,GRMZM2G445634
Sobic.001G482300,GRMZM2G445602
Sobic.004G247000,GRMZM5G872068
Sobic.002G315500,GRMZM2G044676
Sobic.002G315400,GRMZM2G342895
Sobic.001G433400,GRMZM5G860152
Sobic.003G341100,GRMZM2G148087
Sobic.004G065900,GRMZM2G120320
Sobic.002G366000,GRMZM2G131262
Sobic.003G118000,AC183319_3_FG001
Sobic.003G117800,GRMZM2G086994
Sobic.001G433700,GRMZM2G164562
Sobic.004G056900,GRMZM2G092311
Sobic.005G197100,GRMZM5G878139
Sobic.002G176000,GRMZM2G083058
Sobic.002G176100,GRMZM2G083058
Sobic.002G176200,GRMZM2G083058
Sobic.004G003700,GRMZM2G111760
Sobic.001G148600,GRMZM2G081822
Sobic.001G536100,GRMZM2G007025
Sobic.004G297700,GRMZM2G097728
Sobic.006G233300,GRMZM2G052569
Sobic.007G195701,GRMZM5G866884
Sobic.002G209900,GRMZM2G108818
Sobic.002G267800,GRMZM2G345081
Sobic.006G172900,GRMZM5G825321
Sobic.002G267700,GRMZM2G043600
Sobic.002G047700,GRMZM2G164265
Sobic.001G222300,GRMZM2G116885
Sobic.001G041900,GRMZM2G087612
Sobic.003G143900,GRMZM2G111593
Sobic.004G117600,GRMZM2G048450
Sobic.004G092500,GRMZM2G133464
Sobic.004G110400,GRMZM2G384913
Sobic.006G259900,GRMZM2G064870
Sobic.007G182900,GRMZM2G472671
Sobic.007G183000,GRMZM2G472671
Sobic.007G183050,GRMZM2G472671
Sobic.007G183100,GRMZM2G472671
Sobic.007G183200,GRMZM2G472671
Sobic.003G435800,GRMZM2G171390
Sobic.002G352100,GRMZM2G072280
Sobic.002G162400,GRMZM2G071401
Sobic.001G148500,GRMZM2G081910
Sobic.006G015900,GRMZM2G100747
Sobic.004G322600,GRMZM2G052658
Sobic.002G352200,GRMZM2G072054
Sobic.004G326600,GRMZM2G110626
Sobic.001G209200,GRMZM2G153208
Sobic.001G209300,GRMZM2G153208
Sobic.001G209400,GRMZM2G153208
Sobic.003G137100,GRMZM2G141992
Sobic.006G083700,GRMZM2G347315
Sobic.008G047700,GRMZM2G468799
Sobic.002G352501,GRMZM2G363552
Sobic.001G206700,GRMZM2G087651
Sobic.006G125500,GRMZM2G063163
Sobic.008G047600,GRMZM2G031278
Sobic.002G352700,GRMZM2G063420
Sobic.002G294200,GRMZM2G006117
Sobic.004G074200,GRMZM2G112429
Sobic.003G220700,GRMZM2G422205
Sobic.003G309300,GRMZM2G101698
Sobic.004G074900,GRMZM2G080083
Sobic.001G441800,GRMZM2G152549
Sobic.009G132600,GRMZM2G069254
Sobic.009G132800,GRMZM2G069254
Sobic.001G257300,GRMZM2G150169
Sobic.001G442300,GRMZM2G152447
Sobic.001G442000,GRMZM2G152477
Sobic.001G442200,GRMZM2G152477
Sobic.002G396700,GRMZM2G024484
Sobic.002G362700,GRMZM2G432738
Sobic.007G132300,GRMZM2G395348
Sobic.001G470400,GRMZM2G103873
Sobic.001G470100,GRMZM2G440543
Sobic.003G430900,GRMZM2G162250
Sobic.002G370800,GRMZM2G038303
Sobic.009G223300,GRMZM2G038032
Sobic.002G370700,GRMZM2G038338
Sobic.006G156100,GRMZM2G026926
Sobic.006G187600,GRMZM2G164428
Sobic.006G157500,GRMZM2G078526
Sobic.002G197600,GRMZM2G334165
Sobic.006G265600,GRMZM2G044096
Sobic.002G265200,GRMZM2G132486
Sobic.003G301300,GRMZM2G105827
Sobic.010G020300,GRMZM2G122061
Sobic.001G295400,GRMZM2G022822
Sobic.002G233800,GRMZM2G056600
Sobic.004G054500,GRMZM2G026117
Sobic.004G054600,GRMZM2G026117
Sobic.003G078200,GRMZM2G327564
Sobic.004G312300,GRMZM5G852833
Sobic.003G121000,GRMZM2G089982
Sobic.003G121100,GRMZM2G089982
Sobic.001G224800,GRMZM2G413482
Sobic.001G224900,GRMZM2G413482
Sobic.001G225300,GRMZM2G413482
Sobic.008G043300,GRMZM2G107328
Sobic.006G124200,GRMZM2G022255
Sobic.002G209200,GRMZM5G801097
Sobic.002G248400,GRMZM2G103902
Sobic.010G155000,GRMZM2G104074
Sobic.010G155100,GRMZM2G104074
Sobic.004G236500,GRMZM2G118366
Sobic.010G051500,GRMZM2G016930
Sobic.007G167900,GRMZM2G103258
Sobic.003G279200,GRMZM2G069061
Sobic.001G240000,GRMZM2G038833
Sobic.004G237000,GRMZM2G036092
Sobic.008G117100,GRMZM2G121625
Sobic.006G016600,GRMZM2G029141
Sobic.006G016800,GRMZM2G029141
Sobic.004G326900,GRMZM2G110558
Sobic.004G215000,GRMZM2G114127
Sobic.004G262000,GRMZM2G123796
Sobic.004G256200,GRMZM2G075562
Sobic.003G367100,GRMZM2G135703
Sobic.002G022400,GRMZM2G006071
Sobic.004G347900,GRMZM2G364172
Sobic.007G161600,GRMZM2G318803
Sobic.001G385800,GRMZM2G011598
Sobic.004G261800,GRMZM2G123371
Sobic.004G231400,GRMZM2G159535
Sobic.009G073900,GRMZM2G024073
Sobic.009G033800,GRMZM2G061728
Sobic.004G018500,AC196025_3_FG009
Sobic.002G279000,GRMZM2G138128
Sobic.010G093100,GRMZM2G164072
Sobic.002G347500,GRMZM2G158447
Sobic.009G010300,GRMZM2G012964
Sobic.003G135400,GRMZM2G133802
Sobic.002G285200,GRMZM5G835903
Sobic.002G346900,GRMZM2G046916
Sobic.008G086200,GRMZM2G087531
Sobic.009G187000,GRMZM2G082037
Sobic.006G218000,GRMZM2G380518
Sobic.005G038600,GRMZM2G031094
Sobic.006G217800,GRMZM2G080054
Sobic.004G088400,GRMZM2G341732
Sobic.007G004600,GRMZM2G122337
Sobic.007G004700,GRMZM2G122337
Sobic.007G004800,GRMZM2G122337
Sobic.004G249600,GRMZM2G042027
Sobic.010G184600,GRMZM2G101004
Sobic.010G184800,GRMZM2G157936
Sobic.006G100100,GRMZM2G160966
Sobic.001G377000,GRMZM2G073755
Sobic.003G341200,GRMZM2G399218
Sobic.002G367300,GRMZM2G370081
Sobic.001G251100,GRMZM2G118467
Sobic.003G341400,GRMZM2G099080
Sobic.002G367400,GRMZM2G151801
Sobic.006G081100,GRMZM2G050925
Sobic.009G228700,GRMZM2G085476
Sobic.003G130500,GRMZM2G028721
Sobic.004G216900,GRMZM2G027697
Sobic.006G147400,GRMZM2G081930
Sobic.001G430000,GRMZM2G072376
Sobic.009G033300,AC205413_4_FG003
Sobic.009G033500,GRMZM2G177792
Sobic.001G312900,GRMZM2G083173
Sobic.008G022500,GRMZM2G036918
Sobic.006G147450,GRMZM2G147256
Sobic.006G147600,GRMZM2G147256
Sobic.006G147700,GRMZM2G147268
Sobic.006G266100,GRMZM2G137596
Sobic.004G333300,GRMZM2G180419
Sobic.001G376700,GRMZM2G158662
Sobic.001G387800,GRMZM2G174696
Sobic.008G022200,GRMZM5G822449
Sobic.002G391200,GRMZM2G129935
Sobic.002G392300,GRMZM2G427903
Sobic.002G392100,GRMZM2G427937
Sobic.002G392200,GRMZM2G427937
Sobic.002G391300,GRMZM2G427954
Sobic.002G391501,GRMZM2G427954
Sobic.002G392000,GRMZM2G451097
Sobic.003G012800,GRMZM2G142179
Sobic.002G383300,GRMZM2G140288
Sobic.003G117100,GRMZM2G172956
Sobic.002G384200,GRMZM2G158130
Sobic.006G098100,GRMZM2G015610
Sobic.010G233000,GRMZM2G336065
Sobic.004G281400,GRMZM2G071277
Sobic.003G109900,GRMZM2G031239
Sobic.003G109766,GRMZM2G031364
Sobic.003G109832,GRMZM2G031364
Sobic.004G314100,GRMZM2G080452
Sobic.004G212400,GRMZM2G036590
Sobic.004G181200,GRMZM2G460958
Sobic.004G181300,GRMZM2G460958
Sobic.004G181400,GRMZM2G460958
Sobic.004G268200,GRMZM2G046909
Sobic.009G208800,GRMZM2G421791
Sobic.001G169900,GRMZM2G025731
Sobic.003G125650,GRMZM2G067511
Sobic.001G422900,GRMZM5G828820
Sobic.001G173500,GRMZM2G074193
Sobic.004G265132,GRMZM2G426213
Sobic.003G356400,GRMZM2G065598
Sobic.002G213500,GRMZM2G011463
Sobic.004G357800,GRMZM2G048470
Sobic.007G079300,GRMZM2G159002
Sobic.010G204500,GRMZM2G092975
Sobic.003G446100,GRMZM2G102174
Sobic.001G173600,GRMZM2G074254
Sobic.001G384200,GRMZM2G008501
Sobic.001G110300,GRMZM2G047372
Sobic.002G333600,GRMZM5G890190
Sobic.006G075000,GRMZM5G800014
Sobic.005G017200,GRMZM2G103281
Sobic.008G129000,GRMZM2G147724
Sobic.003G368500,GRMZM2G149639
Sobic.001G110000,GRMZM2G107540
Sobic.003G368700,GRMZM2G149662
Sobic.003G031800,GRMZM2G143723
Sobic.004G229700,GRMZM2G005384
Sobic.003G344600,GRMZM2G014720
Sobic.002G330800,GRMZM2G444075
Sobic.005G068700,GRMZM2G106119
Sobic.007G205900,GRMZM2G168849
Sobic.003G420900,GRMZM2G155334
Sobic.006G080900,GRMZM2G391511
Sobic.001G451500,GRMZM2G050514
Sobic.007G025700,GRMZM2G127328
Sobic.007G025800,GRMZM2G127338
Sobic.007G025600,GRMZM2G127342
Sobic.007G025500,GRMZM2G180659
Sobic.007G025900,GRMZM2G429322
Sobic.006G154400,GRMZM2G413887
Sobic.007G025400,GRMZM2G180625
Sobic.006G154500,GRMZM2G114153
Sobic.006G073700,GRMZM2G048793
Sobic.004G295000,GRMZM2G157982
Sobic.010G039700,GRMZM2G455192
Sobic.003G016600,GRMZM2G085176
Sobic.006G126700,GRMZM2G112072
Sobic.003G152700,GRMZM2G113391
Sobic.004G217450,GRMZM2G094602
Sobic.003G369500,GRMZM2G056495
Sobic.009G010900,GRMZM2G089575
Sobic.010G040000,GRMZM2G403151
Sobic.010G040100,GRMZM2G103179
Sobic.004G318600,GRMZM2G029780
Sobic.004G318700,GRMZM2G029780
Sobic.004G319000,GRMZM2G163749
Sobic.002G159900,GRMZM2G103047
Sobic.005G056600,GRMZM2G035843
Sobic.003G142300,GRMZM2G158700
Sobic.008G133700,GRMZM2G130149
Sobic.008G147500,GRMZM2G329655
Sobic.003G152600,GRMZM2G144189
Sobic.010G091900,GRMZM5G862101
Sobic.010G096700,GRMZM2G138771
Sobic.010G096900,GRMZM2G138771
Sobic.002G255100,GRMZM2G065868
Sobic.002G255300,GRMZM2G115901
Sobic.002G398901,GRMZM2G412296
Sobic.004G257400,GRMZM2G109039
Sobic.001G168800,GRMZM2G172506
Sobic.001G169100,GRMZM2G017047
Sobic.001G466400,GRMZM2G055101
Sobic.010G261000,GRMZM2G116140
Sobic.010G261100,GRMZM2G116140
Sobic.001G214300,GRMZM2G079428
Sobic.002G009800,GRMZM2G019879
Sobic.002G233900,GRMZM2G115304
Sobic.002G287500,GRMZM2G053223
Sobic.001G214200,GRMZM2G113781
Sobic.010G261500,GRMZM2G116243
Sobic.002G287400,GRMZM2G053298
Sobic.003G185200,GRMZM2G064031
Sobic.004G295600,GRMZM2G041839
Sobic.010G261600,GRMZM2G053500
Sobic.005G079900,GRMZM2G017940
Sobic.005G079800,GRMZM2G017865
Sobic.004G113800,GRMZM2G063882
Sobic.002G131400,GRMZM2G078424
Sobic.003G058400,GRMZM2G031040
Sobic.003G058500,GRMZM2G126446
Sobic.010G092900,AC216219_3_FG006
Sobic.001G297800,GRMZM2G013987
Sobic.002G131900,GRMZM2G088870
Sobic.010G106500,GRMZM2G176230
Sobic.009G124400,GRMZM2G014300
Sobic.003G125500,GRMZM2G368388
Sobic.001G287600,GRMZM2G001930
Sobic.003G379600,GRMZM2G144602
Sobic.001G287500,GRMZM2G001895
Sobic.001G415000,GRMZM2G026654
Sobic.003G246900,GRMZM2G121753
Sobic.001G462900,GRMZM2G004259
Sobic.003G379500,GRMZM2G368411
Sobic.003G119400,GRMZM2G069208
Sobic.001G482900,GRMZM2G045979
Sobic.003G118400,GRMZM2G132944
Sobic.002G286200,GRMZM5G897473
Sobic.006G074900,GRMZM2G128322
Sobic.003G034300,GRMZM5G870606
Sobic.008G112800,GRMZM2G401561
Sobic.010G043400,GRMZM2G105909
Sobic.003G237400,GRMZM2G064473
Sobic.003G219700,GRMZM2G094428
Sobic.007G026200,GRMZM2G057091
Sobic.001G471200,GRMZM2G003506
Sobic.004G183800,GRMZM2G101791
Sobic.002G279500,GRMZM2G111737
Sobic.007G221300,AC233867_1_FG004
Sobic.002G279300,GRMZM2G000825
Sobic.003G219800,GRMZM2G094428
Sobic.002G279100,GRMZM2G000818
Sobic.001G203400,GRMZM2G374973
Sobic.009G259600,GRMZM2G052006
Sobic.004G268100,GRMZM2G046748
Sobic.003G214900,GRMZM2G339540
Sobic.006G077300,GRMZM2G044681
Sobic.002G165140,GRMZM2G024615
Sobic.010G219100,GRMZM2G157115
Sobic.001G075400,GRMZM2G029314
Sobic.009G044900,GRMZM2G083459
Sobic.003G380400,GRMZM2G155464
Sobic.001G094500,GRMZM2G149775
Sobic.002G119700,GRMZM2G140394
Sobic.004G056400,GRMZM2G104632
Sobic.001G522900,GRMZM2G025552
Sobic.009G166801,GRMZM2G160354
Sobic.009G166900,GRMZM2G160354
Sobic.009G167000,GRMZM2G160354
Sobic.009G167100,GRMZM2G094951
Sobic.001G523200,GRMZM2G055575
Sobic.001G259000,GRMZM2G146994
Sobic.004G055700,GRMZM2G010321
Sobic.001G094300,GRMZM2G149952
Sobic.005G014500,GRMZM2G060732
Sobic.003G145400,GRMZM2G070494
Sobic.003G145100,GRMZM2G051256
Sobic.005G014600,GRMZM2G518913
Sobic.001G392800,GRMZM2G018941
Sobic.001G453900,GRMZM5G879116
Sobic.005G035000,GRMZM2G006252
Sobic.002G183900,GRMZM2G166692
Sobic.010G202600,GRMZM2G145104
Sobic.003G105000,GRMZM2G171400
Sobic.006G123000,GRMZM2G022627
Sobic.001G392600,GRMZM5G835810
Sobic.002G201400,GRMZM2G161315
Sobic.007G140900,GRMZM2G429940
Sobic.006G078400,GRMZM2G044132
Sobic.006G078500,GRMZM2G044132
Sobic.004G107900,GRMZM2G158313
Sobic.009G207000,GRMZM2G101533
Sobic.005G056000,GRMZM2G031609
Sobic.007G196800,GRMZM2G161233
Sobic.001G077000,GRMZM2G040030
Sobic.002G299600,GRMZM2G162086
Sobic.001G076800,AC234157_1_FG003
Sobic.001G076700,GRMZM5G843914
Sobic.002G242500,GRMZM2G151407
Sobic.009G151700,GRMZM2G073415
Sobic.003G071901,GRMZM2G099340
Sobic.003G130900,AC213600_3_FG002
Sobic.004G059000,GRMZM2G427838
Sobic.009G151800,GRMZM2G334216
Sobic.001G346500,GRMZM2G046480
Sobic.001G425000,GRMZM2G160237
Sobic.009G257200,GRMZM2G051055
Sobic.001G024700,GRMZM2G119755
Sobic.007G059900,GRMZM2G106590
Sobic.001G403400,GRMZM2G029543
Sobic.001G403500,GRMZM2G030016
Sobic.001G335400,GRMZM2G067371
Sobic.002G386200,GRMZM2G459663
Sobic.001G403700,GRMZM2G032182
Sobic.001G410100,GRMZM2G017792
Sobic.004G335600,GRMZM2G096690
Sobic.001G335000,GRMZM2G074102
Sobic.009G041600,GRMZM2G039857
Sobic.010G099800,GRMZM2G408703
Sobic.004G336000,GRMZM2G536644
Sobic.004G181600,GRMZM2G113453
Sobic.004G181700,GRMZM2G113453
Sobic.003G151600,AC199526_5_FG002
Sobic.007G156101,GRMZM2G386460
Sobic.004G116100,GRMZM2G018403
Sobic.001G051200,GRMZM2G096486
Sobic.004G116000,GRMZM2G092154
Sobic.009G217300,GRMZM2G174971
Sobic.001G410200,GRMZM2G137839
Sobic.003G411600,GRMZM2G031528
Sobic.001G050800,GRMZM2G176630
Sobic.001G050500,GRMZM2G176774
Sobic.004G272800,GRMZM2G027741
Sobic.003G411400,GRMZM2G336909
Sobic.006G162000,GRMZM5G860469
Sobic.004G006700,GRMZM2G074957
Sobic.004G272900,GRMZM2G376067
Sobic.006G162200,GRMZM2G109244
Sobic.008G020500,AC197146_3_FG001
Sobic.006G162800,GRMZM2G404973
Sobic.006G082200,GRMZM2G458879
Sobic.001G290500,GRMZM2G169080
Sobic.008G021000,GRMZM2G127416
Sobic.003G193800,GRMZM2G061723
Sobic.001G492100,GRMZM2G063304
Sobic.009G049300,GRMZM2G153250
Sobic.003G293000,AC207427_3_FG005
Sobic.010G267500,GRMZM2G000171
Sobic.006G075600,GRMZM2G079323
Sobic.007G046100,GRMZM2G123886
Sobic.007G046200,GRMZM5G806309
Sobic.005G153600,GRMZM2G136771
Sobic.005G153500,GRMZM2G138392
Sobic.001G539500,GRMZM2G109725
Sobic.001G378400,GRMZM2G318767
Sobic.001G540200,GRMZM2G458423
Sobic.002G177400,GRMZM2G001652
Sobic.009G137200,GRMZM2G010302
Sobic.001G390800,GRMZM2G174284
Sobic.003G108700,GRMZM2G132936
Sobic.003G027300,GRMZM2G357124
Sobic.003G228000,GRMZM2G129860
Sobic.003G228100,GRMZM2G129860
Sobic.005G130800,GRMZM2G307715
Sobic.002G377100,GRMZM2G086856
Sobic.003G182300,GRMZM2G035785
Sobic.007G005500,GRMZM2G098174
Sobic.002G296200,GRMZM2G142013
Sobic.002G377300,GRMZM2G109843
Sobic.004G146500,GRMZM5G829738
Sobic.006G001100,GRMZM2G318681
Sobic.003G359800,GRMZM2G125522
Sobic.002G202700,GRMZM2G125653
Sobic.006G161000,GRMZM2G133854
Sobic.010G223700,GRMZM2G170148
Sobic.003G273600,GRMZM2G008645
Sobic.006G110300,GRMZM5G869350
Sobic.002G412700,GRMZM2G041328
Sobic.001G471300,GRMZM2G003506
Sobic.001G471400,GRMZM2G003506
Sobic.007G154500,GRMZM2G055968
Sobic.001G509500,GRMZM2G046932
Sobic.001G509901,GRMZM2G062946
Sobic.001G510000,GRMZM2G062946
Sobic.001G510400,GRMZM2G062946
Sobic.001G510300,GRMZM2G323830
Sobic.001G510500,GRMZM2G474258
Sobic.006G207900,GRMZM2G040920
Sobic.003G210900,GRMZM2G480607
Sobic.001G083400,GRMZM2G330218
Sobic.006G207600,GRMZM2G040493
Sobic.002G210300,GRMZM2G072406
Sobic.002G210401,GRMZM2G072406
Sobic.002G210200,GRMZM2G071959
Sobic.001G340500,GRMZM2G083642
Sobic.001G491100,GRMZM2G091921
Sobic.001G403300,GRMZM2G144224
Sobic.003G345100,GRMZM2G122280
Sobic.002G250400,GRMZM2G001645
Sobic.006G222400,GRMZM2G012628
Sobic.002G277300,GRMZM2G085948
Sobic.003G275700,AC195154_3_FG004
Sobic.003G112800,EF517601_1_FG012
Sobic.009G107600,GRMZM2G423898
Sobic.009G108300,GRMZM2G423898
Sobic.001G371800,GRMZM2G467072
Sobic.003G011000,GRMZM2G159307
Sobic.001G371900,GRMZM2G169890
Sobic.006G126100,GRMZM2G093720
Sobic.006G247700,GRMZM2G036297
Sobic.009G203400,GRMZM2G345798
Sobic.009G203500,GRMZM2G432801
Sobic.004G079100,GRMZM2G087719
Sobic.010G220100,GRMZM2G090849
Sobic.009G234700,GRMZM2G101515
Sobic.001G194300,GRMZM5G880435
Sobic.007G118600,GRMZM2G106703
Sobic.004G294900,GRMZM2G119485
Sobic.003G432100,GRMZM2G138342
Sobic.002G202300,GRMZM5G837058
Sobic.003G432000,GRMZM2G138338
Sobic.007G004500,GRMZM2G040296
Sobic.003G431700,GRMZM2G059083
Sobic.002G225900,GRMZM2G096268
Sobic.007G004200,GRMZM2G039895
Sobic.010G101500,GRMZM2G000623
Sobic.007G051200,GRMZM2G171229
Sobic.003G254100,GRMZM2G078926
Sobic.007G051000,GRMZM2G171236
Sobic.010G104400,GRMZM2G063765
Sobic.010G064700,GRMZM2G409974
Sobic.001G301300,GRMZM2G405622
Sobic.003G220200,GRMZM2G061681
Sobic.001G512300,GRMZM2G018417
Sobic.002G395600,GRMZM2G301947
Sobic.002G396000,GRMZM2G356894
Sobic.003G119500,GRMZM2G151671
Sobic.009G065600,GRMZM2G108714
Sobic.009G191000,GRMZM2G368448
Sobic.009G192000,GRMZM2G049091
Sobic.007G135700,GRMZM2G166687
Sobic.009G192300,GRMZM5G883392
Sobic.004G303200,GRMZM2G066885
Sobic.002G210700,GRMZM2G137676
Sobic.002G211700,GRMZM2G138727
Sobic.009G229800,GRMZM2G079832
Sobic.004G243800,GRMZM2G078725
Sobic.001G526200,GRMZM2G159431
Sobic.004G309800,GRMZM2G178910
Sobic.004G020000,GRMZM2G144282
Sobic.004G310300,GRMZM2G015401
Sobic.004G019600,GRMZM2G064988
Sobic.006G075500,GRMZM2G369742
Sobic.003G424950,GRMZM2G039867
Sobic.009G131300,GRMZM2G108057
Sobic.001G388400,GRMZM2G018678
Sobic.010G257600,GRMZM2G135756
Sobic.003G266500,GRMZM2G122296
Sobic.003G266600,GRMZM2G122296
Sobic.001G389000,GRMZM2G030272
Sobic.001G166300,GRMZM2G341460
Sobic.001G166401,GRMZM2G341460
Sobic.001G166500,GRMZM2G341460
Sobic.004G265600,GRMZM2G147377
Sobic.003G422900,GRMZM2G030902
Sobic.009G124800,GRMZM2G135909
Sobic.004G018900,GRMZM2G046615
Sobic.004G019000,GRMZM2G046615
Sobic.004G019100,GRMZM2G046615
Sobic.004G019300,GRMZM2G046615
Sobic.004G019400,GRMZM2G046615
Sobic.004G019550,GRMZM2G046615
Sobic.003G151900,GRMZM2G104394
Sobic.003G152100,GRMZM2G104394
Sobic.003G152000,GRMZM2G107228
Sobic.003G152200,GRMZM2G107228
Sobic.002G204600,GRMZM2G093731
Sobic.003G054100,GRMZM2G459861
Sobic.001G475500,GRMZM2G164527
Sobic.006G179200,GRMZM2G138886
Sobic.001G166200,GRMZM2G045678
Sobic.004G260500,GRMZM2G161794
Sobic.001G475400,GRMZM2G464393
Sobic.003G394400,GRMZM2G025414
Sobic.006G178800,GRMZM2G041506
Sobic.003G421500,GRMZM2G065585
Sobic.003G422000,GRMZM2G125032
Sobic.003G422100,GRMZM2G433365
Sobic.003G422200,GRMZM2G433365
Sobic.003G394100,GRMZM2G127754
Sobic.001G474500,GRMZM2G015571
Sobic.009G076500,GRMZM2G148964
Sobic.009G076550,GRMZM2G148964
Sobic.010G218300,GRMZM2G103805
Sobic.006G147500,GRMZM2G147241
Sobic.003G282100,GRMZM2G079897
Sobic.003G282200,GRMZM2G079897
Sobic.006G138500,GRMZM2G055957
Sobic.003G282000,GRMZM2G079904
Sobic.008G142700,GRMZM2G139328
Sobic.008G142900,GRMZM2G139324
Sobic.008G143000,GRMZM2G139324
Sobic.003G158000,AC212775_1_FG004
Sobic.002G257900,GRMZM5G806833
Sobic.003G049800,GRMZM2G096240
Sobic.010G224000,GRMZM2G313162
Sobic.002G218500,GRMZM2G095763
Sobic.003G360100,GRMZM2G116114
Sobic.003G050400,GRMZM2G054559
Sobic.004G219500,AC193492_3_FG003
Sobic.006G128500,GRMZM2G021560
Sobic.004G339500,GRMZM2G150984
Sobic.002G353900,GRMZM2G004694
Sobic.002G354100,GRMZM2G064437
Sobic.002G354200,GRMZM2G110018
Sobic.002G354000,GRMZM2G302604
Sobic.002G353800,GRMZM2G104204
Sobic.002G304100,GRMZM2G455085
Sobic.001G183000,GRMZM2G152419
Sobic.007G019800,GRMZM2G125138
Sobic.009G182200,GRMZM2G090300
Sobic.003G008600,GRMZM2G153181
Sobic.006G264700,AC190682_3_FG014
Sobic.003G008500,GRMZM2G153138
Sobic.001G501300,GRMZM2G703490
Sobic.009G246300,GRMZM2G163861
Sobic.001G421500,GRMZM2G110309
Sobic.004G270800,GRMZM5G861093
Sobic.004G247400,GRMZM2G090609
Sobic.003G136500,GRMZM2G001451
Sobic.002G332400,GRMZM2G492220
Sobic.004G247600,GRMZM2G090419
Sobic.002G332300,GRMZM2G019916
Sobic.001G501100,GRMZM2G086163
Sobic.001G451400,GRMZM2G128613
Sobic.001G501000,GRMZM2G086072
Sobic.001G500900,GRMZM2G122816
Sobic.009G059500,GRMZM2G063253
Sobic.002G276400,GRMZM5G879570
Sobic.003G204300,GRMZM2G111132
Sobic.001G477700,GRMZM2G106017
Sobic.002G081100,GRMZM2G472052
Sobic.002G220700,GRMZM2G088874
Sobic.009G067000,GRMZM2G023232
Sobic.009G066900,GRMZM2G361605
Sobic.003G235000,GRMZM2G088299
Sobic.002G227200,GRMZM2G076802
Sobic.003G234900,GRMZM2G032244
Sobic.003G294500,GRMZM2G010306
Sobic.002G227300,GRMZM2G076778
Sobic.004G202500,GRMZM2G179308
Sobic.001G418700,GRMZM2G048482
Sobic.004G220500,GRMZM2G170692
Sobic.004G220600,GRMZM2G170692
Sobic.004G220700,GRMZM2G170692
Sobic.001G526600,GRMZM2G070047
Sobic.001G526300,GRMZM2G159427
Sobic.004G078000,GRMZM2G063851
Sobic.001G102200,GRMZM2G481184
Sobic.010G250100,GRMZM2G043348
Sobic.004G177600,GRMZM2G337749
Sobic.002G113800,GRMZM2G051771
Sobic.006G166300,GRMZM2G123387
Sobic.006G112100,GRMZM2G050435
Sobic.003G246700,GRMZM5G868273
Sobic.009G166200,GRMZM5G804893
Sobic.003G149200,GRMZM2G072890
Sobic.003G149100,GRMZM2G099003
Sobic.004G320800,GRMZM2G098058
Sobic.001G533400,GRMZM2G077669
Sobic.001G533300,GRMZM2G077760
Sobic.004G278300,GRMZM2G057717
Sobic.002G384700,GRMZM2G090414
Sobic.002G385100,GRMZM2G090414
Sobic.002G313800,GRMZM2G134545
Sobic.004G260600,GRMZM2G056252
Sobic.004G260800,GRMZM2G056252
Sobic.001G390500,GRMZM2G138814
Sobic.002G314000,GRMZM2G700265
Sobic.001G259300,GRMZM2G024680
Sobic.007G012900,GRMZM2G073495
Sobic.006G239300,GRMZM5G882708
Sobic.002G128200,GRMZM2G095562
Sobic.002G125900,GRMZM2G044720
Sobic.006G239100,GRMZM2G023921
Sobic.002G385300,GRMZM2G017145
Sobic.003G407900,GRMZM2G119650
Sobic.007G012700,GRMZM2G015793
Sobic.005G025500,GRMZM2G171644
Sobic.004G261500,GRMZM2G180930
Sobic.004G261600,GRMZM2G480620
Sobic.005G139700,GRMZM2G441541
Sobic.006G163000,GRMZM2G104166
Sobic.007G198300,GRMZM2G329909
Sobic.007G198100,GRMZM2G386209
Sobic.004G036900,GRMZM2G097275
Sobic.004G037100,GRMZM2G023798
Sobic.004G037200,GRMZM2G023798
Sobic.003G265200,GRMZM2G169654
Sobic.009G171000,GRMZM5G869403
Sobic.009G171200,GRMZM2G468535
Sobic.009G032500,GRMZM2G350819
Sobic.001G099800,GRMZM2G164088
Sobic.001G099900,GRMZM2G164085
Sobic.003G211200,GRMZM2G071977
Sobic.010G266900,GRMZM2G417435
Sobic.003G396000,GRMZM2G077809
Sobic.010G266300,GRMZM2G075844
Sobic.003G395600,GRMZM2G139822
Sobic.003G393900,GRMZM2G057823
Sobic.009G184300,GRMZM2G020016
Sobic.006G116300,GRMZM2G124079
Sobic.001G146000,GRMZM2G108766
Sobic.005G047500,GRMZM2G374629
Sobic.004G145701,GRMZM2G377600
Sobic.004G145801,GRMZM2G377600
Sobic.001G252401,GRMZM2G093708
Sobic.002G372200,GRMZM2G116426
Sobic.002G371400,GRMZM2G393671
Sobic.005G164700,GRMZM2G032419
Sobic.001G145900,GRMZM2G398423
Sobic.003G150600,GRMZM2G164134
Sobic.003G150700,GRMZM2G164134
Sobic.002G229700,GRMZM2G072669
Sobic.004G272400,GRMZM2G067242
Sobic.008G135200,GRMZM2G138419
Sobic.002G218600,GRMZM2G429658
Sobic.001G396400,GRMZM2G038015
Sobic.003G345400,GRMZM2G173542
Sobic.006G121100,GRMZM2G163471
Sobic.001G168400,GRMZM2G081915
Sobic.006G252100,GRMZM2G061672
Sobic.008G051400,GRMZM2G118214
Sobic.008G051700,GRMZM2G324131
Sobic.006G251800,GRMZM2G009783
Sobic.008G082700,GRMZM2G035305
Sobic.001G449700,GRMZM2G002178
Sobic.007G131900,GRMZM2G135949
Sobic.001G284900,GRMZM2G057690
Sobic.006G251500,GRMZM2G150496
Sobic.001G436200,GRMZM2G170336
Sobic.001G449500,GRMZM2G469304
Sobic.008G135000,GRMZM2G077851
Sobic.008G134900,GRMZM2G376727
Sobic.002G156100,GRMZM2G099086
Sobic.003G003000,GRMZM5G825437
Sobic.001G381200,GRMZM2G049211
Sobic.007G218000,GRMZM2G113911
Sobic.003G051100,GRMZM2G010693
Sobic.001G295900,GRMZM2G392477
Sobic.001G219800,GRMZM2G107629
Sobic.009G005900,GRMZM2G110378
Sobic.009G006100,GRMZM2G110378
Sobic.005G153800,GRMZM2G149739
Sobic.009G167800,GRMZM2G088409
Sobic.005G091500,GRMZM2G358791
Sobic.003G380200,GRMZM2G011479
Sobic.003G380000,GRMZM2G011731
Sobic.003G395300,GRMZM2G004014
Sobic.007G137600,GRMZM2G161245
Sobic.001G392300,GRMZM2G385931
Sobic.004G117800,GRMZM2G109315
Sobic.003G253800,GRMZM2G062154
Sobic.010G030100,GRMZM2G106276
Sobic.010G030200,GRMZM2G134260
Sobic.003G335200,GRMZM2G157929
Sobic.002G386400,GRMZM2G158835
Sobic.003G334700,GRMZM2G009849
Sobic.009G200200,GRMZM2G001304
Sobic.001G120000,GRMZM2G057374
Sobic.003G334600,GRMZM2G312201
Sobic.002G083800,GRMZM2G431900
Sobic.007G018100,GRMZM2G092465
Sobic.007G018200,GRMZM2G173428
Sobic.003G334100,GRMZM2G312244
Sobic.003G096000,GRMZM2G089365
Sobic.010G018300,GRMZM2G304528
Sobic.004G266800,GRMZM2G417229
Sobic.006G091500,GRMZM2G536350
Sobic.008G044000,GRMZM2G031656
Sobic.004G266900,GRMZM2G145599
Sobic.004G186900,GRMZM2G404693
Sobic.008G156300,GRMZM2G398107
Sobic.001G297000,GRMZM2G365134
Sobic.003G023000,GRMZM2G051043
Sobic.006G100700,GRMZM2G703021
Sobic.008G149800,GRMZM2G335438
Sobic.001G016900,GRMZM2G118014
Sobic.006G095600,GRMZM2G104843
Sobic.006G134400,GRMZM2G134951
Sobic.004G325600,GRMZM2G080930
Sobic.006G134200,GRMZM2G178005
Sobic.006G134100,GRMZM2G135277
Sobic.004G228200,GRMZM2G170008
Sobic.005G208950,GRMZM2G106336
Sobic.005G209100,GRMZM2G106336
Sobic.005G209200,GRMZM2G106336
Sobic.005G209300,GRMZM2G106336
Sobic.005G209000,GRMZM2G106356
Sobic.010G154700,GRMZM2G056078
Sobic.010G041700,GRMZM2G028594
Sobic.006G134001,GRMZM2G022974
Sobic.003G036400,GRMZM2G093050
Sobic.002G011700,GRMZM2G026083
Sobic.002G012200,GRMZM2G026189
Sobic.002G011500,GRMZM2G101513
Sobic.002G011800,GRMZM2G101513
Sobic.002G011900,GRMZM2G101527
Sobic.002G013400,GRMZM2G101527
Sobic.001G183100,AC217264_3_FG005
Sobic.002G014400,GRMZM2G043383
Sobic.007G192100,GRMZM2G083551
Sobic.001G115500,GRMZM5G881950
Sobic.004G273000,GRMZM2G060834
Sobic.009G013400,GRMZM2G055717
Sobic.009G012400,GRMZM2G076329
Sobic.009G012500,GRMZM2G076329
Sobic.009G012600,GRMZM2G076329
Sobic.001G042200,GRMZM2G004459
Sobic.007G212900,GRMZM2G445684
Sobic.007G216600,GRMZM2G170299
Sobic.009G203100,GRMZM5G846097
Sobic.006G138000,GRMZM2G086371
Sobic.009G203200,GRMZM2G043943
Sobic.004G227500,GRMZM2G420469
Sobic.007G192200,GRMZM2G083725
Sobic.001G237700,GRMZM2G076597
Sobic.001G086400,GRMZM2G087095
Sobic.004G205100,GRMZM2G176307
Sobic.001G086300,GRMZM2G021781
Sobic.007G176900,GRMZM2G175779
Sobic.001G086000,GRMZM5G826714
Sobic.001G086200,GRMZM5G826714
Sobic.009G098900,GRMZM2G136236
Sobic.006G146800,GRMZM2G032694
Sobic.006G191700,GRMZM2G120724
Sobic.009G084500,GRMZM2G030123
Sobic.006G146500,GRMZM2G032602
Sobic.001G085400,GRMZM2G090422
Sobic.006G084000,GRMZM2G111603
Sobic.006G083800,GRMZM2G057006
Sobic.001G358800,GRMZM2G092888
Sobic.004G295500,GRMZM5G816314
Sobic.004G295700,GRMZM5G842961
Sobic.001G212000,GRMZM2G113167
Sobic.001G212100,GRMZM2G113167
Sobic.009G199300,GRMZM2G386674
Sobic.004G069850,GRMZM2G132358
Sobic.004G070000,GRMZM2G132358
Sobic.001G211900,GRMZM2G160752
Sobic.001G210300,GRMZM2G418833
Sobic.001G210500,GRMZM2G418833
Sobic.010G076400,GRMZM2G086906
Sobic.002G341300,GRMZM2G103276
Sobic.007G207900,GRMZM2G124638
Sobic.001G301400,GRMZM2G405622
Sobic.010G196600,GRMZM2G354190
Sobic.010G197000,GRMZM2G179941
Sobic.009G182400,GRMZM2G389301
Sobic.001G206200,GRMZM2G036455
Sobic.006G242000,GRMZM2G166281
Sobic.001G458200,GRMZM2G130987
Sobic.004G031800,GRMZM2G171354
Sobic.008G169400,GRMZM2G081158
Sobic.004G286700,GRMZM2G113238
Sobic.004G113600,GRMZM2G442404
Sobic.002G274000,GRMZM2G132032
Sobic.002G074000,GRMZM2G432642
Sobic.002G273900,GRMZM2G074472
Sobic.003G305100,GRMZM5G898597
Sobic.001G443000,GRMZM2G465595
Sobic.006G273000,GRMZM2G086876
Sobic.004G106900,GRMZM2G069542
Sobic.004G298200,GRMZM2G171406
Sobic.007G053300,GRMZM2G099352
Sobic.005G025700,GRMZM2G171660
Sobic.010G273700,GRMZM2G389557
Sobic.008G083200,GRMZM2G088140
Sobic.004G034400,GRMZM2G109268
Sobic.004G222600,GRMZM2G153332
Sobic.010G191100,GRMZM2G378653
Sobic.007G065800,GRMZM2G071390
Sobic.007G066932,GRMZM2G087111
Sobic.007G067300,GRMZM2G087111
Sobic.007G067350,GRMZM2G087111
Sobic.003G225600,GRMZM2G011347
Sobic.001G199200,GRMZM2G167824
Sobic.009G187200,GRMZM2G082037
Sobic.009G159900,GRMZM2G125976
Sobic.009G190500,GRMZM2G305115
Sobic.002G090500,GRMZM2G358059
Sobic.006G138300,GRMZM2G065899
Sobic.009G160000,GRMZM2G061906
Sobic.003G225900,GRMZM2G180699
Sobic.006G272800,GRMZM2G386643
Sobic.006G272200,GRMZM2G058966
Sobic.006G092300,GRMZM2G107129
Sobic.010G028100,GRMZM2G115124
Sobic.010G028200,GRMZM2G115124
Sobic.001G176000,GRMZM2G171118
Sobic.001G176100,GRMZM2G171118
Sobic.001G175300,GRMZM2G110328
Sobic.002G390100,GRMZM2G114575
Sobic.003G369900,GRMZM2G077279
Sobic.004G306100,GRMZM2G313027
Sobic.001G230900,GRMZM5G809265
Sobic.010G186100,GRMZM2G004090
Sobic.004G305800,GRMZM2G371795
Sobic.001G249100,GRMZM2G012611
Sobic.003G249300,GRMZM2G024348
Sobic.006G142200,GRMZM2G173289
Sobic.001G333100,GRMZM2G030805
Sobic.004G305700,GRMZM2G129118
Sobic.002G389600,GRMZM2G082318
Sobic.004G339200,GRMZM2G150932
Sobic.002G389400,GRMZM2G477325
Sobic.002G388800,GRMZM2G150907
Sobic.002G388900,GRMZM2G150907
Sobic.002G389000,GRMZM2G150907
Sobic.009G157000,GRMZM2G463718
Sobic.010G040900,GRMZM2G005339
Sobic.001G518800,GRMZM2G092813
Sobic.002G389100,GRMZM2G150907
Sobic.004G079200,GRMZM2G129987
Sobic.007G201100,GRMZM2G067049
Sobic.007G108700,GRMZM2G081251
Sobic.003G217100,GRMZM2G020140
Sobic.001G493500,GRMZM2G123986
Sobic.010G265300,GRMZM2G158136
Sobic.001G493600,GRMZM2G037912
Sobic.002G392400,GRMZM2G071628
Sobic.006G260400,GRMZM2G010257
Sobic.007G201800,GRMZM2G084149
Sobic.006G095900,GRMZM2G408038
Sobic.003G155900,GRMZM5G835530
Sobic.009G218000,GRMZM2G174906
Sobic.009G217900,GRMZM2G174741
Sobic.008G013800,GRMZM2G104655
Sobic.008G157200,GRMZM2G069410
Sobic.001G464600,GRMZM5G872264
Sobic.003G370700,GRMZM2G129428
Sobic.002G230600,GRMZM2G140614
Sobic.003G333400,GRMZM2G155321
Sobic.001G131900,GRMZM2G147145
Sobic.007G147600,GRMZM2G059138
Sobic.007G147700,GRMZM2G400156
Sobic.007G147800,GRMZM2G460861
Sobic.007G148700,GRMZM2G029527
Sobic.005G030300,GRMZM2G055538
Sobic.001G132100,GRMZM2G146965
Sobic.009G001500,GRMZM2G087570
Sobic.006G240700,GRMZM2G174784
Sobic.008G107500,GRMZM2G143765
Sobic.001G132900,GRMZM2G388911
Sobic.004G279700,GRMZM2G011006
Sobic.002G309600,GRMZM2G138230
Sobic.003G258400,GRMZM2G150160
Sobic.001G297200,GRMZM2G148074
Sobic.006G184100,GRMZM2G128179
Sobic.003G258800,GRMZM2G085078
Sobic.006G184300,GRMZM2G081032
Sobic.003G187400,GRMZM2G078826
Sobic.003G003450,GRMZM2G175218
Sobic.003G138900,GRMZM2G322186
Sobic.003G139000,GRMZM2G322186
Sobic.003G160700,GRMZM2G095039
Sobic.001G094800,GRMZM2G159285
Sobic.001G081400,GRMZM2G098822
Sobic.001G345600,GRMZM2G311656
Sobic.001G345700,GRMZM2G311656
Sobic.001G345800,GRMZM2G311656
Sobic.002G397600,GRMZM2G161544
Sobic.009G235700,GRMZM2G160460
Sobic.009G235900,GRMZM2G160460
Sobic.009G235600,GRMZM2G160504
Sobic.003G281400,GRMZM2G025860
Sobic.002G380500,GRMZM2G025281
Sobic.001G397600,GRMZM2G013957
Sobic.004G225400,GRMZM2G178603
Sobic.001G193600,GRMZM2G450498
Sobic.003G043700,GRMZM2G120296
Sobic.007G162100,GRMZM2G148896
Sobic.004G287700,GRMZM2G165601
Sobic.001G196500,GRMZM2G703918
Sobic.009G133500,GRMZM2G546452
Sobic.001G406800,GRMZM2G053669
Sobic.002G250100,AC234526_1_FG005
Sobic.002G250200,AC234526_1_FG005
Sobic.002G250000,GRMZM5G860241
Sobic.006G108400,GRMZM2G102499
Sobic.004G090100,GRMZM2G112855
Sobic.010G201388,GRMZM5G803308
Sobic.001G338400,AC177908_3_FG002
Sobic.001G333600,GRMZM2G086992
Sobic.001G405900,GRMZM2G094388
Sobic.003G104700,GRMZM2G053319
Sobic.003G104200,AC226235_2_FG003
Sobic.002G361600,GRMZM2G008712
Sobic.010G180800,AC189879_3_FG003
Sobic.004G011000,GRMZM2G160996
Sobic.001G147000,GRMZM2G447176
Sobic.003G097200,GRMZM2G123830
Sobic.005G020300,GRMZM2G339336
Sobic.003G312200,GRMZM2G038953
Sobic.010G180400,GRMZM2G406603
Sobic.004G309500,GRMZM2G152703
Sobic.006G102500,GRMZM2G442523
Sobic.006G101900,GRMZM5G843141
Sobic.006G102800,GRMZM5G843141
Sobic.001G216600,GRMZM2G131723
Sobic.004G309300,GRMZM2G102959
Sobic.003G312400,GRMZM2G078576
Sobic.003G076500,GRMZM2G020772
Sobic.009G215300,GRMZM2G093503
Sobic.007G122600,AC217910_3_FG006
Sobic.004G216400,GRMZM2G148301
Sobic.009G215400,GRMZM2G093441
Sobic.004G239500,GRMZM2G140651
Sobic.008G063500,GRMZM2G009048
Sobic.002G274500,GRMZM2G135783
Sobic.002G275000,GRMZM2G179021
Sobic.003G034700,GRMZM2G132069
Sobic.007G092200,GRMZM2G101900
Sobic.002G245000,GRMZM2G181378
Sobic.008G186400,GRMZM2G093809
Sobic.010G249200,GRMZM2G058479
Sobic.003G048500,GRMZM5G830695
Sobic.006G106900,GRMZM2G083888
Sobic.003G034600,GRMZM2G132116
Sobic.004G286500,GRMZM2G141503
Sobic.009G006300,GRMZM2G454424
Sobic.009G006400,GRMZM2G454424
Sobic.009G135800,GRMZM2G025074
Sobic.003G102500,GRMZM2G013471
Sobic.004G278400,GRMZM5G874697
Sobic.002G244300,GRMZM2G174799
Sobic.003G139900,GRMZM2G133646
Sobic.004G276500,GRMZM2G126580
Sobic.001G176200,GRMZM2G086138
Sobic.004G279000,GRMZM2G057789
Sobic.008G113100,GRMZM2G365888
Sobic.004G186300,GRMZM2G052699
Sobic.003G132100,GRMZM2G043109
Sobic.007G173700,GRMZM2G143878
Sobic.006G198700,GRMZM2G014534
Sobic.004G220400,GRMZM2G029048
Sobic.001G467000,GRMZM2G007188
Sobic.003G190100,GRMZM2G093032
Sobic.004G107400,AC211190_4_FG001
Sobic.003G190400,GRMZM2G022090
Sobic.004G107500,GRMZM2G178356
Sobic.001G466900,GRMZM2G007347
Sobic.004G284100,GRMZM2G404631
Sobic.003G055500,GRMZM2G116053
Sobic.003G085600,GRMZM2G129777
Sobic.007G151100,GRMZM2G148281
Sobic.010G194300,GRMZM2G122447
Sobic.003G110100,GRMZM2G328893
Sobic.008G132300,GRMZM2G166159
Sobic.005G208600,GRMZM2G106377
Sobic.005G208700,GRMZM2G106377
Sobic.005G208801,GRMZM2G106377
Sobic.005G208900,GRMZM2G106377
Sobic.005G210000,GRMZM2G106377
Sobic.001G107400,GRMZM2G019806
Sobic.001G107500,GRMZM2G019267
Sobic.003G402300,GRMZM2G145346
Sobic.003G402400,GRMZM2G145374
Sobic.002G398500,GRMZM2G317535
Sobic.003G301700,GRMZM2G394973
Sobic.001G196600,GRMZM2G031572
Sobic.001G196700,GRMZM2G031572
Sobic.001G300800,GRMZM2G342246
Sobic.001G300900,GRMZM2G342246
Sobic.002G094600,GRMZM2G177631
Sobic.004G177300,GRMZM5G886785
Sobic.009G188000,GRMZM2G313011
Sobic.002G056900,AC148167_6_FG001
Sobic.002G057200,AC148167_6_FG001
Sobic.010G255700,GRMZM2G347721
Sobic.002G057900,GRMZM2G144653
Sobic.002G058100,GRMZM2G150091
Sobic.004G297900,GRMZM2G097851
Sobic.009G136400,AC209636_2_FG003
Sobic.009G136300,GRMZM2G363116
Sobic.001G009300,GRMZM2G112609
Sobic.009G183700,GRMZM2G089136
Sobic.001G283200,GRMZM5G868757
Sobic.005G163700,GRMZM2G381744
Sobic.001G404100,GRMZM2G058138
Sobic.007G212300,GRMZM2G142597
Sobic.003G058300,GRMZM2G336574
Sobic.001G008500,GRMZM2G422649
Sobic.003G037500,GRMZM2G176489
Sobic.001G427800,GRMZM2G161452
Sobic.001G427900,GRMZM2G151521
Sobic.002G255200,GRMZM2G144275
Sobic.001G007600,GRMZM2G176612
Sobic.009G228500,AC195860_3_FG006
Sobic.002G204300,GRMZM2G416184
Sobic.009G015100,GRMZM2G109821
Sobic.002G142500,GRMZM2G061562
Sobic.001G253600,GRMZM2G104024
Sobic.001G078700,GRMZM2G108865
Sobic.001G372900,GRMZM2G052206
Sobic.004G307800,GRMZM2G163776
Sobic.009G201800,GRMZM2G060505
Sobic.004G307700,GRMZM2G101613
Sobic.006G250500,GRMZM2G388823
Sobic.006G251000,GRMZM2G017654
Sobic.008G101800,GRMZM2G115579
Sobic.008G101850,GRMZM2G115579
Sobic.006G012400,GRMZM2G077150
Sobic.004G284800,GRMZM5G878530
Sobic.007G153400,GRMZM2G050556
Sobic.007G169100,GRMZM5G804772
Sobic.003G366000,GRMZM2G434098
Sobic.003G139300,GRMZM2G119894
Sobic.002G299300,GRMZM2G162893
Sobic.006G236700,GRMZM2G072850
Sobic.003G073000,GRMZM2G100881
Sobic.001G031800,GRMZM2G045921
Sobic.003G262100,GRMZM2G031993
Sobic.001G432200,GRMZM2G474289
Sobic.010G072400,GRMZM2G167594
Sobic.007G142500,GRMZM2G146948
Sobic.003G350300,GRMZM2G007300
Sobic.001G070500,GRMZM2G017290
Sobic.004G115000,GRMZM2G064638
Sobic.007G169700,GRMZM2G015344
Sobic.006G239000,GRMZM5G892758
Sobic.003G202100,GRMZM2G498418
Sobic.003G243600,GRMZM5G814314
Sobic.001G201400,GRMZM2G129007
Sobic.001G201500,GRMZM2G129007
Sobic.006G238500,AC207008_3_FG005
Sobic.001G201000,GRMZM5G880280
Sobic.006G197800,GRMZM2G131280
Sobic.001G085100,GRMZM2G123732
Sobic.006G197200,GRMZM2G090332
Sobic.006G197100,GRMZM2G300111
Sobic.006G196900,GRMZM2G702943
Sobic.001G384700,GRMZM2G003424
Sobic.003G155400,GRMZM2G038356
Sobic.003G136600,GRMZM2G017520
Sobic.001G179100,GRMZM2G012119
Sobic.007G062500,GRMZM2G126471
Sobic.003G226800,GRMZM2G089525
Sobic.003G146300,GRMZM2G134113
Sobic.001G179000,GRMZM2G013600
Sobic.001G456500,GRMZM2G098714
Sobic.009G160200,GRMZM2G053610
Sobic.006G255300,GRMZM2G034840
Sobic.009G213800,GRMZM2G121229
Sobic.003G296200,GRMZM2G167283
Sobic.004G232800,GRMZM2G160211
Sobic.001G178500,GRMZM2G146818
Sobic.009G160600,GRMZM2G150471
Sobic.009G160800,GRMZM2G059285
Sobic.009G161000,GRMZM2G059285
Sobic.001G177800,GRMZM2G027451
Sobic.002G314300,AC189750_4_FG004
Sobic.007G155050,GRMZM2G113165
Sobic.007G155100,GRMZM2G113165
Sobic.007G155200,GRMZM2G113165
Sobic.007G154800,GRMZM2G113191
Sobic.007G154901,GRMZM2G113191
Sobic.007G155000,GRMZM2G113191
Sobic.004G203900,AC205703_4_FG006
Sobic.001G173300,GRMZM2G073725
Sobic.002G245300,GRMZM2G176430
Sobic.002G245400,GRMZM2G176430
Sobic.010G172100,GRMZM2G098988
Sobic.001G090800,GRMZM2G173852
Sobic.004G232600,GRMZM2G160231
Sobic.001G091300,GRMZM2G025906
Sobic.010G223200,GRMZM2G110408
Sobic.002G327800,GRMZM2G021624
Sobic.002G328400,GRMZM2G021624
Sobic.002G328900,GRMZM2G021624
Sobic.002G327700,GRMZM2G431018
Sobic.002G305100,GRMZM2G062910
Sobic.010G104100,GRMZM2G307823
Sobic.006G100332,GRMZM2G470882
Sobic.006G100400,GRMZM2G470882
Sobic.001G258500,GRMZM2G070825
Sobic.001G258600,GRMZM2G070825
Sobic.010G223300,GRMZM2G110646
Sobic.002G308900,GRMZM2G406643
Sobic.002G309000,GRMZM2G406643
Sobic.010G187100,GRMZM2G015040
Sobic.001G488700,GRMZM2G034302
Sobic.002G141700,GRMZM2G074531
Sobic.002G141300,GRMZM2G050550
Sobic.009G215200,GRMZM2G394827
Sobic.009G050700,GRMZM2G009845
Sobic.003G086800,GRMZM2G067205
Sobic.009G212400,GRMZM2G115049
Sobic.003G186800,GRMZM2G046681
Sobic.003G115100,GRMZM2G091119
Sobic.003G348600,GRMZM2G126083
Sobic.003G348700,GRMZM2G126083
Sobic.001G202700,GRMZM5G826174
Sobic.007G042300,GRMZM2G154328
Sobic.001G085200,GRMZM2G123714
Sobic.003G394500,GRMZM2G025404
Sobic.002G218300,GRMZM2G027519
Sobic.010G262100,GRMZM2G108741
Sobic.007G028700,GRMZM2G060057
Sobic.002G348000,GRMZM2G034779
Sobic.010G236900,GRMZM2G477846
Sobic.001G066100,GRMZM2G115516
Sobic.010G236500,GRMZM2G141858
Sobic.001G508900,GRMZM2G149257
Sobic.001G065500,GRMZM5G888196
Sobic.010G213400,AC208023_3_FG001
Sobic.003G272700,GRMZM2G091494
Sobic.001G082800,GRMZM2G147596
Sobic.001G082900,GRMZM2G008072
Sobic.001G508400,GRMZM2G054111
Sobic.001G083100,GRMZM2G166999
Sobic.006G015600,GRMZM2G140299
Sobic.001G237300,GRMZM2G008290
Sobic.001G118400,GRMZM2G025648
Sobic.001G330300,GRMZM2G105935
Sobic.007G077001,GRMZM2G020054
Sobic.007G077100,GRMZM2G020054
Sobic.007G077200,GRMZM2G020054
Sobic.007G077300,GRMZM2G020054
Sobic.001G406100,AC208201_3_FG001
Sobic.002G161700,GRMZM2G064197
Sobic.001G116700,GRMZM2G022859
Sobic.006G181600,GRMZM2G069525
Sobic.004G097000,GRMZM2G104366
Sobic.004G097100,GRMZM2G453575
Sobic.001G082500,GRMZM2G039278
Sobic.001G082200,GRMZM2G069722
Sobic.001G121700,GRMZM2G469224
Sobic.003G317600,GRMZM2G563190
Sobic.002G358600,GRMZM2G151649
Sobic.009G165500,GRMZM2G115398
Sobic.001G186200,GRMZM5G803556
Sobic.006G177700,GRMZM2G027891
Sobic.006G178200,GRMZM2G101333
Sobic.001G187200,GRMZM2G083091
Sobic.001G203700,GRMZM2G429928
Sobic.003G262400,GRMZM2G436804
Sobic.008G038600,GRMZM2G020446
Sobic.008G056100,GRMZM2G402493
Sobic.009G165900,GRMZM2G066432
Sobic.001G203900,GRMZM2G131769
Sobic.001G436500,GRMZM2G179907
Sobic.001G437000,GRMZM2G035552
Sobic.002G254200,GRMZM2G012891
Sobic.001G437100,GRMZM2G110004
Sobic.001G395100,GRMZM2G121871
Sobic.004G083100,GRMZM2G117872
Sobic.009G031200,GRMZM2G101926
Sobic.004G083200,GRMZM2G452633
Sobic.003G326600,AC213654_3_FG005
Sobic.004G275500,GRMZM2G111146
Sobic.003G326500,GRMZM2G139329
Sobic.004G275200,GRMZM2G004548
Sobic.004G274900,GRMZM2G120076
Sobic.007G134000,AC217050_4_FG006
Sobic.001G474300,AC166636_1_FG007
Sobic.008G013300,GRMZM2G104638
Sobic.006G205700,GRMZM2G091118
Sobic.006G205500,GRMZM2G091191
Sobic.006G206000,GRMZM2G071907
Sobic.001G477900,GRMZM5G821686
Sobic.003G392200,GRMZM2G045433
Sobic.003G391900,GRMZM2G059108
Sobic.001G076000,GRMZM2G477314
Sobic.010G022400,GRMZM2G171395
Sobic.007G119900,GRMZM2G015642
Sobic.001G075700,GRMZM2G028151
Sobic.002G293200,GRMZM2G077463
Sobic.006G172400,GRMZM2G162319
Sobic.006G172200,GRMZM2G462261
Sobic.002G216100,GRMZM2G431288
Sobic.001G449300,GRMZM2G180023
Sobic.007G176800,GRMZM2G175818
Sobic.001G449100,GRMZM2G180044
Sobic.001G204501,GRMZM5G822098
Sobic.008G037300,GRMZM2G338454
Sobic.004G256500,GRMZM2G029186
Sobic.003G354500,GRMZM2G042295
Sobic.001G410700,AC202041_4_FG003
Sobic.002G124700,GRMZM2G014914
Sobic.001G394400,GRMZM2G124532
Sobic.004G255400,GRMZM2G029029
Sobic.004G256600,GRMZM2G029029
Sobic.008G139500,GRMZM2G017170
Sobic.001G524000,GRMZM2G176558
Sobic.006G264201,GRMZM2G039996
Sobic.006G094600,GRMZM2G021464
Sobic.007G020700,GRMZM2G034404
Sobic.004G203500,AC205703_4_FG002
Sobic.001G535800,GRMZM2G137366
Sobic.007G043600,GRMZM2G063322
Sobic.006G264500,GRMZM2G068177
Sobic.006G166500,GRMZM2G425211
Sobic.002G090800,GRMZM2G127412
Sobic.003G138400,GRMZM2G327349
Sobic.003G043400,GRMZM2G083518
Sobic.001G534800,GRMZM2G137236
Sobic.006G094900,GRMZM2G314110
Sobic.003G376500,GRMZM2G480548
Sobic.006G095000,GRMZM2G021319
Sobic.003G376100,GRMZM2G078500
Sobic.003G376300,GRMZM2G078500
Sobic.001G349400,GRMZM2G382717
Sobic.004G065600,GRMZM2G057328
Sobic.003G376000,GRMZM5G830545
Sobic.003G014300,GRMZM2G114044
Sobic.006G013500,GRMZM2G367367
Sobic.001G354200,GRMZM2G311036
Sobic.001G354400,GRMZM2G311036
Sobic.001G352400,GRMZM2G107499
Sobic.001G450400,GRMZM2G344416
Sobic.001G450600,GRMZM2G025123
Sobic.001G288100,GRMZM2G094168
Sobic.004G288600,AC209208_3_FG001
Sobic.009G063100,GRMZM2G137849
Sobic.008G147900,GRMZM2G131907
Sobic.009G205100,GRMZM2G004795
Sobic.006G271800,GRMZM2G058948
Sobic.003G257600,GRMZM2G022052
Sobic.007G087000,GRMZM2G103287
Sobic.003G203400,GRMZM2G366935
Sobic.006G206500,GRMZM5G868433
Sobic.006G206900,GRMZM5G868433
Sobic.003G234200,GRMZM2G121878
Sobic.003G234500,GRMZM2G121878
Sobic.003G234400,GRMZM2G348512
Sobic.009G030200,GRMZM5G832409
Sobic.003G079100,GRMZM2G169152
Sobic.003G234800,GRMZM2G047961
Sobic.006G207000,GRMZM2G401339
Sobic.006G207100,GRMZM2G401339
Sobic.005G016600,GRMZM2G415955
Sobic.005G016700,GRMZM2G415955
Sobic.004G033000,GRMZM2G062552
Sobic.003G188500,GRMZM2G015364
Sobic.001G266400,GRMZM2G163751
Sobic.004G179700,GRMZM2G121525
Sobic.001G145200,GRMZM2G369130
Sobic.005G123500,GRMZM2G015976
Sobic.001G301500,GRMZM2G176595
Sobic.001G301600,GRMZM2G176595
Sobic.001G301000,GRMZM2G405622
Sobic.001G370300,GRMZM2G101689
Sobic.001G370100,GRMZM2G101744
Sobic.003G117300,GRMZM2G038606
Sobic.001G369000,GRMZM5G885628
Sobic.003G117500,GRMZM2G332259
Sobic.001G293700,GRMZM2G054507
Sobic.010G011000,GRMZM2G083716
Sobic.010G011200,GRMZM2G083716
Sobic.002G283000,GRMZM2G307437
Sobic.005G029100,GRMZM2G140047
Sobic.004G192400,GRMZM2G459166
Sobic.007G186000,GRMZM2G452523
Sobic.010G115700,GRMZM2G438129
Sobic.010G275150,GRMZM2G036991
Sobic.003G415100,GRMZM2G017404
Sobic.003G415000,AC184112_4_FG010
Sobic.003G414800,AC184112_4_FG010
Sobic.003G414900,AC184112_4_FG010
Sobic.007G136100,GRMZM2G160560
Sobic.002G428200,GRMZM2G056569
Sobic.003G362200,AC199554_2_FG003
Sobic.010G113300,AC225716_2_FG003
Sobic.010G113500,AC225716_2_FG003
Sobic.010G113600,AC225716_2_FG003
Sobic.010G113700,AC225716_2_FG003
Sobic.001G477600,GRMZM2G053627
Sobic.002G428100,GRMZM2G056733
Sobic.006G070298,GRMZM2G119689
Sobic.006G070564,GRMZM2G119689
Sobic.006G070830,GRMZM2G119689
Sobic.003G095800,GRMZM2G110834
Sobic.001G477400,GRMZM2G398848
Sobic.001G477100,GRMZM2G117491
Sobic.006G069000,GRMZM2G146395
Sobic.001G411900,GRMZM2G154883
Sobic.010G118800,GRMZM2G175243
Sobic.009G166100,GRMZM2G066575
Sobic.003G085700,GRMZM2G032107
Sobic.009G138500,GRMZM2G121487
Sobic.002G372500,GRMZM2G030578
Sobic.006G219600,GRMZM2G000039
Sobic.009G195800,GRMZM2G176519
Sobic.001G471900,GRMZM2G071292
Sobic.003G087600,GRMZM2G162709
Sobic.006G090500,GRMZM2G072955
Sobic.010G198500,AC233863_1_FG002
Sobic.010G198600,AC233863_1_FG002
Sobic.010G198700,AC233863_1_FG002
Sobic.010G198800,AC233863_1_FG002
Sobic.003G375900,GRMZM5G830545
Sobic.001G472200,GRMZM2G326869
Sobic.001G109300,GRMZM2G150166
Sobic.009G191600,GRMZM2G060170
Sobic.007G179800,GRMZM2G122064
Sobic.003G195300,GRMZM5G862956
Sobic.002G002500,GRMZM2G020281
Sobic.006G093900,GRMZM2G028640
Sobic.003G195000,GRMZM2G463032
Sobic.002G319200,GRMZM2G180027
Sobic.007G183300,GRMZM2G019050
Sobic.002G303600,GRMZM2G117612
Sobic.002G303500,GRMZM2G117603
Sobic.004G205000,GRMZM2G031496
Sobic.002G259700,GRMZM2G128121
Sobic.007G192500,GRMZM2G136523
Sobic.009G132900,GRMZM2G306345
Sobic.006G096900,GRMZM2G046402
Sobic.009G148300,GRMZM2G077621
Sobic.005G168500,GRMZM2G079155
Sobic.008G080700,GRMZM2G341379
Sobic.002G423800,GRMZM2G061922
Sobic.006G199400,GRMZM2G038714
Sobic.006G199800,GRMZM2G038722
Sobic.006G049300,GRMZM2G027272
Sobic.009G243800,GRMZM2G030274
Sobic.003G058900,GRMZM5G816228
Sobic.003G027800,GRMZM2G055089
Sobic.006G192800,GRMZM2G016705
Sobic.003G027500,GRMZM2G055334
Sobic.002G005300,GRMZM2G420733
Sobic.002G005400,GRMZM2G420733
Sobic.002G005500,GRMZM2G420733
Sobic.002G005100,GRMZM2G420743
Sobic.001G356200,GRMZM2G056944
Sobic.003G098600,GRMZM2G375197
Sobic.002G176900,GRMZM2G053781
Sobic.002G177000,GRMZM2G053781
Sobic.001G356100,GRMZM5G815369
Sobic.009G231700,GRMZM2G031053
Sobic.009G129600,GRMZM2G100946
Sobic.006G249300,GRMZM2G056513
Sobic.008G141700,GRMZM2G480451
Sobic.008G141800,GRMZM5G832908
Sobic.006G163100,GRMZM2G131982
Sobic.004G154400,GRMZM2G307368
Sobic.007G207000,GRMZM2G169270
Sobic.006G136400,GRMZM2G157061
Sobic.004G234500,GRMZM2G335978
Sobic.006G188600,GRMZM2G426067
Sobic.007G180300,GRMZM2G164909
Sobic.001G444300,GRMZM2G096877
Sobic.004G290800,GRMZM2G110579
Sobic.004G291000,GRMZM2G110579
Sobic.006G201600,GRMZM2G180190
Sobic.007G053500,GRMZM2G055125
Sobic.002G191000,AC197029_3_FG003
Sobic.002G374400,GRMZM2G414043
Sobic.001G444200,AC209403_3_FG005
Sobic.003G153100,GRMZM2G467435
Sobic.003G153200,GRMZM2G467435
Sobic.009G223500,GRMZM2G113129
Sobic.003G343400,GRMZM2G033058
Sobic.007G137400,GRMZM2G108600
Sobic.001G384600,GRMZM2G003379
Sobic.002G350300,GRMZM2G384327
Sobic.002G350400,GRMZM2G083243
Sobic.010G015900,GRMZM2G071491
Sobic.010G015800,GRMZM2G071602
Sobic.002G344700,GRMZM2G081949
Sobic.002G344600,GRMZM2G380732
Sobic.002G343600,GRMZM2G333980
Sobic.001G290100,GRMZM5G862565
Sobic.004G340500,GRMZM5G808853
Sobic.002G343500,GRMZM2G028086
Sobic.001G057800,GRMZM2G074404
Sobic.002G343400,GRMZM5G827186
Sobic.001G058100,GRMZM2G052471
Sobic.002G330600,GRMZM2G158062
Sobic.001G058300,GRMZM2G070322
Sobic.005G013400,GRMZM2G461648
Sobic.005G013500,GRMZM2G461648
Sobic.001G373600,GRMZM2G133322
Sobic.001G058500,GRMZM2G170851
Sobic.002G343300,GRMZM5G842019
Sobic.010G185000,GRMZM2G069169
Sobic.002G259800,GRMZM5G843213
Sobic.006G140801,GRMZM2G001241
Sobic.001G052200,GRMZM2G049906
Sobic.009G134000,GRMZM2G176651
Sobic.003G137400,GRMZM2G066870
Sobic.010G084900,GRMZM2G017232
Sobic.001G481700,GRMZM2G115182
Sobic.009G211700,GRMZM2G159032
Sobic.001G196300,AC210173_4_FG005
Sobic.009G212100,GRMZM2G406674
Sobic.003G393300,GRMZM2G177220
Sobic.002G214400,GRMZM2G469409
Sobic.001G217700,GRMZM5G879665
Sobic.002G214500,GRMZM2G168020
Sobic.003G405900,GRMZM2G105531
Sobic.001G147500,GRMZM2G303426
Sobic.001G147650,GRMZM2G303426
Sobic.001G147900,GRMZM2G303426
Sobic.001G028400,GRMZM2G122045
Sobic.001G459200,GRMZM5G873926
Sobic.001G458900,GRMZM2G091543
Sobic.001G098900,GRMZM2G131525
Sobic.007G194000,GRMZM2G114841
Sobic.001G458800,GRMZM2G091563
Sobic.001G026700,GRMZM2G127309
Sobic.007G190333,GRMZM2G054252
Sobic.010G224200,GRMZM2G454449
Sobic.005G111700,GRMZM2G146514
Sobic.009G189200,GRMZM2G174730
Sobic.010G192500,GRMZM2G108149
Sobic.007G185900,GRMZM2G143644
Sobic.009G238500,GRMZM5G846057
Sobic.008G051800,GRMZM2G028432
Sobic.008G051900,GRMZM2G028432
Sobic.009G224900,GRMZM2G057388
Sobic.003G426800,GRMZM5G833593
Sobic.001G299600,GRMZM2G113098
Sobic.001G435700,GRMZM2G102347
Sobic.003G426700,GRMZM2G066005
Sobic.003G426100,GRMZM2G028556
Sobic.003G426300,GRMZM2G052625
Sobic.003G426600,GRMZM2G052625
Sobic.004G325300,GRMZM2G080843
Sobic.004G325100,GRMZM2G083788
Sobic.006G248900,GRMZM2G029113
Sobic.006G248500,GRMZM2G039532
Sobic.004G289800,AC209208_3_FG005
Sobic.007G106400,GRMZM5G800112
Sobic.002G093900,GRMZM2G144618
Sobic.004G302600,GRMZM2G068340
Sobic.006G216600,AC187212_3_FG005
Sobic.002G374100,GRMZM2G089736
Sobic.004G051100,GRMZM2G443332
Sobic.009G087800,GRMZM2G124915
Sobic.005G027400,GRMZM2G075942
Sobic.004G051000,GRMZM2G167578
Sobic.010G129700,GRMZM2G465169
Sobic.004G050700,GRMZM2G167578
Sobic.004G050600,GRMZM2G390350
Sobic.010G163600,GRMZM2G018619
Sobic.010G268400,GRMZM2G168115
Sobic.001G455900,GRMZM2G099522
Sobic.004G343700,GRMZM5G871520
Sobic.001G456000,GRMZM2G088309
Sobic.010G050100,AC197699_3_FG003
Sobic.010G053500,GRMZM2G104747
Sobic.010G049600,GRMZM2G149130
Sobic.010G049700,GRMZM2G149130
Sobic.004G342400,GRMZM2G078396
Sobic.001G386200,GRMZM2G102365
Sobic.003G274200,GRMZM2G037379
Sobic.010G251000,GRMZM2G115939
Sobic.001G124000,GRMZM5G810275
Sobic.004G293700,GRMZM2G004768
Sobic.008G130400,GRMZM2G099909
Sobic.001G124100,GRMZM2G002499
Sobic.001G124200,GRMZM2G073668
Sobic.001G230500,GRMZM2G170699
Sobic.009G016800,GRMZM2G334574
Sobic.004G285700,GRMZM2G074245
Sobic.009G107400,GRMZM2G136016
Sobic.001G125300,GRMZM2G009368
Sobic.001G125400,GRMZM2G009368
Sobic.001G125500,GRMZM2G009368
Sobic.001G125700,GRMZM2G109056
Sobic.001G125800,GRMZM2G109056
Sobic.001G125900,GRMZM2G109130
Sobic.010G008000,GRMZM2G044824
Sobic.001G463400,GRMZM2G162535
Sobic.010G008100,GRMZM2G051890
Sobic.004G342300,GRMZM5G811428
Sobic.002G256800,GRMZM2G143955
Sobic.002G256900,GRMZM2G143955
Sobic.010G154150,GRMZM2G343048
Sobic.002G390600,GRMZM2G000718
Sobic.002G084500,GRMZM2G096604
Sobic.010G015200,GRMZM5G809335
Sobic.001G445100,GRMZM2G072088
Sobic.001G293100,GRMZM2G127945
Sobic.001G293300,GRMZM2G050961
Sobic.010G278200,GRMZM2G011998
Sobic.007G125300,GRMZM2G152408
Sobic.001G421000,GRMZM2G112925
Sobic.001G421200,GRMZM2G112925
Sobic.001G420900,GRMZM2G113002
Sobic.004G070600,GRMZM2G038001
Sobic.001G420800,GRMZM2G043030
Sobic.001G420700,GRMZM2G160906
Sobic.003G136200,GRMZM2G096100
Sobic.001G422366,GRMZM2G078164
Sobic.009G229300,GRMZM2G150264
Sobic.006G002300,GRMZM2G480356
Sobic.006G064800,GRMZM2G023946
Sobic.007G156200,GRMZM2G386463
Sobic.002G017900,GRMZM2G523815
Sobic.009G050300,GRMZM5G803952
Sobic.002G019000,GRMZM2G470010
Sobic.002G019100,GRMZM2G470010
Sobic.002G019200,GRMZM2G470010
Sobic.007G002000,GRMZM2G059836
Sobic.008G167800,GRMZM2G003635
Sobic.003G241800,GRMZM2G116592
Sobic.004G201600,GRMZM2G038073
Sobic.010G128700,GRMZM2G070603
Sobic.010G128300,GRMZM2G370928
Sobic.010G128400,GRMZM2G370928
Sobic.004G201700,GRMZM2G079682
Sobic.006G246900,GRMZM2G063328
Sobic.003G303800,GRMZM2G059678
Sobic.001G220300,GRMZM2G148323
Sobic.006G247000,GRMZM2G067463
Sobic.004G188400,GRMZM2G024739
Sobic.009G200800,GRMZM2G474546
Sobic.006G245400,GRMZM2G086489
Sobic.001G108900,GRMZM2G133183
Sobic.001G109100,GRMZM2G133169
Sobic.003G157300,GRMZM2G052616
Sobic.008G168300,GRMZM2G361842
Sobic.009G143700,GRMZM2G456568
Sobic.002G341000,GRMZM2G434317
Sobic.001G435400,GRMZM2G058910
Sobic.004G068300,GRMZM2G069095
Sobic.004G068200,GRMZM2G069316
Sobic.001G280000,GRMZM2G179528
Sobic.002G155200,GRMZM2G399313
Sobic.002G155100,GRMZM2G136712
Sobic.001G438500,GRMZM2G149624
Sobic.006G275800,GRMZM5G803490
Sobic.001G438100,GRMZM2G149636
Sobic.007G179750,GRMZM2G092823
Sobic.001G075300,GRMZM2G176876
Sobic.006G276200,GRMZM5G839763
Sobic.006G276700,GRMZM2G061928
Sobic.007G045500,AC203985_4_FG001
Sobic.006G133900,GRMZM2G031398
Sobic.001G216800,GRMZM2G431412
Sobic.001G330400,GRMZM5G883760
Sobic.002G356400,GRMZM2G396397
Sobic.002G299200,GRMZM2G393455
Sobic.002G356300,GRMZM2G396402
Sobic.005G143400,GRMZM2G091433
Sobic.004G317000,GRMZM5G893117
Sobic.007G013800,GRMZM2G117961
Sobic.010G181600,GRMZM2G022275
Sobic.007G013900,GRMZM2G117984
Sobic.001G177000,GRMZM2G414192
Sobic.001G360600,GRMZM2G040515
Sobic.003G113500,EF517601_1_FG016
Sobic.010G130000,GRMZM2G047178
Sobic.007G107900,GRMZM2G078401
Sobic.002G070300,GRMZM2G457534
Sobic.002G197100,GRMZM2G061620
Sobic.006G176100,GRMZM2G036996
Sobic.001G447600,GRMZM2G091456
Sobic.001G103400,GRMZM2G359217
Sobic.001G447400,GRMZM2G126808
Sobic.006G186800,GRMZM2G080156
Sobic.004G077200,GRMZM2G309759
Sobic.007G200100,GRMZM2G337191
Sobic.004G185000,GRMZM2G127984
Sobic.001G209800,GRMZM2G093951
Sobic.001G464100,GRMZM2G110847
Sobic.001G530100,GRMZM2G087207
Sobic.004G213000,GRMZM2G142088
Sobic.006G254100,GRMZM2G062420
Sobic.003G199500,AC217499_3_FG001
Sobic.005G160500,GRMZM2G108457
Sobic.005G117400,GRMZM2G054125
Sobic.010G185300,GRMZM2G495521
Sobic.007G076800,GRMZM2G173321
Sobic.003G319000,GRMZM2G062373
Sobic.003G319600,GRMZM2G322723
Sobic.004G190500,GRMZM2G081589
Sobic.004G190100,GRMZM2G056505
Sobic.007G076200,GRMZM2G046861
Sobic.004G271700,GRMZM2G113995
Sobic.009G204100,GRMZM2G031580
Sobic.008G127500,GRMZM2G158911
Sobic.004G271600,GRMZM2G114081
Sobic.010G100700,GRMZM2G377690
Sobic.003G040900,GRMZM5G844173
Sobic.003G006300,GRMZM2G123499
Sobic.006G241300,GRMZM2G400965
Sobic.006G241200,GRMZM2G474039
Sobic.007G189000,GRMZM5G814441
Sobic.006G108832,GRMZM2G094532
Sobic.004G086600,GRMZM2G137528
Sobic.001G202600,AC213521_3_FG005
Sobic.001G202500,GRMZM5G856734
Sobic.001G202400,GRMZM5G882228
Sobic.003G041200,GRMZM2G364272
Sobic.003G402100,GRMZM2G447447
Sobic.003G402000,GRMZM2G087032
Sobic.002G267000,GRMZM2G013688
Sobic.002G267100,GRMZM2G013688
Sobic.003G045600,GRMZM2G029135
Sobic.004G182900,GRMZM2G063864
Sobic.008G030600,GRMZM2G101958
Sobic.004G211400,GRMZM2G027105
Sobic.005G145300,GRMZM2G106363
Sobic.002G360000,AC185108_3_FG010
Sobic.004G332300,GRMZM2G170434
Sobic.006G214200,GRMZM5G817886
Sobic.004G332900,GRMZM2G180430
Sobic.001G049600,GRMZM2G029396
Sobic.009G085900,GRMZM2G103945
Sobic.001G049400,GRMZM2G062394
Sobic.007G150700,GRMZM2G178924
Sobic.010G080100,GRMZM2G088053
Sobic.001G303100,GRMZM2G114906
Sobic.001G303000,GRMZM2G114893
Sobic.004G336600,GRMZM2G030523
Sobic.001G039700,GRMZM2G465553
Sobic.010G041600,GRMZM5G877388
Sobic.010G261700,GRMZM2G097683
Sobic.002G282500,GRMZM2G140811
Sobic.004G229000,GRMZM5G862331
Sobic.004G229100,GRMZM5G801076
Sobic.003G230300,GRMZM2G130354
Sobic.001G116500,GRMZM2G023289
Sobic.003G427200,GRMZM2G367026
Sobic.003G427300,GRMZM2G367026
Sobic.001G321900,GRMZM2G131853
Sobic.009G215500,GRMZM2G096389
Sobic.006G141500,GRMZM2G177853
Sobic.006G201800,GRMZM2G539821
Sobic.008G037800,GRMZM2G066496
Sobic.009G203766,GRMZM2G074361
Sobic.009G203900,GRMZM2G074361
Sobic.001G537300,GRMZM2G042250
Sobic.003G070900,GRMZM5G839422
Sobic.002G221400,GRMZM2G141031
Sobic.004G261700,GRMZM2G421899
Sobic.001G537200,GRMZM2G041881
Sobic.004G268500,GRMZM2G150363
Sobic.001G371100,GRMZM2G144995
Sobic.001G537001,GRMZM2G085872
Sobic.001G536901,GRMZM2G086242
Sobic.002G198400,GRMZM2G064628
Sobic.004G268300,GRMZM2G347836
Sobic.002G187300,AC225555_3_FG007
Sobic.008G188100,GRMZM2G067162
Sobic.010G193800,GRMZM2G151689
Sobic.001G257100,GRMZM2G173732
Sobic.001G099100,GRMZM2G147849
Sobic.009G140000,GRMZM5G881803
Sobic.009G140150,GRMZM5G881803
Sobic.009G140300,GRMZM5G881803
Sobic.006G279200,AC212859_3_FG007
Sobic.001G036900,AC225147_4_FG002
Sobic.001G037000,AC225147_4_FG003
Sobic.004G330700,GRMZM2G179633
Sobic.001G293600,GRMZM5G887922
Sobic.004G303400,GRMZM2G040924
Sobic.007G136500,GRMZM2G079123
Sobic.002G056200,GRMZM2G102075
Sobic.002G165800,GRMZM2G126170
Sobic.004G225000,GRMZM2G178517
Sobic.004G225100,GRMZM2G178517
Sobic.004G225200,GRMZM2G178517
Sobic.007G075800,GRMZM2G029552
Sobic.007G028100,GRMZM2G061186
Sobic.009G039900,GRMZM2G030403
Sobic.009G040000,GRMZM2G030403
Sobic.009G040100,GRMZM2G030403
Sobic.009G039100,GRMZM2G121111
Sobic.009G039200,GRMZM2G422083
Sobic.009G039500,GRMZM2G422083
Sobic.009G039600,GRMZM2G422083
Sobic.009G039700,GRMZM2G422083
Sobic.010G083600,GRMZM2G080103
Sobic.010G083100,GRMZM2G079949
Sobic.010G083300,GRMZM2G079949
Sobic.010G083400,GRMZM2G079949
Sobic.010G083500,GRMZM2G080044
Sobic.010G083200,GRMZM5G898880
Sobic.003G311700,GRMZM5G899168
Sobic.001G129000,GRMZM2G079668
Sobic.004G331100,GRMZM2G179662
Sobic.004G331000,GRMZM2G179658
Sobic.008G032600,GRMZM5G803318
Sobic.001G128400,GRMZM2G097164
Sobic.009G146100,GRMZM2G175676
Sobic.001G128100,GRMZM2G704021
Sobic.004G224500,GRMZM2G053236
Sobic.006G120301,GRMZM2G450445
Sobic.006G120400,GRMZM2G450445
Sobic.004G225900,GRMZM2G178509
Sobic.004G226700,GRMZM2G139858
Sobic.003G149000,GRMZM2G106462
Sobic.008G129200,GRMZM2G065205
Sobic.001G148900,GRMZM2G165747
Sobic.002G243200,GRMZM2G069651
Sobic.002G243500,GRMZM2G069651
Sobic.004G273200,GRMZM2G060837
Sobic.004G208600,GRMZM2G095147
Sobic.004G348200,GRMZM2G002124
Sobic.004G348300,GRMZM2G390076
Sobic.001G416200,GRMZM2G048154
Sobic.009G156900,GRMZM2G067122
Sobic.001G223550,GRMZM2G001812
Sobic.001G224000,GRMZM2G001812
Sobic.009G063400,GRMZM2G027723
Sobic.001G148700,GRMZM2G154151
Sobic.001G393200,GRMZM5G851485
Sobic.004G273400,GRMZM2G141975
Sobic.004G273500,GRMZM2G141975
Sobic.003G272300,GRMZM2G159948
Sobic.001G071000,GRMZM2G163251
Sobic.004G126700,GRMZM5G886185
Sobic.004G127200,GRMZM5G886185
Sobic.003G017500,GRMZM2G166612
Sobic.001G153400,GRMZM2G157470
Sobic.003G035100,GRMZM2G166721
Sobic.003G349700,GRMZM2G376061
Sobic.003G349800,GRMZM5G871592
Sobic.002G270500,GRMZM2G073504
Sobic.003G350100,GRMZM2G306258
Sobic.002G355400,GRMZM2G178829
Sobic.010G035700,GRMZM2G094510
Sobic.010G036200,GRMZM2G094510
Sobic.010G036400,GRMZM2G094510
Sobic.010G036500,GRMZM2G094510
Sobic.010G036800,GRMZM2G094510
Sobic.010G035500,GRMZM2G050971
Sobic.005G042000,GRMZM2G098520
Sobic.001G474001,GRMZM2G445296
Sobic.001G473900,GRMZM2G003466
Sobic.001G196900,GRMZM2G414727
Sobic.001G539016,GRMZM2G329177
Sobic.010G243900,GRMZM2G115914
Sobic.001G538700,GRMZM2G035377
Sobic.002G230000,GRMZM2G145146
Sobic.010G244400,GRMZM2G177894
Sobic.010G244500,GRMZM2G177863
Sobic.002G352000,GRMZM2G072500
Sobic.002G351900,GRMZM2G072506
Sobic.002G351700,GRMZM2G072526
Sobic.001G460300,GRMZM2G107774
Sobic.001G460000,GRMZM2G107854
Sobic.002G362900,GRMZM2G432796
Sobic.002G273600,GRMZM2G348685
Sobic.002G273700,GRMZM2G348685
Sobic.002G273800,GRMZM2G348685
Sobic.010G053400,GRMZM2G104747
Sobic.009G129400,GRMZM5G817395
Sobic.002G363100,GRMZM2G144030
Sobic.009G233400,GRMZM2G022619
Sobic.001G117200,GRMZM5G865999
Sobic.002G312200,GRMZM2G067624
Sobic.002G312300,GRMZM2G067624
Sobic.007G096000,GRMZM2G122330
Sobic.002G311501,GRMZM2G155911
Sobic.002G311601,GRMZM2G155911
Sobic.002G311700,GRMZM2G155911
Sobic.006G195000,GRMZM2G169553
Sobic.001G330100,GRMZM2G069176
Sobic.001G330200,GRMZM2G106026
Sobic.001G330000,GRMZM2G074138
Sobic.003G373800,GRMZM2G150859
Sobic.003G373900,GRMZM2G060255
Sobic.001G421700,GRMZM2G174644
Sobic.001G118100,GRMZM2G144346
Sobic.003G374000,GRMZM2G427526
Sobic.001G341500,GRMZM2G110076
Sobic.006G236500,GRMZM2G072264
Sobic.010G250800,GRMZM2G099255
Sobic.010G250400,GRMZM2G099452
Sobic.006G236400,AC199343_3_FG013
Sobic.003G244300,GRMZM2G033576
Sobic.001G078400,GRMZM2G107798
Sobic.008G112500,GRMZM2G027298
Sobic.002G196200,GRMZM2G126507
Sobic.001G115300,GRMZM2G127559
Sobic.003G194300,GRMZM2G126603
Sobic.004G284500,GRMZM2G151009
Sobic.005G142400,GRMZM2G067943
Sobic.005G142500,GRMZM2G067943
Sobic.005G142600,GRMZM2G067943
Sobic.004G284400,GRMZM2G171852
Sobic.002G209800,GRMZM2G120794
Sobic.003G360000,GRMZM2G165192
Sobic.001G049300,GRMZM2G062377
Sobic.005G024300,GRMZM2G146720
Sobic.001G497000,GRMZM2G453111
Sobic.005G024800,GRMZM2G336448
Sobic.001G401600,GRMZM2G129302
Sobic.008G049701,GRMZM2G438176
Sobic.002G363600,GRMZM2G027183
Sobic.001G398400,GRMZM2G017536
Sobic.003G253000,GRMZM5G862131
Sobic.007G217000,GRMZM2G080775
Sobic.002G209300,GRMZM2G117244
Sobic.001G440900,GRMZM5G884325
Sobic.002G166300,GRMZM5G814164
Sobic.002G192900,GRMZM2G055917
Sobic.008G113700,GRMZM2G078508
Sobic.004G107200,GRMZM2G126447
Sobic.010G262200,GRMZM2G118884
Sobic.003G115900,GRMZM2G316967
Sobic.006G159300,GRMZM2G122937
Sobic.003G411900,GRMZM2G338259
Sobic.008G156200,GRMZM2G180195
Sobic.004G114500,AC214771_3_FG003
Sobic.008G176300,GRMZM2G141955
Sobic.009G139400,GRMZM2G425230
Sobic.001G529000,GRMZM2G473389
Sobic.003G412000,GRMZM2G121123
Sobic.010G071600,GRMZM2G024530
Sobic.005G036600,GRMZM2G439311
Sobic.005G036800,GRMZM2G439311
Sobic.001G029200,GRMZM2G139041
Sobic.010G071200,GRMZM2G177276
Sobic.009G028500,AC206666_2_FG004
Sobic.001G427300,GRMZM2G049190
Sobic.009G033600,GRMZM2G061135
Sobic.001G408100,GRMZM2G024159
Sobic.002G053000,GRMZM2G071370
Sobic.001G407800,AC212219_3_FG005
Sobic.003G385500,GRMZM2G156861
Sobic.003G385900,GRMZM2G156861
Sobic.007G189100,GRMZM5G872204
Sobic.004G039200,GRMZM2G410393
Sobic.004G039100,AC197118_3_FG005
Sobic.009G123500,GRMZM2G023836
Sobic.002G381600,GRMZM2G014729
Sobic.002G381400,GRMZM5G840145
Sobic.002G381500,GRMZM5G840145
Sobic.006G082400,GRMZM2G329885
Sobic.006G082500,GRMZM2G035948
Sobic.006G082600,GRMZM2G155150
Sobic.006G178300,GRMZM2G101333
Sobic.001G355800,GRMZM2G121996
Sobic.004G105700,GRMZM2G035506
Sobic.004G105800,GRMZM2G035506
Sobic.004G106100,GRMZM2G035506
Sobic.004G105100,GRMZM2G405459
Sobic.004G105200,GRMZM2G405581
Sobic.001G360900,AC216247_3_FG005
Sobic.003G218900,GRMZM2G022279
Sobic.007G134800,GRMZM2G058702
Sobic.001G361300,GRMZM2G040954
Sobic.007G134900,GRMZM2G058783
Sobic.002G289900,GRMZM2G353726
Sobic.002G341800,GRMZM2G107654
Sobic.001G304500,GRMZM2G079470
Sobic.001G304700,GRMZM2G053720
Sobic.002G379866,GRMZM2G017266
Sobic.001G305500,GRMZM2G071172
Sobic.007G032400,GRMZM2G148924
Sobic.007G032500,GRMZM2G148924
Sobic.008G073700,GRMZM2G073908
Sobic.008G073800,GRMZM2G073908
Sobic.008G073900,GRMZM2G073908
Sobic.008G074000,GRMZM2G073908
Sobic.003G435500,GRMZM2G302913
Sobic.003G295400,GRMZM2G103544
Sobic.003G295900,GRMZM2G004575
Sobic.003G296000,GRMZM2G123277
Sobic.003G416600,GRMZM2G124911
Sobic.003G431800,AC184770_3_FG001
Sobic.004G049900,GRMZM2G409726
Sobic.004G050000,GRMZM2G409726
Sobic.004G281800,GRMZM5G833032
Sobic.004G218500,GRMZM2G358537
Sobic.005G064800,GRMZM2G060800
Sobic.004G190700,GRMZM2G156734
Sobic.001G409100,GRMZM2G001079
Sobic.001G408800,GRMZM2G158197
Sobic.007G149600,GRMZM2G401147
Sobic.001G294900,GRMZM2G180909
Sobic.009G076400,GRMZM2G126594
Sobic.001G035600,GRMZM2G155329
Sobic.002G197400,GRMZM2G121189
Sobic.003G086900,GRMZM2G345840
Sobic.004G152300,GRMZM2G024561
Sobic.003G375300,GRMZM2G431006
Sobic.004G155400,GRMZM2G143050
Sobic.004G266100,GRMZM2G140739
Sobic.009G231400,GRMZM2G039886
Sobic.003G078800,GRMZM2G169182
Sobic.006G199000,GRMZM2G342033
Sobic.006G199100,GRMZM2G342033
Sobic.007G181900,GRMZM2G175396
Sobic.004G058600,GRMZM2G128114
Sobic.005G073400,GRMZM2G001043
Sobic.009G216900,GRMZM2G175232
Sobic.003G264200,GRMZM2G055905
Sobic.009G217000,GRMZM2G175089
Sobic.010G052600,GRMZM2G301860
Sobic.004G049100,GRMZM5G867030
Sobic.002G190900,GRMZM2G122780
Sobic.010G054200,GRMZM2G005080
Sobic.006G166000,GRMZM2G076950
Sobic.002G247100,GRMZM2G094592
Sobic.006G240400,GRMZM2G174926
Sobic.006G060500,GRMZM2G032225
Sobic.006G060900,GRMZM2G032225
Sobic.004G227600,GRMZM2G588223
Sobic.003G292100,GRMZM2G177940
Sobic.003G129900,GRMZM2G018566
Sobic.003G130000,GRMZM2G105085
Sobic.001G207500,GRMZM5G874562
Sobic.006G205200,GRMZM5G851032
Sobic.008G079800,GRMZM2G014844
Sobic.008G080100,GRMZM2G014844
Sobic.008G080400,GRMZM2G014844
Sobic.008G080600,GRMZM2G014844
Sobic.001G207000,GRMZM5G871419
Sobic.001G518400,GRMZM2G392956
Sobic.004G271400,GRMZM2G054201
Sobic.009G210500,GRMZM2G035430
Sobic.004G315800,GRMZM2G085945
Sobic.001G054700,GRMZM2G163912
Sobic.004G271300,GRMZM2G021270
Sobic.001G054800,GRMZM2G164020
Sobic.004G020700,GRMZM5G872147
Sobic.001G395400,GRMZM5G824629
Sobic.010G278800,GRMZM2G132060
Sobic.001G374400,GRMZM2G075502
Sobic.001G395300,GRMZM2G056373
Sobic.002G352800,GRMZM2G060762
Sobic.001G069900,GRMZM2G069772
Sobic.007G161500,GRMZM2G017045
Sobic.006G221000,GRMZM5G897776
Sobic.001G029700,GRMZM2G120421
Sobic.001G030300,GRMZM2G156848
Sobic.003G330100,GRMZM2G035820
Sobic.004G104900,GRMZM2G151916
Sobic.003G329800,GRMZM5G815009
Sobic.001G030400,GRMZM2G177445
Sobic.001G031300,GRMZM2G043235
Sobic.001G031400,GRMZM2G405185
Sobic.002G360301,GRMZM2G092752
Sobic.007G143100,GRMZM2G108003
Sobic.007G143200,GRMZM2G108003
Sobic.007G143500,GRMZM2G106574
Sobic.003G006200,GRMZM2G123519
Sobic.007G126400,GRMZM2G003304
Sobic.001G138400,GRMZM2G100448
Sobic.001G133900,GRMZM2G104542
Sobic.001G134100,GRMZM2G104501
Sobic.007G050600,GRMZM2G110145
Sobic.010G001800,GRMZM2G153969
Sobic.006G151500,GRMZM2G008792
Sobic.006G053000,GRMZM2G155281
Sobic.008G129600,GRMZM2G044354
Sobic.008G129400,GRMZM2G006704
Sobic.006G021700,GRMZM2G137984
Sobic.009G175900,GRMZM2G085582
Sobic.003G416400,GRMZM2G146280
Sobic.004G252600,GRMZM2G020799
Sobic.003G140600,GRMZM2G048474
Sobic.003G140700,GRMZM2G048474
Sobic.001G106700,AC211401_4_FG003
Sobic.010G173100,GRMZM2G059580
Sobic.006G223300,GRMZM2G001289
Sobic.004G203100,GRMZM2G101274
Sobic.002G181400,GRMZM2G004475
Sobic.007G171800,GRMZM2G158462
Sobic.007G015500,GRMZM2G030325
Sobic.007G015000,GRMZM2G405503
Sobic.007G015400,GRMZM2G405503
Sobic.007G191600,GRMZM5G886044
Sobic.003G229200,GRMZM2G147752
Sobic.003G228900,GRMZM2G370745
Sobic.007G140500,GRMZM2G047019
Sobic.003G361100,GRMZM2G003682
Sobic.010G176900,GRMZM2G019586
Sobic.010G203500,GRMZM2G110388
Sobic.010G204200,GRMZM2G110388
Sobic.006G163401,GRMZM2G168917
Sobic.001G119900,GRMZM2G057394
Sobic.001G225400,GRMZM2G112656
Sobic.001G225500,GRMZM2G112656
Sobic.001G225600,GRMZM2G112656
Sobic.001G224700,GRMZM2G413482
Sobic.001G225200,GRMZM2G413482
Sobic.002G412400,GRMZM2G113863
Sobic.004G347400,GRMZM2G038818
Sobic.004G347500,GRMZM2G342327
Sobic.001G225800,GRMZM2G133555
Sobic.006G070032,GRMZM2G119689
Sobic.006G161500,GRMZM5G810061
Sobic.006G056200,GRMZM5G886989
Sobic.004G352100,GRMZM2G164489
Sobic.006G058100,GRMZM2G001084
Sobic.002G226500,GRMZM2G090739
Sobic.002G269300,GRMZM2G069126
Sobic.002G269500,GRMZM2G069126
Sobic.002G269400,GRMZM2G069146
Sobic.002G269100,GRMZM2G069082
Sobic.002G269032,GRMZM2G069126
Sobic.002G073800,GRMZM2G094928
Sobic.007G051700,GRMZM2G042992
Sobic.004G060300,GRMZM2G138505
Sobic.001G063100,GRMZM2G174136
Sobic.004G060600,GRMZM2G086032
Sobic.001G063200,GRMZM2G174210
Sobic.001G412100,GRMZM2G109967
Sobic.001G336050,GRMZM2G172244
Sobic.002G374600,GRMZM2G072205
Sobic.003G306100,GRMZM2G028369
Sobic.006G137100,GRMZM2G083253
Sobic.006G256600,GRMZM2G371944
Sobic.006G256500,GRMZM2G071034
Sobic.006G256200,GRMZM2G035370
Sobic.006G256100,GRMZM2G035325
Sobic.005G021000,GRMZM2G174834
Sobic.007G202000,GRMZM2G149375
Sobic.004G282601,GRMZM2G045977
Sobic.001G379100,GRMZM2G043493
Sobic.004G254500,GRMZM2G011789
Sobic.004G254700,GRMZM2G011951
Sobic.009G232800,GRMZM2G020814
Sobic.005G062000,GRMZM2G089244
Sobic.009G087200,GRMZM2G157803
Sobic.009G232900,GRMZM2G020661
Sobic.009G014600,GRMZM5G804759
Sobic.001G181500,GRMZM2G010831
Sobic.002G271300,GRMZM2G052474
Sobic.003G292700,GRMZM2G323622
Sobic.001G180900,GRMZM2G011078
Sobic.001G180800,GRMZM2G011078
Sobic.002G375800,GRMZM2G053999
Sobic.006G170700,GRMZM2G121223
Sobic.010G019500,AC202122_2_FG001
Sobic.010G019600,AC202122_2_FG001
Sobic.010G019700,AC202122_2_FG001
Sobic.010G020000,AC202122_2_FG001
Sobic.002G375701,GRMZM2G054032
Sobic.006G170500,GRMZM2G121275
Sobic.006G170600,GRMZM2G121275
Sobic.010G136200,GRMZM2G052373
Sobic.001G372800,GRMZM2G124576
Sobic.006G257001,GRMZM2G070389
Sobic.005G082500,GRMZM2G110965
Sobic.005G082600,GRMZM2G110965
Sobic.005G082700,GRMZM2G110965
Sobic.006G104900,GRMZM2G041356
Sobic.006G104700,GRMZM2G092621
Sobic.006G105000,GRMZM2G315401
Sobic.006G105100,GRMZM2G315401
Sobic.006G105200,GRMZM2G315401
Sobic.003G329500,GRMZM2G019907
Sobic.001G018900,GRMZM2G035017
Sobic.004G069200,GRMZM2G118939
Sobic.004G271000,GRMZM2G317738
Sobic.004G069500,GRMZM2G119890
Sobic.005G046900,GRMZM2G044733
Sobic.006G105500,GRMZM2G012328
Sobic.004G250700,GRMZM2G375116
Sobic.004G250600,GRMZM2G075260
Sobic.002G216200,GRMZM2G431288
Sobic.002G216400,GRMZM2G431288
Sobic.002G216500,GRMZM2G431288
Sobic.002G320800,GRMZM2G167591
Sobic.002G359800,GRMZM2G097456
Sobic.002G321500,GRMZM2G027344
Sobic.004G250500,GRMZM2G075223
Sobic.001G296100,GRMZM2G163189
Sobic.002G321800,GRMZM2G009412
Sobic.007G000400,GRMZM2G405699
Sobic.006G135600,GRMZM2G154397
Sobic.004G155100,GRMZM2G123966
Sobic.002G257750,GRMZM2G168332
Sobic.003G142200,GRMZM2G065230
Sobic.001G022500,GRMZM2G155899
Sobic.004G333600,GRMZM2G083812
Sobic.002G322000,GRMZM2G009223
Sobic.009G259200,GRMZM5G833747
Sobic.006G066200,GRMZM2G437912
Sobic.002G247300,GRMZM2G006578
Sobic.004G245000,GRMZM2G151223
Sobic.004G244600,GRMZM2G151257
Sobic.002G247800,GRMZM2G307588
Sobic.009G259100,GRMZM2G127426
Sobic.010G069300,GRMZM5G866027
Sobic.010G070000,GRMZM5G866027
Sobic.004G115350,GRMZM2G375172
Sobic.007G056500,GRMZM2G027750
Sobic.004G268700,GRMZM2G179147
Sobic.004G313900,GRMZM2G145690
Sobic.006G165000,GRMZM2G019919
Sobic.001G513600,GRMZM2G075701
Sobic.003G268300,GRMZM2G420334
Sobic.004G313100,GRMZM2G052422
Sobic.001G514200,GRMZM2G096247
Sobic.004G312800,GRMZM2G084086
Sobic.001G514300,GRMZM2G096269
Sobic.004G312600,GRMZM2G104920
Sobic.001G515600,GRMZM2G110345
Sobic.001G515800,GRMZM2G059428
Sobic.001G451000,GRMZM2G099797
Sobic.006G215600,GRMZM2G031536
Sobic.006G215400,GRMZM2G337532
Sobic.003G077900,GRMZM2G088834
Sobic.004G257000,GRMZM2G018126
Sobic.004G257100,GRMZM2G018126
Sobic.003G249700,AC230013_2_FG007
Sobic.004G256700,GRMZM2G161728
Sobic.001G239400,GRMZM2G352627
Sobic.001G516100,GRMZM2G099598
Sobic.001G516500,GRMZM2G095968
Sobic.010G061800,GRMZM2G128515
Sobic.001G517500,GRMZM2G057158
Sobic.001G314800,GRMZM5G867121
Sobic.003G052700,GRMZM2G066345
Sobic.003G043100,GRMZM2G132519
Sobic.001G309100,GRMZM2G127168
Sobic.004G253900,GRMZM2G145594
Sobic.006G236900,GRMZM2G022836
Sobic.006G237300,GRMZM2G022836
Sobic.002G079000,GRMZM2G017634
Sobic.003G013000,GRMZM2G012861
Sobic.004G169900,GRMZM2G303964
Sobic.006G164100,GRMZM2G351318
Sobic.001G334900,GRMZM2G125241
Sobic.004G219800,GRMZM2G095904
Sobic.004G201300,GRMZM2G044359
Sobic.010G052200,GRMZM2G099363
Sobic.006G198300,GRMZM2G359331
Sobic.002G370600,GRMZM2G009320
Sobic.006G198400,GRMZM2G051958
Sobic.006G198500,GRMZM5G886913
Sobic.006G198600,GRMZM2G014276
Sobic.002G428600,GRMZM2G409128
Sobic.003G374600,GRMZM2G110057
Sobic.004G186500,GRMZM2G049675
Sobic.003G374200,GRMZM2G049373
Sobic.006G067700,GRMZM2G412524
Sobic.009G227500,GRMZM2G141461
Sobic.009G227600,GRMZM2G381739
Sobic.006G066800,GRMZM2G073054
Sobic.001G161500,GRMZM2G366373
Sobic.001G161601,GRMZM2G366373
Sobic.001G161400,GRMZM2G066234
Sobic.001G161300,GRMZM2G472651
Sobic.003G429000,GRMZM2G701801
Sobic.003G429200,GRMZM2G701801
Sobic.003G429300,GRMZM2G701801
Sobic.001G352600,GRMZM2G107473
Sobic.001G352500,GRMZM2G107495
Sobic.003G106900,GRMZM2G083150
Sobic.006G236300,GRMZM2G352359
Sobic.001G307300,GRMZM2G464885
Sobic.001G307400,GRMZM2G464885
Sobic.001G307600,GRMZM2G464885
Sobic.004G102400,GRMZM2G328060
Sobic.009G122900,GRMZM2G085042
Sobic.006G002100,GRMZM2G160184
Sobic.003G220500,GRMZM2G093436
Sobic.001G285200,GRMZM2G090500
Sobic.006G207200,GRMZM2G130889
Sobic.006G207400,GRMZM2G175362
Sobic.001G407600,GRMZM2G074401
Sobic.009G256000,GRMZM2G144372
Sobic.003G424500,GRMZM2G037452
Sobic.002G258000,GRMZM2G097059
Sobic.006G204200,GRMZM2G455978
Sobic.003G424200,GRMZM2G369652
Sobic.001G138600,GRMZM2G118172
Sobic.006G203400,GRMZM2G041223
Sobic.001G138300,GRMZM2G149028
Sobic.003G423900,GRMZM2G082387
Sobic.006G203300,GRMZM2G417866
Sobic.002G430200,GRMZM2G134295
Sobic.005G072700,GRMZM2G014409
Sobic.005G073200,GRMZM2G104147
Sobic.007G192000,GRMZM2G083538
Sobic.001G390700,GRMZM2G318652
Sobic.001G088100,GRMZM2G177974
Sobic.001G087400,GRMZM2G058032
Sobic.001G087100,GRMZM2G057935
Sobic.004G337925,GRMZM2G178038
Sobic.004G173500,GRMZM2G000278
Sobic.004G338100,GRMZM2G419257
Sobic.002G092200,GRMZM2G005641
Sobic.003G185500,GRMZM2G070890
Sobic.002G276800,GRMZM2G147459
Sobic.007G065300,GRMZM2G118063
Sobic.010G044800,GRMZM5G838414
Sobic.001G059700,GRMZM2G006047
Sobic.010G044900,AC231745_1_FG003
Sobic.001G058900,GRMZM2G178341
Sobic.003G247300,GRMZM2G125044
Sobic.001G070300,GRMZM2G143317
Sobic.009G107300,GRMZM2G162203
Sobic.001G070000,GRMZM2G108807
Sobic.003G335300,GRMZM2G021881
Sobic.002G355000,GRMZM2G398506
Sobic.001G122832,GRMZM2G044557
Sobic.003G044900,GRMZM2G004696
Sobic.010G204300,GRMZM2G040382
Sobic.010G204400,GRMZM2G093065
Sobic.004G002400,GRMZM2G115047
Sobic.009G148000,GRMZM2G066153
Sobic.001G313301,GRMZM2G095698
Sobic.002G324400,GRMZM2G004880
Sobic.002G324500,GRMZM2G004880
Sobic.002G324700,GRMZM2G004880
Sobic.010G018400,GRMZM2G467992
Sobic.001G426100,GRMZM2G481529
Sobic.007G027700,GRMZM2G136700
Sobic.007G222800,GRMZM2G107163
Sobic.007G222900,GRMZM2G475495
Sobic.006G154800,GRMZM2G113990
Sobic.003G084500,GRMZM2G060887
Sobic.007G223400,GRMZM2G459540
Sobic.001G189500,GRMZM2G068639
Sobic.001G188000,GRMZM2G112242
Sobic.003G324400,GRMZM2G310368
Sobic.006G154900,GRMZM2G114149
Sobic.003G324500,GRMZM2G002119
Sobic.001G351400,GRMZM2G120079
Sobic.001G351500,GRMZM2G125314
Sobic.003G324600,GRMZM2G302293
Sobic.003G325000,AC204515_4_FG006
Sobic.003G325400,GRMZM2G047384
Sobic.007G168900,GRMZM2G320689
Sobic.002G008900,GRMZM2G018926
Sobic.007G175900,GRMZM2G112617
Sobic.003G241000,GRMZM2G330302
Sobic.003G192100,GRMZM2G022368
Sobic.010G269300,GRMZM2G065125
Sobic.004G117900,GRMZM2G039826
Sobic.009G175200,GRMZM2G701206
Sobic.004G203700,AC205703_4_FG001
Sobic.003G226700,GRMZM2G089351
Sobic.003G099300,GRMZM2G051622
Sobic.003G132000,GRMZM2G079196
Sobic.007G126600,GRMZM5G895175
Sobic.009G152100,GRMZM2G129247
Sobic.006G096100,GRMZM2G126062
Sobic.006G096400,GRMZM2G126062
Sobic.003G314500,GRMZM2G127453
Sobic.003G314700,GRMZM2G000615
Sobic.009G122400,GRMZM2G023683
Sobic.004G214200,GRMZM2G094831
Sobic.004G214100,GRMZM2G020976
Sobic.003G316300,GRMZM2G054905
Sobic.002G278100,GRMZM2G163242
Sobic.001G025101,GRMZM2G156459
Sobic.001G025300,GRMZM2G156459
Sobic.002G416500,GRMZM2G025441
Sobic.002G416600,GRMZM2G427815
Sobic.002G416800,GRMZM2G427815
Sobic.003G084400,GRMZM2G156950
Sobic.010G052800,GRMZM2G104760
Sobic.004G191901,GRMZM2G492156
Sobic.009G135900,GRMZM2G024264
Sobic.003G407100,GRMZM2G171622
Sobic.004G067000,GRMZM2G057057
Sobic.003G383700,GRMZM2G118250
Sobic.001G238900,GRMZM2G115998
Sobic.003G433500,GRMZM2G060540
Sobic.004G023200,GRMZM2G344205
Sobic.004G023300,GRMZM2G344205
Sobic.003G250100,GRMZM2G031882
Sobic.004G280900,GRMZM2G401436
Sobic.005G198000,GRMZM2G100118
Sobic.001G287800,GRMZM2G094390
Sobic.010G019000,GRMZM2G050329
Sobic.001G375800,GRMZM2G322917
Sobic.003G409800,AC203535_4_FG002
Sobic.003G410100,AC203535_4_FG007
Sobic.003G410200,GRMZM5G880046
Sobic.003G221500,GRMZM2G114315
Sobic.010G000800,GRMZM2G306859
Sobic.003G410500,GRMZM5G828312
Sobic.001G391500,GRMZM2G070849
Sobic.010G190400,GRMZM2G436344
Sobic.003G410600,GRMZM2G448834
Sobic.001G324900,GRMZM2G018062
Sobic.002G245900,GRMZM2G111152
Sobic.002G245800,GRMZM2G083894
Sobic.010G079000,GRMZM2G070315
Sobic.001G401500,GRMZM2G113364
Sobic.001G401400,GRMZM2G095043
Sobic.001G400300,GRMZM2G016734
Sobic.002G223300,GRMZM2G024775
Sobic.006G166200,GRMZM2G152194
Sobic.004G094200,GRMZM2G029559
Sobic.009G140500,GRMZM2G147867
Sobic.006G185900,GRMZM2G476597
Sobic.006G186000,GRMZM2G476597
Sobic.003G251800,GRMZM2G058518
Sobic.001G289100,AC194914_3_FG002
Sobic.003G218400,GRMZM2G064753
Sobic.010G007100,GRMZM2G475360
Sobic.004G303700,GRMZM2G170034
Sobic.010G258100,GRMZM2G385945
Sobic.002G222400,GRMZM2G050407
Sobic.007G205000,GRMZM2G107106
Sobic.001G288800,GRMZM2G169931
Sobic.007G209100,GRMZM2G168669
Sobic.010G207600,GRMZM2G050912
Sobic.002G222300,GRMZM2G092409
Sobic.010G207250,GRMZM2G324248
Sobic.004G000400,GRMZM2G033829
Sobic.001G235800,GRMZM2G130904
Sobic.001G153500,GRMZM2G157456
Sobic.001G154100,GRMZM2G364069
Sobic.002G164700,GRMZM2G150011
Sobic.004G262100,GRMZM2G136465
Sobic.004G219900,GRMZM2G096753
Sobic.004G220000,GRMZM2G540538
Sobic.004G259200,GRMZM5G837108
Sobic.003G317800,GRMZM2G006562
Sobic.003G317900,GRMZM2G006562
Sobic.003G318001,GRMZM2G006562
Sobic.003G318100,GRMZM2G006562
Sobic.003G318200,GRMZM2G006562
Sobic.005G157000,GRMZM2G104449
Sobic.003G342600,GRMZM2G034810
Sobic.003G342900,GRMZM2G032763
Sobic.006G077000,GRMZM2G134432
Sobic.006G077100,GRMZM2G134432
Sobic.009G202000,AC202864_3_FG002
Sobic.010G063900,GRMZM2G156006
Sobic.010G073500,GRMZM2G012863
Sobic.001G238600,GRMZM2G115988
Sobic.007G009100,GRMZM2G024303
Sobic.007G009000,GRMZM2G552322
Sobic.007G008800,GRMZM5G834205
Sobic.006G127800,GRMZM2G389789
Sobic.007G134400,AC217050_4_FG001
Sobic.008G040100,AC198371_3_FG011
Sobic.008G039800,GRMZM2G113073
Sobic.003G127200,GRMZM2G443690
Sobic.003G127100,GRMZM2G144648
Sobic.003G302200,GRMZM2G162175
Sobic.008G116400,GRMZM2G149580
Sobic.001G449400,GRMZM2G153611
Sobic.010G230500,GRMZM2G056849
Sobic.006G097500,GRMZM2G127139
Sobic.009G200500,GRMZM2G094935
Sobic.003G302800,GRMZM2G014833
Sobic.003G303400,GRMZM2G014833
Sobic.001G348800,GRMZM2G120587
Sobic.001G348900,GRMZM2G120587
Sobic.006G277550,GRMZM2G108207
Sobic.001G348000,GRMZM2G003530
Sobic.010G022000,GRMZM2G121333
Sobic.001G015500,GRMZM2G426200
Sobic.003G202600,GRMZM2G087817
Sobic.006G235600,GRMZM2G122352
Sobic.006G234850,GRMZM2G036262
Sobic.006G235100,GRMZM2G036262
Sobic.004G246900,GRMZM2G181522
Sobic.010G092600,GRMZM2G081239
Sobic.008G132200,GRMZM2G048883
Sobic.009G050000,GRMZM5G899390
Sobic.009G049400,GRMZM5G881464
Sobic.004G178500,GRMZM2G702026
Sobic.010G175900,GRMZM5G821252
Sobic.006G056000,GRMZM5G848945
Sobic.010G186500,GRMZM2G056166
Sobic.005G199000,GRMZM2G398086
Sobic.005G199050,GRMZM2G398086
Sobic.005G199101,GRMZM2G398086
Sobic.002G235500,GRMZM2G358796
Sobic.002G235700,GRMZM5G818643
Sobic.002G120800,GRMZM2G143335
Sobic.002G235900,AC225205_3_FG003
Sobic.010G186300,GRMZM2G171507
Sobic.010G186200,GRMZM2G171616
Sobic.010G082700,GRMZM2G038532
Sobic.001G247700,GRMZM2G162508
Sobic.002G405400,GRMZM5G827205
Sobic.007G088600,GRMZM2G128907
Sobic.001G506300,GRMZM2G332548
Sobic.009G212800,GRMZM5G863420
Sobic.001G076500,AC234157_1_FG002
Sobic.002G349300,GRMZM2G305280
Sobic.001G316300,GRMZM2G039312
Sobic.002G299000,GRMZM2G162167
Sobic.001G465800,GRMZM2G055025
Sobic.007G204800,GRMZM2G151216
Sobic.001G196800,GRMZM2G031893
Sobic.003G098000,AC183315_4_FG006
Sobic.008G156900,GRMZM2G079957
Sobic.008G019800,GRMZM2G152016
Sobic.008G019900,GRMZM2G152016
Sobic.008G020000,GRMZM2G152016
Sobic.001G026500,GRMZM2G156756
Sobic.007G178300,GRMZM2G037650
Sobic.001G291100,GRMZM2G049422
Sobic.008G018900,GRMZM2G138659
Sobic.004G213300,GRMZM5G827398
Sobic.001G469500,GRMZM2G153920
Sobic.001G469600,GRMZM2G301885
Sobic.004G208000,GRMZM2G128880
Sobic.004G208100,GRMZM2G128902
Sobic.004G271800,GRMZM5G823157
Sobic.007G034300,GRMZM2G306105
Sobic.009G176900,GRMZM2G037343
Sobic.009G176700,GRMZM2G145662
Sobic.006G267700,GRMZM2G084327
Sobic.007G178200,GRMZM2G037655
Sobic.007G177500,GRMZM2G049057
Sobic.006G064400,GRMZM2G085260
Sobic.003G444600,GRMZM2G156630
Sobic.003G270700,GRMZM2G003838
Sobic.003G320300,GRMZM2G105224
Sobic.003G321400,GRMZM2G085392
Sobic.003G321700,GRMZM2G085005
Sobic.003G322000,GRMZM2G091338
Sobic.002G385450,GRMZM2G056407
Sobic.004G315400,GRMZM5G862882
Sobic.003G322300,GRMZM5G801031
Sobic.003G322400,GRMZM5G867518
Sobic.003G322532,GRMZM5G867518
Sobic.003G322800,AC233851_1_FG011
Sobic.006G074100,GRMZM2G055279
Sobic.006G088200,GRMZM2G380361
Sobic.003G323201,AC233851_1_FG008
Sobic.003G322900,AC233851_1_FG010
Sobic.002G040400,GRMZM2G102079
Sobic.002G040500,GRMZM2G102079
Sobic.009G126100,GRMZM5G869788
Sobic.001G212300,GRMZM2G113202
Sobic.004G095300,GRMZM2G167356
Sobic.010G237650,GRMZM2G134156
Sobic.010G237000,GRMZM2G177828
Sobic.004G179900,GRMZM2G087040
Sobic.008G131200,AC203262_3_FG002
Sobic.001G048766,GRMZM2G047299
Sobic.001G048832,GRMZM2G062289
Sobic.005G152000,GRMZM2G002652
Sobic.005G152100,GRMZM2G002652
Sobic.005G152200,GRMZM2G002652
Sobic.005G152800,GRMZM2G002652
Sobic.002G081600,GRMZM2G063340
Sobic.002G184900,GRMZM2G126408
Sobic.002G184800,AC212754_3_FG004
Sobic.004G174400,GRMZM5G885700
Sobic.002G184700,GRMZM2G136663
Sobic.002G184450,GRMZM2G174396
Sobic.002G184600,GRMZM2G174396
Sobic.009G023900,GRMZM2G122537
Sobic.004G157000,GRMZM2G137468
Sobic.002G286900,GRMZM2G168330
Sobic.002G211800,GRMZM2G138976
Sobic.008G130100,GRMZM2G110572
Sobic.009G179700,GRMZM2G117458
Sobic.006G086500,GRMZM2G064773
Sobic.001G440700,GRMZM5G868062
Sobic.003G338500,GRMZM2G152868
Sobic.003G135600,GRMZM2G046924
Sobic.004G338800,GRMZM5G857701
Sobic.006G205100,GRMZM2G053909
Sobic.002G430900,AC187098_4_FG011
Sobic.004G258400,GRMZM5G848822
Sobic.005G024900,GRMZM2G336448
Sobic.001G487200,GRMZM2G021498
Sobic.001G487400,GRMZM2G303361
Sobic.003G053900,GRMZM5G890843
Sobic.002G404700,GRMZM2G010342
Sobic.010G164500,GRMZM2G125441
Sobic.009G246200,GRMZM2G465133
Sobic.002G404200,GRMZM2G009021
Sobic.002G403400,GRMZM2G326263
Sobic.004G088450,GRMZM2G124886
Sobic.004G088501,GRMZM2G124886
Sobic.001G428100,GRMZM2G151576
Sobic.009G154500,GRMZM2G106140
Sobic.001G080600,GRMZM2G047759
Sobic.001G080700,GRMZM2G047855
Sobic.001G079700,GRMZM2G154799
Sobic.009G013900,GRMZM2G069162
Sobic.010G267400,GRMZM2G399073
Sobic.001G080900,GRMZM2G151480
Sobic.007G026300,GRMZM2G057026
Sobic.010G018100,GRMZM2G006973
Sobic.010G067700,GRMZM2G128160
Sobic.009G177300,GRMZM2G129064
Sobic.004G345500,GRMZM2G356938
Sobic.003G194200,GRMZM2G061695
Sobic.006G268300,GRMZM2G084938
Sobic.010G092100,GRMZM2G113888
Sobic.006G268900,GRMZM2G019500
Sobic.003G209600,GRMZM2G035134
Sobic.006G269700,GRMZM2G155877
Sobic.007G075900,GRMZM2G029307
Sobic.006G205600,GRMZM2G392125
Sobic.002G336000,GRMZM2G129973
Sobic.003G192000,GRMZM2G081924
Sobic.001G313800,GRMZM2G125095
Sobic.002G215100,GRMZM2G135817
Sobic.006G233100,GRMZM5G829840
Sobic.003G399900,GRMZM2G115152
Sobic.006G232800,GRMZM2G138782
Sobic.006G232000,GRMZM2G063519
Sobic.003G053800,GRMZM2G069177
Sobic.001G530600,GRMZM2G008327
Sobic.001G530500,GRMZM2G008710
Sobic.003G053400,GRMZM2G021410
Sobic.003G053500,GRMZM2G021410
Sobic.003G053600,GRMZM2G021410
Sobic.003G053200,GRMZM2G052377
Sobic.008G072200,GRMZM2G042089
Sobic.006G245100,GRMZM2G040017
Sobic.004G155800,GRMZM2G143008
Sobic.006G244900,GRMZM2G386525
Sobic.006G244800,GRMZM2G086920
Sobic.003G202900,GRMZM2G019501
Sobic.004G065000,GRMZM2G119571
Sobic.001G455800,GRMZM2G099628
Sobic.004G064800,GRMZM2G363982
Sobic.003G203000,GRMZM2G019807
Sobic.006G244700,GRMZM2G033219
Sobic.002G010300,GRMZM5G845755
Sobic.008G013000,GRMZM2G424049
Sobic.003G365700,GRMZM2G323783
Sobic.003G365600,GRMZM2G027914
Sobic.006G012500,GRMZM2G081745
Sobic.003G348100,GRMZM2G049877
Sobic.003G144000,GRMZM2G000468
Sobic.003G347900,GRMZM2G349651
Sobic.004G265800,GRMZM2G147430
Sobic.001G032000,GRMZM2G055834
Sobic.001G031900,GRMZM2G473906
Sobic.001G032800,GRMZM2G459811
Sobic.003G262500,GRMZM2G028467
Sobic.003G262600,GRMZM2G028568
Sobic.001G033400,GRMZM2G068117
Sobic.001G033500,GRMZM2G129620
Sobic.007G125500,GRMZM2G059985
Sobic.001G034100,GRMZM2G093776
Sobic.001G034300,GRMZM2G017470
Sobic.002G332100,GRMZM2G173863
Sobic.007G140600,GRMZM2G047238
Sobic.007G224500,GRMZM2G175574
Sobic.007G224400,AC186606_4_FG003
Sobic.009G159700,GRMZM5G856297
Sobic.004G241900,AC212112_4_FG002
Sobic.003G283600,GRMZM2G013555
Sobic.003G283500,GRMZM2G176841
Sobic.001G290600,GRMZM2G033526
Sobic.004G211501,GRMZM2G081826
Sobic.001G290700,GRMZM2G034096
Sobic.002G065000,GRMZM2G104325
Sobic.001G290766,GRMZM2G034383
Sobic.002G067100,GRMZM2G013065
Sobic.002G067600,GRMZM2G013065
Sobic.001G434900,GRMZM2G087275
Sobic.004G192700,GRMZM5G861269
Sobic.009G137700,GRMZM2G133082
Sobic.003G408200,GRMZM2G081090
Sobic.004G297200,GRMZM2G094768
Sobic.004G297300,GRMZM2G094705
Sobic.001G284100,GRMZM5G866843
Sobic.001G467300,GRMZM2G013457
Sobic.003G408100,GRMZM2G081102
Sobic.008G153000,GRMZM2G012156
Sobic.008G152900,GRMZM2G039094
Sobic.008G175200,AC212976_3_FG003
Sobic.001G410000,GRMZM2G141273
Sobic.006G217300,GRMZM2G040397
Sobic.010G273600,GRMZM2G064360
Sobic.003G227300,AC198725_4_FG009
Sobic.001G409700,GRMZM2G141386
Sobic.001G409200,GRMZM2G021095
Sobic.007G189400,GRMZM5G882527
Sobic.001G309400,GRMZM2G453832
Sobic.001G116000,GRMZM2G126019
Sobic.001G115700,GRMZM2G126038
Sobic.009G130900,GRMZM2G060079
Sobic.001G107900,GRMZM2G329864
Sobic.007G035600,GRMZM2G063363
Sobic.004G072000,GRMZM2G076263
Sobic.002G101000,GRMZM2G352289
Sobic.004G072200,GRMZM2G071626
Sobic.004G072800,GRMZM2G071626
Sobic.003G117000,GRMZM2G472248
Sobic.003G116900,GRMZM2G472231
Sobic.008G046600,GRMZM2G136266
Sobic.004G073100,GRMZM2G079653
Sobic.003G108600,GRMZM2G170307
Sobic.010G254100,GRMZM2G414899
Sobic.004G326100,GRMZM2G027439
Sobic.001G233532,GRMZM2G053764
Sobic.010G253800,GRMZM2G178371
Sobic.001G431000,GRMZM2G372398
Sobic.004G276700,GRMZM2G126572
Sobic.001G306200,GRMZM2G177391
Sobic.001G306400,GRMZM2G177391
Sobic.001G306500,GRMZM2G177391
Sobic.001G164700,GRMZM2G098084
Sobic.002G022600,GRMZM2G008234
Sobic.007G130800,GRMZM2G016189
Sobic.010G197500,GRMZM2G443728
Sobic.001G093300,GRMZM2G009895
Sobic.009G088600,GRMZM2G176665
Sobic.004G177500,GRMZM2G039841
Sobic.006G066300,GRMZM2G102160
Sobic.001G362001,GRMZM2G046297
Sobic.005G022100,GRMZM2G071378
Sobic.007G180200,GRMZM2G000435
Sobic.003G360800,GRMZM2G177518
Sobic.001G439600,GRMZM2G165926
Sobic.004G269700,GRMZM2G167431
Sobic.007G117100,GRMZM2G146286
Sobic.003G270500,GRMZM2G098569
Sobic.004G116800,GRMZM2G140561
Sobic.004G269100,GRMZM2G092749
Sobic.001G439900,GRMZM2G360234
Sobic.001G095200,GRMZM2G018798
Sobic.008G192600,GRMZM2G151236
Sobic.003G035400,GRMZM2G371176
Sobic.008G190000,GRMZM2G461278
Sobic.001G095300,GRMZM2G322001
Sobic.001G095500,GRMZM2G018487
Sobic.002G105200,GRMZM2G106141
Sobic.001G137100,GRMZM2G011588
Sobic.001G136900,GRMZM2G116840
Sobic.001G294100,GRMZM2G399484
Sobic.002G374650,GRMZM2G062686
Sobic.002G374700,GRMZM2G062686
Sobic.010G060600,GRMZM2G014240
Sobic.001G294200,GRMZM2G098208
Sobic.005G111600,AC211652_4_FG001
Sobic.002G212000,GRMZM2G052667
Sobic.004G304400,GRMZM2G170017
Sobic.006G001000,GRMZM2G335323
Sobic.004G294500,GRMZM2G026956
Sobic.004G294300,GRMZM2G056236
Sobic.004G294400,GRMZM2G327266
Sobic.006G223700,GRMZM2G329222
Sobic.006G223500,GRMZM2G461593
Sobic.006G223900,GRMZM5G885938
Sobic.001G154900,GRMZM2G070323
Sobic.003G332500,GRMZM2G117022
Sobic.006G225300,GRMZM2G164400
Sobic.002G010100,GRMZM2G072582
Sobic.001G149400,GRMZM2G176605
Sobic.003G372800,GRMZM2G046846
Sobic.003G371000,GRMZM2G400602
Sobic.003G371100,GRMZM2G400602
Sobic.001G401900,GRMZM2G010909
Sobic.001G401975,GRMZM2G010909
Sobic.001G019400,GRMZM2G114899
Sobic.001G359100,GRMZM2G084407
Sobic.001G359200,GRMZM2G084407
Sobic.003G297900,GRMZM2G081615
Sobic.003G297200,GRMZM2G042754
Sobic.007G182500,GRMZM2G175280
Sobic.007G062800,GRMZM5G812144
Sobic.003G261800,GRMZM2G115390
Sobic.006G191800,GRMZM2G421279
Sobic.004G240900,GRMZM2G074267
Sobic.009G126900,GRMZM2G035298
Sobic.003G355000,GRMZM2G002276
Sobic.003G355200,GRMZM2G119300
Sobic.004G318100,GRMZM5G801436
Sobic.009G126600,GRMZM2G145879
Sobic.008G094600,GRMZM2G000339
Sobic.001G117500,GRMZM2G009544
Sobic.001G117800,GRMZM2G010054
Sobic.004G229400,GRMZM2G081214
Sobic.004G229300,GRMZM2G380432
Sobic.004G229500,GRMZM2G380432
Sobic.003G439600,GRMZM2G139462
Sobic.006G058300,GRMZM2G136412
Sobic.006G058400,GRMZM2G436533
Sobic.003G226600,GRMZM2G105140
Sobic.006G008600,GRMZM2G162353
Sobic.010G133700,GRMZM2G369481
Sobic.003G226500,GRMZM2G105019
Sobic.007G067608,GRMZM2G087111
Sobic.007G067100,GRMZM2G087111
Sobic.007G067108,GRMZM2G087111
Sobic.007G066608,GRMZM2G087111
Sobic.007G066500,GRMZM2G087111
Sobic.007G066800,GRMZM2G087111
Sobic.007G066808,GRMZM2G087111
Sobic.007G066824,GRMZM2G087111
Sobic.007G066832,GRMZM2G087111
Sobic.007G067008,GRMZM2G087111
Sobic.007G066900,GRMZM2G087111
Sobic.001G439200,GRMZM2G346861
Sobic.009G147700,GRMZM2G111955
Sobic.001G439100,GRMZM2G159110
Sobic.002G069000,GRMZM2G399158
Sobic.002G068900,GRMZM2G179090
Sobic.006G260500,GRMZM2G009994
Sobic.002G068800,GRMZM2G399158
Sobic.009G105600,GRMZM2G068496
Sobic.009G105700,GRMZM2G068496
Sobic.006G261100,GRMZM2G104430
Sobic.006G261300,GRMZM2G347841
Sobic.004G189900,GRMZM2G115420
Sobic.001G510800,GRMZM2G171181
Sobic.004G065300,GRMZM2G059363
Sobic.006G261400,GRMZM2G078541
Sobic.001G347700,GRMZM2G077960
Sobic.001G347600,GRMZM2G077897
Sobic.006G261500,GRMZM2G078033
Sobic.006G261600,GRMZM2G078033
Sobic.004G013100,GRMZM2G044348
Sobic.003G104100,GRMZM2G048305
Sobic.006G261900,GRMZM2G078174
Sobic.006G262300,GRMZM2G078174
Sobic.010G238800,GRMZM2G113655
Sobic.002G253900,GRMZM2G044968
Sobic.004G013200,GRMZM2G098301
Sobic.004G013300,GRMZM2G098301
Sobic.010G275200,GRMZM5G834758
Sobic.005G178100,GRMZM2G092101
Sobic.001G511200,GRMZM2G172758
Sobic.001G116600,GRMZM2G023110
Sobic.009G043600,GRMZM2G132093
Sobic.009G043700,GRMZM2G132093
Sobic.009G044000,GRMZM2G132093
Sobic.008G103800,GRMZM2G009795
Sobic.009G245800,GRMZM2G163888
Sobic.002G264500,GRMZM2G071147
Sobic.008G103900,GRMZM2G009448
Sobic.002G264400,GRMZM2G120300
Sobic.001G437300,GRMZM2G110913
Sobic.001G437200,GRMZM2G110023
Sobic.002G076500,GRMZM2G042627
Sobic.002G180300,GRMZM2G146670
Sobic.004G296200,GRMZM2G056903
Sobic.009G098400,GRMZM2G136236
Sobic.002G180000,GRMZM2G132184
Sobic.005G162600,GRMZM2G033022
Sobic.001G277000,GRMZM2G088765
Sobic.006G222500,GRMZM2G012088
Sobic.006G222600,GRMZM2G073861
Sobic.006G052500,GRMZM2G142863
Sobic.006G052800,GRMZM2G142863
Sobic.004G232900,GRMZM2G055150
Sobic.002G279900,GRMZM2G386824
Sobic.003G247600,GRMZM2G031400
Sobic.001G277900,GRMZM2G343916
Sobic.003G280000,GRMZM2G167829
Sobic.005G136200,GRMZM2G422750
Sobic.005G136300,GRMZM2G422750
Sobic.005G136450,GRMZM2G422750
Sobic.005G136600,GRMZM2G422750
Sobic.005G136800,GRMZM2G422750
Sobic.005G137000,GRMZM2G422750
Sobic.005G137100,GRMZM2G422750
Sobic.005G137200,GRMZM2G422750
Sobic.005G137300,GRMZM2G422750
Sobic.003G280700,GRMZM2G171426
Sobic.010G268300,GRMZM2G069970
Sobic.001G380700,GRMZM2G062391
Sobic.003G001300,GRMZM5G828179
Sobic.001G354600,GRMZM2G113139
Sobic.001G372100,GRMZM2G082034
Sobic.006G055800,GRMZM5G898735
Sobic.009G157200,GRMZM2G353209
Sobic.003G243500,GRMZM2G160971
Sobic.002G077900,GRMZM2G038313
Sobic.001G267800,GRMZM2G148536
Sobic.001G267600,GRMZM2G477139
Sobic.001G268200,GRMZM2G032171
Sobic.002G330000,GRMZM2G042047
Sobic.009G066200,GRMZM2G149201
Sobic.002G329900,GRMZM2G041381
Sobic.003G027400,GRMZM2G055404
Sobic.001G425100,GRMZM2G160198
Sobic.002G419800,GRMZM2G106790
Sobic.001G422100,GRMZM2G179432
Sobic.006G188200,GRMZM2G164318
Sobic.002G365550,GRMZM2G012183
Sobic.002G365500,GRMZM2G019373
Sobic.002G365600,GRMZM2G019373
Sobic.002G365801,GRMZM2G351469
Sobic.005G202500,GRMZM2G097981
Sobic.005G202600,GRMZM2G097981
Sobic.005G202700,GRMZM2G097981
Sobic.005G203000,GRMZM2G097981
Sobic.005G203300,GRMZM2G097981
Sobic.005G203100,GRMZM2G370988
Sobic.005G203150,GRMZM2G370988
Sobic.001G440800,GRMZM2G085427
Sobic.001G112600,GRMZM2G047055
Sobic.003G022700,GRMZM2G031432
Sobic.001G397400,GRMZM2G013783
Sobic.001G397500,GRMZM2G013783
Sobic.009G216000,GRMZM2G096491
Sobic.002G083266,GRMZM2G167946
Sobic.001G107100,GRMZM2G153292
Sobic.001G107200,GRMZM2G153292
Sobic.008G161700,GRMZM2G117240
Sobic.001G112900,GRMZM2G046849
Sobic.007G045700,GRMZM2G032564
Sobic.007G039800,GRMZM2G054359
Sobic.007G039884,GRMZM2G054359
Sobic.007G039700,GRMZM2G123411
Sobic.007G039870,GRMZM2G123411
Sobic.007G040000,GRMZM2G123411
Sobic.007G040400,GRMZM2G133382
Sobic.006G051800,GRMZM2G143205
Sobic.010G077500,GRMZM2G033130
Sobic.010G029400,GRMZM2G374881
Sobic.001G056100,GRMZM5G809195
Sobic.001G473600,GRMZM2G432566
Sobic.010G038800,GRMZM2G140051
Sobic.005G126701,GRMZM2G142030
Sobic.005G126800,GRMZM2G142030
Sobic.008G046800,GRMZM2G465833
Sobic.001G448700,GRMZM2G476914
Sobic.005G127100,GRMZM2G148538
Sobic.010G014100,GRMZM2G046644
Sobic.008G073600,GRMZM2G115424
Sobic.001G532100,GRMZM2G062210
Sobic.004G157700,GRMZM2G423643
Sobic.003G305500,GRMZM2G162754
Sobic.003G083700,GRMZM2G086272
Sobic.003G083600,GRMZM2G462555
Sobic.003G083800,GRMZM2G462555
Sobic.003G124700,GRMZM2G024733
Sobic.006G054400,GRMZM2G306376
Sobic.002G294700,GRMZM2G375307
Sobic.003G299000,GRMZM2G352226
Sobic.003G298800,GRMZM2G167174
Sobic.003G084000,GRMZM2G098011
Sobic.003G084200,GRMZM2G098088
Sobic.007G118500,GRMZM2G116971
Sobic.009G228300,GRMZM2G085675
Sobic.002G399500,GRMZM2G148229
Sobic.009G234800,GRMZM2G065757
Sobic.004G182500,GRMZM2G011620
Sobic.004G030700,GRMZM2G043783
Sobic.001G349700,GRMZM2G412430
Sobic.001G464000,GRMZM2G114055
Sobic.003G105600,GRMZM2G062650
Sobic.003G015600,GRMZM5G816784
Sobic.003G015900,GRMZM2G062076
Sobic.007G108100,GRMZM2G078022
Sobic.001G220500,GRMZM2G054152
Sobic.003G105101,GRMZM2G163996
Sobic.004G096100,GRMZM2G362312
Sobic.003G236300,GRMZM2G067583
Sobic.006G002000,GRMZM2G160184
Sobic.007G198000,GRMZM2G427451
Sobic.002G312800,GRMZM2G028887
Sobic.009G130000,GRMZM2G179301
Sobic.003G115400,GRMZM2G122656
Sobic.002G313000,GRMZM2G325783
Sobic.009G194900,GRMZM2G143791
Sobic.001G232000,GRMZM2G029518
Sobic.003G201500,GRMZM2G108144
Sobic.008G118900,GRMZM2G141848
Sobic.003G201200,GRMZM2G108090
Sobic.003G201300,GRMZM2G108118
Sobic.003G201400,GRMZM2G108118
Sobic.006G253200,GRMZM2G348909
Sobic.006G254500,GRMZM2G348909
Sobic.009G026500,GRMZM2G337659
Sobic.009G234600,GRMZM2G402936
Sobic.003G062800,GRMZM2G133718
Sobic.003G062900,GRMZM2G133718
Sobic.003G114600,GRMZM2G180071
Sobic.002G272600,GRMZM2G087144
Sobic.004G040100,GRMZM2G062885
Sobic.004G039600,GRMZM5G816609
Sobic.010G106300,GRMZM2G060163
Sobic.003G087000,GRMZM2G121683
Sobic.003G087100,GRMZM2G121747
Sobic.004G080800,GRMZM2G142693
Sobic.007G197800,AC197246_3_FG003
Sobic.006G209400,GRMZM2G111232
Sobic.006G209000,GRMZM2G070468
Sobic.006G209200,GRMZM2G070468
Sobic.006G209300,GRMZM2G070468
Sobic.006G208900,GRMZM2G102088
Sobic.004G264800,GRMZM2G037595
Sobic.010G249100,GRMZM5G817439
Sobic.006G208800,GRMZM2G102069
Sobic.006G208500,GRMZM2G102000
Sobic.002G354501,GRMZM2G110044
Sobic.002G391700,GRMZM2G451097
Sobic.002G285300,GRMZM5G835903
Sobic.002G285450,GRMZM5G835903
Sobic.002G285525,GRMZM5G835903
Sobic.010G022300,GRMZM2G110158
Sobic.002G285800,GRMZM2G042429
Sobic.002G285950,GRMZM2G042429
Sobic.002G284701,GRMZM2G105419
Sobic.002G284901,GRMZM2G105419
Sobic.002G285101,GRMZM2G105419
Sobic.002G285600,GRMZM2G105419
Sobic.004G272600,GRMZM2G045154
Sobic.009G227000,GRMZM5G897673
Sobic.003G085100,GRMZM2G362949
Sobic.010G084100,GRMZM2G106303
Sobic.010G084300,GRMZM2G106303
Sobic.010G084400,GRMZM2G106303
Sobic.010G084600,GRMZM2G106303
Sobic.010G084700,GRMZM2G106303
Sobic.007G162700,GRMZM2G028386
Sobic.004G285900,GRMZM2G013821
Sobic.004G187900,GRMZM2G105466
Sobic.009G258700,AC197143_3_FG007
Sobic.010G029000,GRMZM2G301546
Sobic.010G073200,GRMZM2G013318
Sobic.003G132600,GRMZM2G162369
Sobic.004G190600,GRMZM2G075637
Sobic.006G068900,GRMZM2G373396
Sobic.001G121900,GRMZM2G062045
Sobic.009G236800,GRMZM2G348890
Sobic.009G237000,GRMZM2G348873
Sobic.001G122000,GRMZM2G147332
Sobic.007G065900,GRMZM2G049930
Sobic.007G039200,GRMZM2G108892
Sobic.004G344600,GRMZM2G143650
Sobic.007G018300,GRMZM2G032315
Sobic.004G227200,GRMZM2G139803
Sobic.010G101800,GRMZM5G811223
Sobic.007G180900,GRMZM2G079956
Sobic.004G344400,GRMZM2G143591
Sobic.009G192500,GRMZM2G009717
Sobic.004G201900,GRMZM2G029922
Sobic.001G364100,GRMZM2G168665
Sobic.007G155900,GRMZM2G478417
Sobic.001G365700,GRMZM2G057652
Sobic.003G215700,GRMZM2G143234
Sobic.006G000900,GRMZM2G444762
Sobic.007G005300,GRMZM2G423956
Sobic.007G019000,GRMZM5G852185
Sobic.007G019400,GRMZM5G852185
Sobic.009G235200,GRMZM2G128579
Sobic.004G263500,GRMZM2G020040
Sobic.009G235500,GRMZM2G117497
Sobic.007G011600,GRMZM2G172258
Sobic.003G029700,GRMZM2G045259
Sobic.002G306700,GRMZM2G135038
Sobic.001G323400,GRMZM2G396640
Sobic.001G113800,GRMZM2G137788
Sobic.002G179150,GRMZM2G036983
Sobic.003G402500,GRMZM2G145390
Sobic.010G206300,GRMZM2G348666
Sobic.002G284200,GRMZM2G105245
Sobic.002G284400,GRMZM2G105245
Sobic.003G226100,GRMZM2G480687
Sobic.003G226400,GRMZM2G042421
Sobic.002G284100,GRMZM2G105253
Sobic.002G262850,GRMZM2G080871
Sobic.002G410700,GRMZM2G008232
Sobic.002G262500,GRMZM2G440005
Sobic.004G312100,GRMZM2G081371
Sobic.009G250900,GRMZM2G412937
Sobic.009G140700,GRMZM2G016817
Sobic.002G401700,GRMZM2G136578
Sobic.004G192900,GRMZM2G176382
Sobic.006G027300,GRMZM2G045473
Sobic.006G026800,GRMZM2G170208
Sobic.006G026900,GRMZM2G170208
Sobic.007G013400,GRMZM2G457699
Sobic.001G068800,GRMZM2G454889
Sobic.006G019300,GRMZM2G149708
Sobic.009G065700,GRMZM2G399961
Sobic.009G065800,GRMZM2G399961
Sobic.006G200600,GRMZM2G162266
Sobic.006G012200,GRMZM2G141383
Sobic.001G217300,GRMZM2G153233
Sobic.008G138600,GRMZM2G179325
Sobic.001G386000,GRMZM2G031001
Sobic.001G067601,GRMZM2G519210
Sobic.001G323000,GRMZM2G343688
Sobic.006G102300,GRMZM2G442546
Sobic.006G102400,GRMZM2G442546
Sobic.009G221400,GRMZM2G059939
Sobic.003G319700,GRMZM2G138800
Sobic.004G217700,GRMZM2G028830
Sobic.006G052300,AC235541_1_FG002
Sobic.006G052100,GRMZM2G179106
Sobic.006G052200,GRMZM5G826658
Sobic.001G441200,GRMZM2G157157
Sobic.002G248700,GRMZM2G103713
Sobic.009G216050,GRMZM2G079263
Sobic.001G283700,GRMZM2G072427
Sobic.002G248900,GRMZM5G871418
Sobic.002G249000,GRMZM2G104299
Sobic.001G013100,GRMZM2G123901
Sobic.001G358600,GRMZM2G063498
Sobic.004G225800,GRMZM2G178509
Sobic.001G035800,GRMZM2G155525
Sobic.007G136900,GRMZM2G153184
Sobic.003G301200,GRMZM2G105863
Sobic.004G198500,GRMZM2G168176
Sobic.005G131400,GRMZM2G161521
Sobic.005G131700,GRMZM2G161521
Sobic.004G220300,GRMZM2G074604
Sobic.001G108400,GRMZM2G143238
Sobic.008G072900,GRMZM2G010669
Sobic.008G131400,GRMZM2G143046
Sobic.008G129300,GRMZM2G479885
Sobic.003G252700,GRMZM2G034526
Sobic.009G179200,GRMZM2G044457
Sobic.009G179300,GRMZM2G044512
Sobic.010G056200,GRMZM2G029370
Sobic.001G136600,GRMZM2G003607
Sobic.001G136500,GRMZM2G083783
Sobic.002G281200,GRMZM2G021092
Sobic.002G215200,GRMZM2G140342
Sobic.001G418800,GRMZM2G096231
Sobic.001G148000,GRMZM2G149219
Sobic.001G148101,GRMZM2G149238
Sobic.004G030400,GRMZM2G016168
Sobic.010G251200,GRMZM2G116586
Sobic.004G224800,GRMZM5G828302
Sobic.004G236200,GRMZM2G070045
Sobic.004G236300,GRMZM2G070218
Sobic.009G129800,GRMZM2G179301
Sobic.009G129900,GRMZM2G179301
Sobic.001G148200,GRMZM2G134398
Sobic.010G221400,GRMZM2G124421
Sobic.004G224700,GRMZM2G393673
Sobic.004G224766,GRMZM2G393673
Sobic.003G034000,GRMZM2G413857
Sobic.001G318300,GRMZM2G025190
Sobic.001G318500,GRMZM2G025190
Sobic.001G318600,GRMZM2G025190
Sobic.001G318700,GRMZM2G025190
Sobic.001G318900,GRMZM2G025190
Sobic.001G319000,GRMZM2G025190
Sobic.001G319100,GRMZM2G025190
Sobic.001G319200,GRMZM2G025190
Sobic.001G319300,GRMZM2G025190
Sobic.001G318366,GRMZM2G041685
Sobic.001G317600,GRMZM2G066369
Sobic.002G183400,GRMZM2G086066
Sobic.001G318800,GRMZM2G025190
Sobic.001G317700,GRMZM2G066369
Sobic.001G317800,GRMZM2G066369
Sobic.001G318200,GRMZM2G066369
Sobic.001G317400,GRMZM2G028821
Sobic.001G317000,GRMZM2G044383
Sobic.001G317200,GRMZM2G066369
Sobic.004G093600,GRMZM2G015132
Sobic.004G337200,GRMZM2G008728
Sobic.004G337300,GRMZM2G008715
Sobic.009G170100,GRMZM2G359892
Sobic.002G223800,GRMZM2G061884
Sobic.002G289800,GRMZM2G066528
Sobic.005G059500,GRMZM2G060727
Sobic.003G229300,GRMZM2G068690
Sobic.001G119700,GRMZM2G041818
Sobic.001G413900,GRMZM2G428096
Sobic.001G119800,GRMZM2G041770
Sobic.009G172950,GRMZM2G100639
Sobic.001G413200,GRMZM2G041989
Sobic.009G173200,GRMZM2G125037
Sobic.001G386600,GRMZM2G314064
Sobic.001G412700,GRMZM2G042639
Sobic.001G412800,GRMZM2G043291
Sobic.009G003700,GRMZM2G441583
Sobic.010G199700,GRMZM2G071573
Sobic.010G199600,GRMZM2G101693
Sobic.004G219000,GRMZM2G075683
Sobic.005G030400,GRMZM2G012391
Sobic.002G080100,GRMZM2G079632
Sobic.002G383100,GRMZM2G081857
Sobic.010G120400,GRMZM2G008539
Sobic.010G120600,GRMZM2G008539
Sobic.010G121300,GRMZM2G099745
Sobic.002G382600,GRMZM2G382106
Sobic.004G158300,GRMZM2G084684
Sobic.006G105900,GRMZM2G337113
Sobic.009G177800,GRMZM2G129166
Sobic.003G052000,GRMZM2G150962
Sobic.001G333200,GRMZM2G030955
Sobic.001G333500,GRMZM2G130121
Sobic.003G387900,GRMZM5G815894
Sobic.003G253600,GRMZM2G080499
Sobic.003G253500,GRMZM2G080583
Sobic.003G253400,GRMZM2G027856
Sobic.004G300000,GRMZM2G072865
Sobic.001G115600,GRMZM2G126049
Sobic.002G332750,GRMZM2G019999
Sobic.004G004200,GRMZM2G429241
Sobic.004G004300,GRMZM2G429241
Sobic.004G005000,GRMZM2G053707
Sobic.004G005300,GRMZM2G159047
Sobic.001G213000,GRMZM2G317021
Sobic.001G314500,GRMZM2G312693
Sobic.002G174300,GRMZM2G025895
Sobic.002G174200,GRMZM2G139815
Sobic.005G074400,GRMZM2G091481
Sobic.002G186200,GRMZM2G016551
Sobic.003G388700,GRMZM2G044584
Sobic.002G413200,GRMZM2G174192
Sobic.009G166500,GRMZM2G140609
Sobic.002G142200,GRMZM2G072868
Sobic.004G058900,GRMZM2G126827
Sobic.002G403100,GRMZM2G036113
Sobic.003G254900,GRMZM2G122615
Sobic.003G254800,GRMZM2G037368
Sobic.004G278100,GRMZM2G335685
Sobic.004G278200,GRMZM2G335685
Sobic.001G134800,GRMZM2G133684
Sobic.001G424800,GRMZM2G160324
Sobic.001G424700,GRMZM2G160428
Sobic.003G209200,GRMZM2G142334
Sobic.002G301400,GRMZM2G171723
Sobic.001G396600,GRMZM2G383790
Sobic.001G396700,GRMZM2G383790
Sobic.010G104900,GRMZM2G063693
Sobic.010G105000,GRMZM2G063693
Sobic.003G191800,GRMZM2G081816
Sobic.010G020400,GRMZM2G122135
Sobic.003G184800,GRMZM2G011592
Sobic.002G301000,GRMZM2G067489
Sobic.002G109400,AC233926_1_FG002
Sobic.002G109500,GRMZM2G000221
Sobic.006G002700,GRMZM2G479125
Sobic.006G259401,GRMZM2G064949
Sobic.006G153400,GRMZM2G062412
Sobic.006G073200,GRMZM2G045185
Sobic.003G018000,GRMZM2G085550
Sobic.006G153900,GRMZM2G062024
Sobic.009G143000,GRMZM2G018971
Sobic.001G443200,GRMZM2G061096
Sobic.004G339700,GRMZM5G857379
Sobic.002G268200,GRMZM2G013255
Sobic.002G268100,GRMZM2G149520
Sobic.008G059900,GRMZM2G036534
Sobic.003G353800,GRMZM2G054807
Sobic.001G038100,GRMZM2G151873
Sobic.001G441500,GRMZM2G157197
Sobic.001G418100,GRMZM2G044027
Sobic.001G441600,GRMZM2G152663
Sobic.003G196000,GRMZM2G100911
Sobic.004G170400,GRMZM2G451281
Sobic.001G154500,GRMZM5G829103
Sobic.002G362600,GRMZM2G132753
Sobic.004G222800,GRMZM2G153263
Sobic.004G082900,GRMZM2G171604
Sobic.001G141400,GRMZM2G107136
Sobic.004G315000,GRMZM5G843892
Sobic.010G096000,GRMZM5G868913
Sobic.004G314900,GRMZM2G134552
Sobic.004G041100,GRMZM2G067313
Sobic.004G041500,GRMZM5G829894
Sobic.004G041800,AC233959_1_FG006
Sobic.001G061700,GRMZM2G060765
Sobic.009G044800,GRMZM2G166694
Sobic.001G154400,GRMZM2G023392
Sobic.006G018100,GRMZM2G045809
Sobic.004G042200,GRMZM2G147800
Sobic.004G042900,GRMZM2G425774
Sobic.009G162000,GRMZM2G059637
Sobic.003G354000,GRMZM2G059453
Sobic.002G337800,GRMZM2G031323
Sobic.003G338000,GRMZM2G059353
Sobic.006G089700,GRMZM2G151021
Sobic.005G138900,GRMZM2G012544
Sobic.001G443300,GRMZM2G147603
Sobic.001G195000,GRMZM2G181231
Sobic.001G416600,GRMZM2G044281
Sobic.001G418000,GRMZM2G044281
Sobic.001G417900,GRMZM2G157329
Sobic.003G397900,GRMZM2G133173
Sobic.005G198500,GRMZM2G140527
Sobic.003G398400,GRMZM2G401050
Sobic.006G149200,GRMZM2G171372
Sobic.002G402000,GRMZM2G136367
Sobic.003G083300,GRMZM5G850019
Sobic.004G002800,GRMZM2G008047
Sobic.003G421100,GRMZM2G050997
Sobic.006G127400,GRMZM2G021619
Sobic.003G119800,GRMZM2G064541
Sobic.001G222900,AC198361_3_FG004
Sobic.003G037000,GRMZM2G008513
Sobic.007G176600,GRMZM2G342655
Sobic.003G018900,GRMZM2G400907
Sobic.003G296400,GRMZM2G055795
Sobic.003G440600,GRMZM2G174137
Sobic.008G157000,GRMZM2G079957
Sobic.003G440800,GRMZM2G174221
Sobic.003G441601,GRMZM2G061305
Sobic.003G441500,GRMZM2G097316
Sobic.003G441800,GRMZM2G097316
Sobic.003G441700,GRMZM2G097340
Sobic.007G137300,GRMZM2G117193
Sobic.003G363500,GRMZM2G060027
Sobic.010G094500,GRMZM2G110726
Sobic.002G228800,GRMZM2G446946
Sobic.002G228900,GRMZM2G467907
Sobic.006G059500,GRMZM2G136624
Sobic.002G229300,GRMZM2G072240
Sobic.002G229400,GRMZM2G072488
Sobic.004G062100,GRMZM2G111136
Sobic.010G067900,GRMZM2G455243
Sobic.004G062400,GRMZM2G058252
Sobic.010G068001,GRMZM2G455306
Sobic.010G107400,GRMZM2G168956
Sobic.004G246100,GRMZM2G087792
Sobic.004G157100,GRMZM5G872392
Sobic.004G246700,GRMZM2G181519
Sobic.003G444300,GRMZM5G832175
Sobic.001G336200,GRMZM2G470442
Sobic.010G252600,GRMZM2G431573
Sobic.001G250200,GRMZM2G064590
Sobic.001G250300,GRMZM2G520535
Sobic.003G438100,GRMZM5G813403
Sobic.009G216800,GRMZM2G079836
Sobic.002G317300,GRMZM2G154489
Sobic.009G216700,GRMZM2G079723
Sobic.001G206900,GRMZM2G082529
Sobic.003G033300,GRMZM2G078058
Sobic.006G158400,GRMZM2G053977
Sobic.006G158500,GRMZM2G053977
Sobic.006G158600,GRMZM2G354909
Sobic.004G052200,GRMZM2G158520
Sobic.006G158700,GRMZM2G354909
Sobic.004G235900,GRMZM2G320786
Sobic.004G236000,GRMZM2G320786
Sobic.004G236100,GRMZM2G320786
Sobic.010G273800,GRMZM2G088753
Sobic.010G168900,GRMZM2G171031
Sobic.003G257100,GRMZM2G127780
Sobic.010G205300,GRMZM2G105167
Sobic.003G356900,GRMZM2G181484
Sobic.003G357100,GRMZM2G004949
Sobic.003G357300,GRMZM2G005112
Sobic.001G486100,GRMZM2G419938
Sobic.001G485500,GRMZM2G156486
Sobic.001G485800,GRMZM2G156486
Sobic.010G204700,GRMZM2G040689
Sobic.003G365300,GRMZM5G839592
Sobic.004G000100,GRMZM2G034143
Sobic.008G125100,GRMZM2G304915
Sobic.002G318300,GRMZM2G075828
Sobic.008G125200,GRMZM2G011141
Sobic.007G032000,GRMZM2G005024
Sobic.002G318600,GRMZM2G127510
Sobic.004G230900,GRMZM2G303915
Sobic.005G091000,GRMZM2G068398
Sobic.005G059100,GRMZM2G317652
Sobic.005G059200,GRMZM2G317652
Sobic.006G196400,GRMZM2G092128
Sobic.002G309500,GRMZM2G075719
Sobic.003G342000,GRMZM2G141382
Sobic.006G113200,GRMZM2G022637
Sobic.006G113400,GRMZM2G022637
Sobic.006G113800,GRMZM2G060712
Sobic.006G113500,GRMZM2G119975
Sobic.006G113700,GRMZM2G119975
Sobic.006G113900,GRMZM2G119975
Sobic.006G114200,GRMZM2G370507
Sobic.004G033100,GRMZM2G054621
Sobic.004G260300,GRMZM2G038279
Sobic.004G036700,GRMZM2G011456
Sobic.003G300100,GRMZM2G027976
Sobic.004G107300,GRMZM2G007288
Sobic.003G300300,GRMZM2G127665
Sobic.001G185600,GRMZM5G842695
Sobic.001G185400,GRMZM2G031938
Sobic.001G185500,GRMZM5G842695
Sobic.001G185800,GRMZM5G842695
Sobic.009G065300,GRMZM2G426469
Sobic.002G266900,GRMZM2G474579
Sobic.010G210200,GRMZM2G409104
Sobic.010G210300,GRMZM2G409104
Sobic.004G279400,GRMZM2G029815
Sobic.004G279300,GRMZM2G029850
Sobic.010G210500,GRMZM2G108477
Sobic.001G134500,GRMZM2G075974
Sobic.001G134600,GRMZM2G060070
Sobic.003G198400,GRMZM2G430266
Sobic.009G219000,GRMZM2G114513
Sobic.004G172700,GRMZM2G118737
Sobic.001G311100,GRMZM2G136769
Sobic.004G193700,GRMZM2G444643
Sobic.001G368500,GRMZM2G086788
Sobic.001G367700,GRMZM5G898740
Sobic.002G049000,GRMZM2G011742
Sobic.003G399600,GRMZM2G396418
Sobic.004G249000,GRMZM2G089357
Sobic.004G248800,GRMZM2G089454
Sobic.002G411600,GRMZM2G144971
Sobic.004G176200,GRMZM2G418916
Sobic.002G241400,GRMZM2G069528
Sobic.003G373600,GRMZM2G452630
Sobic.003G245600,GRMZM2G152774
Sobic.003G245700,GRMZM2G152774
Sobic.010G207700,GRMZM2G431524
Sobic.009G222600,GRMZM2G083477
Sobic.003G237900,GRMZM2G022915
Sobic.007G069600,GRMZM2G006083
Sobic.001G526800,GRMZM2G026223
Sobic.007G154701,GRMZM2G412846
Sobic.002G076100,GRMZM2G095078
Sobic.006G109100,GRMZM2G325131
Sobic.001G331900,GRMZM2G425736
Sobic.001G332500,GRMZM2G425430
Sobic.001G078800,GRMZM2G138861
Sobic.001G527500,GRMZM2G475289
Sobic.001G078900,GRMZM2G124540
Sobic.010G078900,GRMZM2G142072
Sobic.002G265400,GRMZM2G078465
Sobic.001G079100,GRMZM5G886709
Sobic.001G528600,GRMZM2G104468
Sobic.002G309800,GRMZM2G161611
Sobic.002G309700,GRMZM2G138220
Sobic.002G306600,GRMZM2G085670
Sobic.009G036500,GRMZM2G127490
Sobic.003G081700,GRMZM2G013790
Sobic.002G306400,GRMZM2G088590
Sobic.002G306300,GRMZM5G802881
Sobic.003G049400,GRMZM2G039828
Sobic.007G132400,GRMZM2G458782
Sobic.001G090100,GRMZM2G009843
Sobic.003G382600,AC210163_3_FG005
Sobic.001G089800,GRMZM2G456690
Sobic.003G382100,GRMZM2G080917
Sobic.001G522300,GRMZM2G371137
Sobic.001G522400,GRMZM2G129243
Sobic.003G381900,GRMZM5G856881
Sobic.001G089000,GRMZM2G017186
Sobic.001G089100,GRMZM2G147687
Sobic.001G522700,GRMZM2G025642
Sobic.001G088900,GRMZM2G016671
Sobic.002G400000,GRMZM2G148213
Sobic.009G154300,GRMZM2G465835
Sobic.005G131900,GRMZM2G033356
Sobic.003G079800,GRMZM2G094028
Sobic.003G080000,GRMZM2G094028
Sobic.003G080100,GRMZM2G094028
Sobic.003G080700,GRMZM2G412760
Sobic.004G265500,GRMZM2G125432
Sobic.002G308200,GRMZM2G313643
Sobic.002G308300,GRMZM2G313672
Sobic.002G418900,GRMZM2G381404
Sobic.002G418200,GRMZM2G158162
Sobic.004G207900,GRMZM2G001033
Sobic.001G434300,GRMZM2G377647
Sobic.010G014800,GRMZM2G352108
Sobic.004G091200,GRMZM2G163572
Sobic.003G328800,GRMZM2G071790
Sobic.002G299800,GRMZM2G450069
Sobic.006G028100,GRMZM2G008864
Sobic.003G034400,GRMZM5G853245
Sobic.001G286300,GRMZM2G157878
Sobic.001G286200,GRMZM2G456603
Sobic.005G139075,GRMZM2G001200
Sobic.008G152800,GRMZM2G007555
Sobic.006G188900,GRMZM2G109869
Sobic.006G270500,GRMZM2G459874
Sobic.007G165400,GRMZM2G092268
Sobic.001G259400,GRMZM2G145412
Sobic.001G259700,GRMZM2G145412
Sobic.001G259900,GRMZM2G145412
Sobic.001G259600,GRMZM2G145458
Sobic.006G115300,GRMZM2G155491
Sobic.006G270900,GRMZM2G049495
Sobic.008G153600,GRMZM2G130374
Sobic.006G271200,GRMZM2G064212
Sobic.009G202801,GRMZM5G845682
Sobic.002G014800,GRMZM2G015739
Sobic.009G024000,GRMZM2G024533
Sobic.004G308900,GRMZM2G103085
Sobic.006G114900,GRMZM2G027871
Sobic.006G114800,GRMZM2G330430
Sobic.002G016300,GRMZM2G100176
Sobic.007G177600,GRMZM2G043353
Sobic.002G085700,GRMZM5G892627
Sobic.010G264400,GRMZM2G115518
Sobic.003G268900,GRMZM2G041774
Sobic.003G269000,GRMZM2G335826
Sobic.001G529200,GRMZM2G406204
Sobic.010G128800,GRMZM2G439459
Sobic.010G129000,GRMZM2G439459
Sobic.010G129100,GRMZM2G439459
Sobic.007G203200,GRMZM2G166355
Sobic.001G313500,GRMZM2G003076
Sobic.009G184400,GRMZM2G020150
Sobic.004G021300,GRMZM2G141910
Sobic.004G293000,GRMZM2G329532
Sobic.003G040200,GRMZM2G099466
Sobic.010G092300,GRMZM2G124288
Sobic.004G108300,GRMZM2G114675
Sobic.004G108400,GRMZM2G114675
Sobic.006G002500,GRMZM2G039029
Sobic.007G219500,GRMZM2G113127
Sobic.005G059800,GRMZM2G096480
Sobic.005G021500,GRMZM2G174938
Sobic.006G143100,GRMZM2G118950
Sobic.006G051900,GRMZM2G143242
Sobic.009G001000,GRMZM2G156881
Sobic.010G069700,GRMZM5G866027
Sobic.010G069800,GRMZM5G866027
Sobic.010G069900,GRMZM5G866027
Sobic.006G137300,GRMZM2G097573
Sobic.006G129000,GRMZM2G021219
Sobic.003G086700,GRMZM2G058398
Sobic.003G397200,AC234165_1_FG002
Sobic.001G497900,GRMZM2G397339
Sobic.009G073500,GRMZM2G132550
Sobic.009G073800,GRMZM2G132550
Sobic.006G079900,GRMZM2G107588
Sobic.010G241000,GRMZM2G113349
Sobic.001G497300,GRMZM2G038982
Sobic.002G083000,AC205008_4_FG002
Sobic.001G440600,GRMZM5G849530
Sobic.003G262200,GRMZM2G312712
Sobic.002G361400,GRMZM2G017016
Sobic.008G110200,GRMZM2G004959
Sobic.010G242200,GRMZM2G457211
Sobic.001G321000,GRMZM2G087383
Sobic.007G132000,GRMZM2G056400
Sobic.002G326200,GRMZM2G165644
Sobic.002G326100,GRMZM2G468657
Sobic.002G325200,GRMZM2G339907
Sobic.003G327100,AC213654_3_FG001
Sobic.008G136100,GRMZM2G123900
Sobic.001G080200,GRMZM2G047456
Sobic.001G080300,GRMZM2G047656
Sobic.003G326900,GRMZM2G702059
Sobic.002G198600,GRMZM5G851051
Sobic.003G234000,GRMZM2G122028
Sobic.008G151366,GRMZM2G142660
Sobic.008G151500,GRMZM2G142660
Sobic.004G267400,GRMZM2G101350
Sobic.004G267600,GRMZM2G115701
Sobic.002G050100,GRMZM2G046750
Sobic.002G050300,GRMZM2G046750
Sobic.001G254700,GRMZM2G157806
Sobic.002G050900,GRMZM2G153741
Sobic.006G083400,GRMZM2G113629
Sobic.006G083201,GRMZM2G420280
Sobic.003G076600,GRMZM2G020772
Sobic.003G406000,GRMZM2G133428
Sobic.009G213500,GRMZM2G121186
Sobic.005G055000,AC216067_3_FG002
Sobic.007G166800,GRMZM2G086123
Sobic.003G229800,GRMZM2G429873
Sobic.010G214800,GRMZM2G055273
Sobic.010G215000,GRMZM2G341698
Sobic.003G229700,GRMZM2G065203
Sobic.001G207600,GRMZM5G870629
Sobic.006G233600,GRMZM2G431783
Sobic.008G188900,GRMZM2G099319
Sobic.006G234800,GRMZM2G036262
Sobic.006G234900,GRMZM2G043027
Sobic.006G235000,GRMZM2G043027
Sobic.001G432000,GRMZM2G360429
Sobic.001G431900,GRMZM2G060138
Sobic.001G431800,GRMZM2G060148
Sobic.009G218800,GRMZM2G068703
Sobic.007G143000,GRMZM2G108008
Sobic.009G229700,GRMZM2G451224
Sobic.009G229600,GRMZM2G150257
Sobic.001G447100,GRMZM2G122543
Sobic.001G119200,GRMZM2G004012
Sobic.001G119100,GRMZM2G004106
Sobic.001G119000,GRMZM2G004160
Sobic.006G282300,AC199765_4_FG008
Sobic.008G168100,GRMZM2G003509
Sobic.001G493900,GRMZM2G417455
Sobic.001G493700,GRMZM2G314133
Sobic.007G136800,GRMZM2G082174
Sobic.002G230900,GRMZM2G140633
Sobic.001G462200,GRMZM2G064841
Sobic.001G461900,GRMZM2G111214
Sobic.001G442500,GRMZM2G152390
Sobic.001G461400,GRMZM5G808775
Sobic.004G337900,GRMZM5G885029
Sobic.001G361800,GRMZM2G043346
Sobic.001G488900,GRMZM2G139963
Sobic.004G276400,GRMZM2G428242
Sobic.001G179300,GRMZM2G011832
Sobic.004G345400,GRMZM2G056419
Sobic.009G165300,GRMZM2G399495
Sobic.004G270200,GRMZM2G108829
Sobic.001G489600,GRMZM2G162814
Sobic.001G489700,GRMZM2G162776
Sobic.003G250600,GRMZM2G023237
Sobic.006G062800,GRMZM2G122239
Sobic.001G490500,GRMZM2G162725
Sobic.001G490900,GRMZM2G136113
Sobic.001G491000,GRMZM2G026807
Sobic.002G258800,GRMZM5G870752
Sobic.002G259000,GRMZM5G870752
Sobic.002G259400,GRMZM5G868588
Sobic.006G076400,GRMZM2G447984
Sobic.002G259600,GRMZM2G054277
Sobic.006G128900,GRMZM2G139038
Sobic.002G175400,GRMZM2G129453
Sobic.003G253300,GRMZM2G027766
Sobic.003G275800,GRMZM2G474537
Sobic.009G199900,GRMZM2G141756
Sobic.001G425300,GRMZM2G007055
Sobic.001G425200,GRMZM2G306806
Sobic.008G094400,GRMZM2G021706
Sobic.008G094000,GRMZM2G173669
Sobic.008G094300,GRMZM2G173669
Sobic.006G258900,GRMZM2G010555
Sobic.006G258600,GRMZM2G102450
Sobic.010G165000,GRMZM2G026744
Sobic.010G165100,GRMZM2G085568
Sobic.004G262200,GRMZM2G028397
Sobic.003G233200,GRMZM2G029547
Sobic.003G232600,GRMZM2G037431
Sobic.009G168500,GRMZM2G389089
Sobic.004G214000,GRMZM2G071846
Sobic.007G029400,GRMZM2G066460
Sobic.003G348200,AC214448_3_FG007
Sobic.003G300400,GRMZM2G324705
Sobic.009G104100,AC233895_1_FG001
Sobic.001G284400,GRMZM2G057466
Sobic.002G310900,GRMZM2G163095
Sobic.003G404600,GRMZM2G129114
Sobic.003G405200,GRMZM2G129114
Sobic.003G404700,GRMZM2G001497
Sobic.003G404500,GRMZM2G129155
Sobic.003G404200,GRMZM2G044460
Sobic.003G404000,GRMZM5G852502
Sobic.001G429300,GRMZM2G066120
Sobic.001G429400,GRMZM2G143655
Sobic.001G429700,GRMZM5G883632
Sobic.007G176200,GRMZM2G119761
Sobic.010G195100,GRMZM2G092493
Sobic.003G037100,GRMZM2G308910
Sobic.010G194700,GRMZM5G883993
Sobic.009G200700,GRMZM2G174558
Sobic.008G143800,GRMZM2G060690
Sobic.002G264100,AC200057_4_FG007
Sobic.002G369800,GRMZM2G384528
Sobic.002G368700,GRMZM2G147716
Sobic.004G083700,GRMZM2G497531
Sobic.003G427600,GRMZM2G047310
Sobic.001G111700,GRMZM5G863645
Sobic.001G111600,GRMZM2G015073
Sobic.002G261900,GRMZM5G876773
Sobic.001G111366,GRMZM2G157727
Sobic.001G111500,GRMZM2G157727
Sobic.006G192100,GRMZM2G421256
Sobic.010G172500,GRMZM2G094497
Sobic.007G169500,GRMZM2G144387
Sobic.007G169533,GRMZM2G144387
Sobic.007G169600,GRMZM2G144387
Sobic.003G071100,GRMZM2G151087
Sobic.003G071300,GRMZM2G151087
Sobic.003G071400,GRMZM2G151087
Sobic.009G212200,GRMZM2G106607
Sobic.004G321900,GRMZM2G110185
Sobic.004G321800,GRMZM2G110324
Sobic.006G116100,GRMZM2G124096
Sobic.007G213200,GRMZM2G085210
Sobic.001G467500,GRMZM2G140674
Sobic.001G468000,GRMZM2G035217
Sobic.003G242200,GRMZM2G122228
Sobic.007G008000,AC186577_3_FG006
Sobic.007G008100,GRMZM2G101945
Sobic.007G008200,GRMZM2G101945
Sobic.001G352300,GRMZM2G104353
Sobic.009G178100,GRMZM2G157246
Sobic.004G312400,GRMZM2G104886
Sobic.004G227400,GRMZM2G139765
Sobic.001G127000,GRMZM2G180982
Sobic.001G127100,GRMZM2G180982
Sobic.001G126800,GRMZM2G027797
Sobic.002G180900,GRMZM2G019359
Sobic.001G129400,GRMZM2G079915
Sobic.006G112500,GRMZM2G050431
Sobic.008G119400,GRMZM2G153206
Sobic.003G414700,AC184112_4_FG010
Sobic.003G233700,GRMZM2G047695
Sobic.001G056000,GRMZM5G870592
Sobic.010G061700,GRMZM2G428020
Sobic.004G287400,GRMZM2G005996
Sobic.002G078500,GRMZM2G404688
Sobic.002G078700,GRMZM2G404688
Sobic.003G200700,GRMZM2G354384
Sobic.004G071200,GRMZM2G417945
Sobic.003G405000,GRMZM2G001497
Sobic.003G405300,GRMZM2G001497
Sobic.003G268800,GRMZM2G165099
Sobic.003G108300,GRMZM2G401267
Sobic.001G209000,GRMZM2G153208
Sobic.006G186100,GRMZM2G303135
Sobic.006G186200,GRMZM2G303135
Sobic.008G108601,GRMZM2G060373
Sobic.001G056800,GRMZM2G019361
Sobic.006G242600,GRMZM2G334514
Sobic.006G242701,GRMZM2G334514
Sobic.006G242800,GRMZM2G334514
Sobic.007G026800,GRMZM2G136662
Sobic.003G150400,GRMZM5G818655
Sobic.001G208500,GRMZM2G103983
Sobic.003G061900,GRMZM2G165044
Sobic.010G257100,GRMZM2G135904
Sobic.001G059900,GRMZM2G371210
Sobic.001G060300,GRMZM5G856966
Sobic.006G126400,GRMZM2G130224
Sobic.006G149700,GRMZM2G079683
Sobic.004G202000,GRMZM2G026085
Sobic.004G102500,GRMZM2G369018
Sobic.004G102600,GRMZM2G369018
Sobic.004G102700,GRMZM2G369018
Sobic.010G190500,GRMZM2G146573
Sobic.007G176500,GRMZM2G342687
Sobic.001G428400,GRMZM2G100620
Sobic.004G317200,GRMZM2G463904
Sobic.004G228800,GRMZM5G836939
Sobic.001G402200,GRMZM2G455809
Sobic.006G246400,GRMZM2G363066
Sobic.006G246500,GRMZM2G363066
Sobic.010G260500,GRMZM2G102447
Sobic.001G383700,GRMZM2G312661
Sobic.001G383800,GRMZM2G312661
Sobic.001G310900,GRMZM2G327907
Sobic.002G213600,GRMZM2G399644
Sobic.004G259432,GRMZM2G399921
Sobic.001G366000,GRMZM2G063055
Sobic.003G328600,GRMZM2G072853
Sobic.003G328500,GRMZM2G073003
Sobic.001G518100,GRMZM2G020548
Sobic.003G214100,GRMZM2G318530
Sobic.007G069000,GRMZM2G181192
Sobic.007G069200,GRMZM2G181192
Sobic.001G308700,GRMZM5G899428
Sobic.003G350700,AC209784_3_FG007
Sobic.003G224700,GRMZM2G053047
Sobic.002G350600,GRMZM5G887631
Sobic.006G204900,GRMZM2G156638
Sobic.001G219600,GRMZM2G010362
Sobic.009G232266,GRMZM2G318180
Sobic.004G082000,GRMZM2G569390
Sobic.004G082050,GRMZM2G117700
Sobic.004G082101,GRMZM2G117700
Sobic.006G280000,GRMZM2G376731
Sobic.001G082300,GRMZM2G069722
Sobic.001G082400,GRMZM2G069722
Sobic.004G002300,GRMZM2G002961
Sobic.003G129000,GRMZM2G083239
Sobic.003G128900,GRMZM2G111731
Sobic.002G414800,GRMZM5G897816
Sobic.002G288000,GRMZM2G353779
Sobic.004G325900,GRMZM2G122231
Sobic.001G098400,GRMZM2G416426
Sobic.009G063301,GRMZM2G028110
Sobic.001G012900,GRMZM2G123843
Sobic.001G012700,GRMZM2G421126
Sobic.001G244700,GRMZM2G035664
Sobic.001G011800,GRMZM2G323261
Sobic.001G011000,GRMZM2G022269
Sobic.004G200800,GRMZM2G025832
Sobic.004G200833,GRMZM2G025832
Sobic.004G200900,GRMZM2G025832
Sobic.004G201100,GRMZM2G025832
Sobic.006G047200,GRMZM2G173521
Sobic.009G226400,GRMZM2G149717
Sobic.001G345300,GRMZM2G062996
Sobic.009G226100,GRMZM2G149800
Sobic.009G226200,GRMZM2G149800
Sobic.009G226250,GRMZM2G149800
Sobic.009G226300,GRMZM2G149800
Sobic.005G019100,GRMZM2G179733
Sobic.004G012100,GRMZM5G856837
Sobic.004G323300,GRMZM2G008367
Sobic.002G378800,GRMZM2G079669
Sobic.004G318200,GRMZM2G095778
Sobic.007G050500,GRMZM2G123308
Sobic.007G050300,GRMZM2G305582
Sobic.003G274400,GRMZM2G137965
Sobic.002G417300,GRMZM2G166658
Sobic.006G230700,GRMZM2G106511
Sobic.004G329800,GRMZM5G832135
Sobic.009G148800,GRMZM2G077498
Sobic.009G148900,GRMZM2G378604
Sobic.009G149000,GRMZM2G378604
Sobic.007G215200,GRMZM2G118919
Sobic.010G078300,GRMZM2G033805
Sobic.003G278200,AC188970_3_FG001
Sobic.006G059100,GRMZM2G022347
Sobic.001G387600,GRMZM2G033570
Sobic.001G097000,GRMZM5G852097
Sobic.001G524100,GRMZM2G176585
Sobic.001G524200,GRMZM2G176604
Sobic.001G047800,GRMZM2G170457
Sobic.010G211200,GRMZM2G054093
Sobic.003G026000,GRMZM2G018212
Sobic.003G026100,GRMZM2G018212
Sobic.007G011300,GRMZM2G023335
Sobic.004G109600,GRMZM2G324111
Sobic.004G109700,GRMZM2G324111
Sobic.004G109800,GRMZM2G324111
Sobic.007G068300,GRMZM5G851266
Sobic.007G068500,GRMZM5G851266
Sobic.007G068700,GRMZM5G851266
Sobic.003G428100,GRMZM2G125642
Sobic.003G428300,GRMZM2G156019
Sobic.002G342200,GRMZM2G394261
Sobic.004G296900,GRMZM2G057386
Sobic.004G025500,AC189771_3_FG001
Sobic.005G126300,GRMZM2G122954
Sobic.006G153200,GRMZM2G474883
Sobic.001G351200,GRMZM2G120069
Sobic.001G063600,GRMZM2G028926
Sobic.001G157600,GRMZM2G023372
Sobic.001G165301,GRMZM2G088413
Sobic.001G165401,GRMZM2G088413
Sobic.001G165000,GRMZM2G098063
Sobic.003G188900,GRMZM5G890163
Sobic.006G192500,GRMZM2G314396
Sobic.002G368400,GRMZM2G167463
Sobic.001G457000,GRMZM2G069458
Sobic.002G044100,GRMZM2G055549
Sobic.002G044300,GRMZM2G055549
Sobic.002G044400,GRMZM2G055549
Sobic.002G044600,GRMZM2G463441
Sobic.006G190100,GRMZM2G050234
Sobic.010G201100,GRMZM2G329584
Sobic.004G232400,GRMZM2G061941
Sobic.006G264900,GRMZM2G105327
Sobic.002G390400,GRMZM2G070588
Sobic.009G035300,GRMZM2G109175
Sobic.009G128700,GRMZM2G452384
Sobic.001G366700,GRMZM2G081322
Sobic.003G114800,GRMZM2G122230
Sobic.003G114900,GRMZM2G122230
Sobic.002G394400,GRMZM2G120971
Sobic.003G005900,GRMZM2G123540
Sobic.004G028400,GRMZM2G524937
Sobic.004G030100,GRMZM2G168791
Sobic.001G454700,AC208897_3_FG003
Sobic.001G226000,GRMZM2G037698
Sobic.007G019501,GRMZM2G391364
Sobic.009G131550,GRMZM2G012999
Sobic.007G189900,AC194272_3_FG003
Sobic.010G164900,GRMZM2G316007
Sobic.006G221200,GRMZM2G302712
Sobic.001G023100,GRMZM2G053803
Sobic.001G023300,GRMZM2G366681
Sobic.001G023400,GRMZM2G448523
Sobic.001G234800,GRMZM2G154090
Sobic.001G234900,GRMZM2G154090
Sobic.003G183700,GRMZM2G066101
Sobic.006G213500,GRMZM2G005040
Sobic.008G037700,GRMZM2G465444
Sobic.002G348400,GRMZM2G061234
Sobic.002G196350,GRMZM2G446171
Sobic.002G401200,GRMZM2G433767
Sobic.002G405500,GRMZM2G330690
Sobic.002G401000,GRMZM2G133400
Sobic.002G405600,GRMZM2G037189
Sobic.002G400700,GRMZM2G148133
Sobic.010G163732,GRMZM5G821709
Sobic.010G047500,GRMZM2G429378
Sobic.009G244200,GRMZM2G414844
Sobic.003G204501,GRMZM2G111132
Sobic.003G203700,GRMZM2G409514
Sobic.003G204400,GRMZM2G409514
Sobic.003G204600,GRMZM2G409514
Sobic.003G204900,GRMZM2G409514
Sobic.002G242000,GRMZM2G377855
Sobic.001G498200,GRMZM2G076062
Sobic.002G203000,GRMZM2G129018
Sobic.001G282500,GRMZM2G041028
Sobic.008G048200,GRMZM2G343437
Sobic.001G496400,GRMZM2G166445
Sobic.009G031900,GRMZM2G425427
Sobic.009G032000,GRMZM2G425427
Sobic.006G139700,GRMZM2G045820
Sobic.001G154600,GRMZM2G318671
Sobic.001G227100,GRMZM2G343972
Sobic.002G043300,GRMZM2G044527
Sobic.001G480800,GRMZM2G153393
Sobic.001G480400,GRMZM5G815358
Sobic.010G166500,GRMZM2G136300
Sobic.010G166600,GRMZM2G145989
Sobic.010G166800,GRMZM2G145989
Sobic.009G248500,GRMZM2G080887
Sobic.009G248600,GRMZM2G080887
Sobic.006G237600,GRMZM5G846550
Sobic.010G204600,GRMZM2G117935
Sobic.001G146200,AC186519_4_FG002
Sobic.001G146400,GRMZM2G033871
Sobic.001G146500,GRMZM2G146108
Sobic.007G219100,GRMZM2G113840
Sobic.008G140600,GRMZM2G429139
Sobic.002G210500,GRMZM2G072855
Sobic.007G124100,GRMZM2G061487
Sobic.002G082300,GRMZM2G107065
Sobic.003G031400,GRMZM2G068322
Sobic.002G120300,GRMZM2G132489
Sobic.002G120400,GRMZM2G132489
Sobic.003G031100,GRMZM2G397755
Sobic.003G082500,GRMZM2G049767
Sobic.003G081900,GRMZM2G158232
Sobic.003G082000,GRMZM2G158232
Sobic.003G082100,GRMZM2G158232
Sobic.003G082300,GRMZM2G413897
Sobic.003G082200,GRMZM2G437100
Sobic.010G090200,GRMZM2G152415
Sobic.003G101400,GRMZM2G075320
Sobic.003G370100,GRMZM2G110922
Sobic.003G118100,GRMZM2G145756
Sobic.002G141000,GRMZM2G048257
Sobic.009G100300,GRMZM2G013677
Sobic.003G152900,GRMZM2G462140
Sobic.001G308000,GRMZM2G028033
Sobic.003G341500,GRMZM2G132169
Sobic.002G200700,GRMZM2G077340
Sobic.003G348300,GRMZM2G124016
Sobic.004G074700,GRMZM2G080111
Sobic.001G067900,GRMZM2G361220
Sobic.002G316700,GRMZM2G048907
Sobic.002G315200,GRMZM2G044044
Sobic.001G236400,GRMZM2G173315
Sobic.001G351100,GRMZM2G120069
Sobic.003G354900,GRMZM2G302245
Sobic.009G001200,GRMZM2G461447
Sobic.003G394900,GRMZM2G321810
Sobic.003G304500,GRMZM2G310031
Sobic.003G350900,GRMZM2G108933
Sobic.006G260300,GRMZM2G010435
Sobic.006G260700,GRMZM2G010435
Sobic.002G047000,GRMZM2G144726
Sobic.008G136000,GRMZM2G056039
Sobic.003G430400,GRMZM2G426046
Sobic.003G430500,GRMZM2G426046
Sobic.003G430600,GRMZM2G426046
Sobic.003G379200,GRMZM2G034639
Sobic.002G402600,GRMZM2G036872
Sobic.010G054600,GRMZM2G304362
Sobic.001G148400,GRMZM2G134450
Sobic.001G215500,GRMZM2G380668
Sobic.003G367200,GRMZM2G401009
Sobic.005G087800,GRMZM2G407605
Sobic.005G087666,GRMZM2G407623
Sobic.010G050900,GRMZM2G160463
Sobic.002G214300,GRMZM5G832939
Sobic.001G470600,GRMZM2G159632
Sobic.009G033700,GRMZM2G061447
Sobic.010G230200,GRMZM2G161512
Sobic.005G038700,GRMZM2G030877
Sobic.004G089300,GRMZM2G341171
Sobic.004G089400,GRMZM2G341171
Sobic.002G285700,GRMZM5G835903
Sobic.002G198200,GRMZM2G353885
Sobic.010G182100,GRMZM2G153541
Sobic.010G182200,GRMZM2G153541
Sobic.010G182300,GRMZM2G153541
Sobic.010G182600,GRMZM2G153541
Sobic.004G333200,GRMZM2G180418
Sobic.004G357100,GRMZM2G133752
Sobic.007G135301,GRMZM2G052123
Sobic.009G011000,GRMZM2G089636
Sobic.009G011100,GRMZM2G089636
Sobic.006G093500,GRMZM2G331701
Sobic.001G233400,GRMZM2G060742
Sobic.005G049200,GRMZM2G066464
Sobic.008G062700,GRMZM5G831224
Sobic.010G162400,GRMZM2G031941
Sobic.010G162500,GRMZM2G031941
Sobic.005G041200,GRMZM2G316555
Sobic.005G041150,GRMZM2G011173
Sobic.008G174800,GRMZM2G091278
Sobic.004G081900,GRMZM2G145242
Sobic.010G115500,GRMZM2G060522
Sobic.010G115300,GRMZM2G145720
Sobic.004G197800,AC233938_1_FG003
Sobic.006G215100,GRMZM2G007914
Sobic.003G360600,GRMZM2G083574
Sobic.002G202600,GRMZM2G027563
Sobic.003G293200,GRMZM2G443814
Sobic.001G050400,GRMZM2G168809
Sobic.001G273700,GRMZM2G090887
Sobic.004G079600,GRMZM2G130055
Sobic.004G116600,GRMZM2G172376
Sobic.001G310200,GRMZM2G175134
Sobic.003G294600,GRMZM2G314546
Sobic.007G026000,GRMZM2G127299
Sobic.008G136200,GRMZM2G092652
Sobic.002G355800,GRMZM2G066051
Sobic.006G263200,GRMZM2G020843
Sobic.010G212100,GRMZM2G029856
Sobic.010G212200,GRMZM2G029856
Sobic.003G209800,GRMZM2G104549
Sobic.003G209900,GRMZM2G104549
Sobic.006G144800,GRMZM2G082670
Sobic.008G096000,GRMZM2G006042
Sobic.008G020700,GRMZM2G172586
Sobic.008G021100,GRMZM2G427014
Sobic.006G088000,GRMZM2G053019
Sobic.005G165566,AC209971_4_FG003
Sobic.004G059200,GRMZM2G447989
Sobic.009G219200,AC210659_3_FG001
Sobic.009G219300,AC210659_3_FG001
Sobic.009G219700,AC210659_3_FG001
Sobic.007G139000,GRMZM2G074057
Sobic.007G139200,GRMZM2G438438
Sobic.003G071700,GRMZM2G166064
Sobic.002G040900,GRMZM2G355499
Sobic.004G302400,GRMZM2G315140
Sobic.002G304600,GRMZM2G320591
Sobic.002G305200,GRMZM2G320591
Sobic.002G305300,GRMZM2G320591
Sobic.010G217532,GRMZM2G085218
Sobic.007G059600,GRMZM2G384439
Sobic.006G214600,GRMZM2G007256
Sobic.006G214800,GRMZM2G007713
Sobic.006G215000,GRMZM2G007791
Sobic.009G217100,GRMZM2G174990
Sobic.002G052000,GRMZM2G425728
Sobic.002G052100,GRMZM2G425728
Sobic.005G036300,GRMZM2G051787
Sobic.002G092500,GRMZM2G303829
Sobic.002G092700,GRMZM2G303829
Sobic.002G092801,GRMZM2G303829
Sobic.002G092600,GRMZM2G484706
Sobic.003G345200,GRMZM2G448633
Sobic.008G063100,GRMZM2G181258
Sobic.008G063000,GRMZM2G181251
Sobic.001G393401,GRMZM2G008490
Sobic.002G373600,GRMZM2G111224
Sobic.001G041100,GRMZM2G107745
Sobic.001G512000,GRMZM2G157510
Sobic.003G011100,GRMZM2G159388
Sobic.001G330925,GRMZM2G068826
Sobic.001G392500,GRMZM5G895991
Sobic.002G417900,GRMZM5G890815
Sobic.002G417700,GRMZM5G845472
Sobic.007G009500,GRMZM2G116685
Sobic.001G341400,GRMZM2G110067
Sobic.001G340700,GRMZM2G382774
Sobic.009G229900,GRMZM2G377615
Sobic.006G125900,GRMZM2G100872
Sobic.002G225800,GRMZM2G096249
Sobic.003G027000,GRMZM2G471089
Sobic.001G494400,GRMZM2G169295
Sobic.010G220400,GRMZM2G109966
Sobic.010G101200,GRMZM2G027392
Sobic.006G178500,GRMZM2G109865
Sobic.006G140400,GRMZM2G051948
Sobic.003G220000,GRMZM2G094490
Sobic.003G137700,GRMZM2G038003
Sobic.002G204700,GRMZM2G093838
Sobic.002G204800,GRMZM2G093838
Sobic.006G107600,GRMZM2G032721
Sobic.004G031100,GRMZM2G444748
Sobic.004G243900,GRMZM2G378665
Sobic.003G421400,GRMZM2G366622
Sobic.004G244000,GRMZM2G140150
Sobic.001G501200,GRMZM5G863105
Sobic.010G040200,GRMZM2G005522
Sobic.010G040700,GRMZM2G005522
Sobic.001G167600,GRMZM2G154320
Sobic.002G039100,GRMZM2G395535
Sobic.004G247900,GRMZM2G375782
Sobic.007G000100,GRMZM2G075628
Sobic.003G361200,GRMZM2G007659
Sobic.001G169800,GRMZM2G026346
Sobic.009G000500,GRMZM2G396292
Sobic.004G063600,GRMZM2G131638
Sobic.004G063750,GRMZM2G420012
Sobic.006G155600,GRMZM2G177866
Sobic.004G338300,GRMZM2G168335
Sobic.010G034200,GRMZM2G323418
Sobic.010G034300,GRMZM2G323418
Sobic.009G010400,GRMZM2G567897
Sobic.006G112000,GRMZM2G050458
Sobic.002G379600,GRMZM2G117707
Sobic.002G326300,GRMZM2G468610
Sobic.002G326400,GRMZM2G468610
Sobic.004G261200,GRMZM2G180920
Sobic.002G249800,GRMZM2G380014
Sobic.005G025400,GRMZM2G472311
Sobic.010G258500,GRMZM2G084942
Sobic.010G258700,GRMZM2G085117
Sobic.003G043000,GRMZM2G363535
Sobic.002G220300,GRMZM2G127537
Sobic.010G063801,GRMZM2G156027
Sobic.010G089200,GRMZM2G323422
Sobic.001G418600,GRMZM2G145275
Sobic.001G419000,GRMZM2G145275
Sobic.001G419100,GRMZM2G145275
Sobic.001G419200,GRMZM2G145275
Sobic.001G419300,GRMZM2G145275
Sobic.001G419400,GRMZM2G145275
Sobic.001G419500,GRMZM2G145275
Sobic.001G419600,GRMZM2G145275
Sobic.001G419700,GRMZM2G145275
Sobic.001G419801,GRMZM2G145275
Sobic.001G419900,GRMZM2G145275
Sobic.001G420100,GRMZM2G428391
Sobic.002G095400,GRMZM2G147560
Sobic.002G095600,GRMZM2G147560
Sobic.002G052700,GRMZM2G070807
Sobic.002G334000,GRMZM2G339645
Sobic.002G334100,GRMZM2G339645
Sobic.002G334200,GRMZM2G339645
Sobic.002G334500,GRMZM2G339645
Sobic.002G275100,GRMZM2G179024
Sobic.002G276000,GRMZM2G109448
Sobic.006G063500,GRMZM2G068590
Sobic.006G062900,GRMZM2G165063
Sobic.006G063100,GRMZM2G165063
Sobic.006G063200,GRMZM2G165063
Sobic.008G150400,GRMZM2G088613
Sobic.008G043500,GRMZM2G163998
Sobic.004G224000,GRMZM2G120922
Sobic.009G006600,GRMZM2G070500
Sobic.009G006500,GRMZM2G454424
Sobic.001G295700,GRMZM2G058149
Sobic.010G121500,GRMZM2G010637
Sobic.001G293400,GRMZM2G042538
Sobic.006G252200,GRMZM2G061745
Sobic.003G016100,GRMZM2G463986
Sobic.003G253700,GRMZM2G062121
Sobic.004G232500,GRMZM2G578314
Sobic.010G162800,GRMZM2G080839
Sobic.003G348800,GRMZM2G359234
Sobic.008G149650,GRMZM2G034563
Sobic.007G013000,GRMZM2G015793
Sobic.004G306500,GRMZM2G046885
Sobic.004G340100,GRMZM2G144146
Sobic.009G157500,GRMZM2G002128
Sobic.003G406600,GRMZM5G878561
Sobic.005G209600,GRMZM2G001116
Sobic.009G042000,GRMZM2G040078
Sobic.003G200800,GRMZM2G052088
Sobic.003G002400,GRMZM5G835677
Sobic.003G016500,GRMZM2G085266
Sobic.001G333700,GRMZM2G464580
Sobic.008G083100,GRMZM2G465257
Sobic.010G076600,GRMZM2G055982
Sobic.004G286600,GRMZM2G147014
Sobic.002G182800,GRMZM2G002465
Sobic.002G182900,GRMZM2G002465
Sobic.002G183100,GRMZM2G162396
Sobic.002G183200,GRMZM2G162396
Sobic.010G273900,GRMZM2G088737
Sobic.003G223900,GRMZM2G148555
Sobic.004G032500,GRMZM2G139714
Sobic.001G519100,GRMZM5G887276
Sobic.003G043600,GRMZM2G305900
Sobic.009G190200,GRMZM2G370715
Sobic.002G387900,AC195147_3_FG008
Sobic.005G133900,GRMZM2G046574
Sobic.009G160100,AC203754_4_FG008
Sobic.003G003600,GRMZM2G475305
Sobic.003G258700,GRMZM2G452801
Sobic.003G258600,GRMZM2G452807
Sobic.001G174900,GRMZM5G830403
Sobic.001G487000,GRMZM2G142609
Sobic.002G361300,GRMZM2G090715
Sobic.002G222200,GRMZM2G389173
Sobic.010G047100,GRMZM2G130079
Sobic.010G047200,GRMZM2G130079
Sobic.004G323700,GRMZM2G089466
Sobic.007G200600,GRMZM2G132780
Sobic.001G166800,GRMZM2G056303
Sobic.007G075400,GRMZM2G478370
Sobic.001G349000,GRMZM2G120587
Sobic.005G019700,GRMZM2G350326
Sobic.001G081600,GRMZM2G050512
Sobic.003G101850,GRMZM2G051577
Sobic.003G144600,GRMZM2G103755
Sobic.002G361500,GRMZM2G053338
Sobic.002G361900,GRMZM2G309970
Sobic.010G251600,GRMZM2G077208
Sobic.001G406000,GRMZM2G459824
Sobic.003G134800,GRMZM2G011101
Sobic.004G337500,GRMZM2G163200
Sobic.003G333900,GRMZM2G133189
Sobic.004G194100,GRMZM2G060355
Sobic.001G147200,AY542798_1_FG003
Sobic.002G274800,GRMZM2G091837
Sobic.002G020200,GRMZM2G145654
Sobic.002G274700,GRMZM2G386971
Sobic.001G375100,GRMZM2G042074
Sobic.001G108800,GRMZM2G133198
Sobic.003G055300,GRMZM5G832229
Sobic.010G202100,GRMZM2G141288
Sobic.009G183400,GRMZM2G088951
Sobic.006G106800,AC197340_3_FG003
Sobic.006G102900,GRMZM2G092107
Sobic.001G015300,GRMZM2G316148
Sobic.001G015000,GRMZM2G016738
Sobic.003G118200,GRMZM2G028010
Sobic.001G524300,GRMZM2G089860
Sobic.010G107100,GRMZM2G033175
Sobic.009G163400,AC213621_5_FG002
Sobic.010G174800,GRMZM2G119546
Sobic.010G091600,AC214132_2_FG006
Sobic.009G255900,GRMZM2G102255
Sobic.002G359200,GRMZM2G057260
Sobic.001G009400,GRMZM2G084176
Sobic.004G307300,GRMZM2G101412
Sobic.001G007200,GRMZM2G115456
Sobic.004G344100,GRMZM2G017869
Sobic.001G399100,GRMZM2G036086
Sobic.010G005300,GRMZM2G084739
Sobic.008G140800,GRMZM2G087069
Sobic.001G105000,GRMZM2G092091
Sobic.002G233600,GRMZM2G150796
Sobic.004G318400,GRMZM2G332560
Sobic.009G016201,GRMZM2G045971
Sobic.001G075900,GRMZM2G177046
Sobic.001G178400,GRMZM2G146589
Sobic.003G138300,GRMZM2G413263
Sobic.003G367451,GRMZM2G178244
Sobic.002G426400,GRMZM2G113056
Sobic.003G136900,GRMZM2G115960
Sobic.009G214900,GRMZM2G094884
Sobic.010G261900,GRMZM2G409734
Sobic.002G307800,GRMZM2G069928
Sobic.002G254300,AC225790_2_FG003
Sobic.002G231800,GRMZM2G416625
Sobic.007G042800,GRMZM2G096422
Sobic.008G159901,GRMZM2G052650
Sobic.008G159701,GRMZM2G052619
Sobic.009G165700,GRMZM2G134753
Sobic.007G161100,GRMZM2G115730
Sobic.010G236300,AC207656_3_FG002
Sobic.001G225100,GRMZM2G413482
Sobic.006G206800,GRMZM2G140328
Sobic.006G172550,GRMZM2G162276
Sobic.006G172601,GRMZM2G162276
Sobic.006G263300,GRMZM2G040736
Sobic.006G263600,GRMZM2G343317
Sobic.006G094500,GRMZM2G021831
Sobic.006G094800,GRMZM2G021459
Sobic.010G074300,GRMZM2G443148
Sobic.001G450500,GRMZM2G344388
Sobic.004G288700,AC209208_3_FG002
Sobic.003G261700,GRMZM2G415751
Sobic.003G376200,GRMZM2G078667
Sobic.010G043000,GRMZM2G405203
Sobic.001G534700,GRMZM2G436226
Sobic.009G236100,GRMZM2G160417
Sobic.004G283800,GRMZM2G045675
Sobic.007G015100,GRMZM2G104877
Sobic.007G015200,GRMZM2G104877
Sobic.002G424350,GRMZM2G430600
Sobic.003G033000,GRMZM2G468479
Sobic.003G096750,GRMZM2G426917
Sobic.006G163900,GRMZM2G351330
Sobic.003G098500,GRMZM2G076029
Sobic.006G220000,GRMZM2G300500
Sobic.006G220200,GRMZM2G000052
Sobic.010G027500,GRMZM2G447455
Sobic.009G241801,GRMZM2G364208
Sobic.010G021100,GRMZM2G118687
Sobic.009G243600,GRMZM2G325850
Sobic.006G188700,GRMZM2G318408
Sobic.010G126800,GRMZM2G400694
Sobic.001G486800,GRMZM2G419901
Sobic.004G287800,GRMZM2G465953
Sobic.009G229100,GRMZM2G386995
Sobic.009G038100,GRMZM2G016346
Sobic.007G094600,GRMZM2G070620
Sobic.007G095000,GRMZM2G070620
Sobic.002G303300,GRMZM2G416484
Sobic.001G169700,GRMZM2G082686
Sobic.003G216300,GRMZM2G143139
Sobic.006G152900,GRMZM2G024196
Sobic.001G476600,GRMZM2G148706
Sobic.001G098600,GRMZM2G115839
Sobic.001G098800,GRMZM2G131575
Sobic.010G059300,GRMZM2G067707
Sobic.002G373001,GRMZM2G080567
Sobic.010G192300,GRMZM2G360523
Sobic.010G191900,GRMZM2G360523
Sobic.010G192200,GRMZM2G360523
Sobic.006G003000,GRMZM2G147659
Sobic.001G420500,GRMZM5G891990
Sobic.006G171500,GRMZM2G132756
Sobic.009G189100,GRMZM2G015100
Sobic.001G386300,GRMZM2G107463
Sobic.002G093600,GRMZM2G172204
Sobic.002G093700,GRMZM2G172204
Sobic.002G093800,GRMZM2G172204
Sobic.002G341100,GRMZM2G434301
Sobic.010G162900,GRMZM2G080839
Sobic.010G163000,GRMZM2G080839
Sobic.010G162700,GRMZM2G080907
Sobic.001G177100,GRMZM2G140602
Sobic.002G237000,GRMZM2G133053
Sobic.010G003200,GRMZM2G042084
Sobic.002G356500,GRMZM2G096454
Sobic.004G188500,GRMZM2G025236
Sobic.003G318300,GRMZM2G062490
Sobic.003G318900,GRMZM2G362599
Sobic.003G274300,GRMZM2G330298
Sobic.010G164800,GRMZM2G073047
Sobic.004G063400,GRMZM2G449257
Sobic.006G133100,GRMZM2G051571
Sobic.006G132900,GRMZM2G051898
Sobic.006G132800,GRMZM2G051912
Sobic.006G133200,GRMZM2G321354
Sobic.006G133300,GRMZM2G321354
Sobic.006G133000,GRMZM2G352379
Sobic.003G373000,GRMZM2G160838
Sobic.010G127600,GRMZM5G868431
Sobic.002G230301,GRMZM2G029096
Sobic.006G257700,GRMZM2G043932
Sobic.003G302000,GRMZM2G162305
Sobic.009G242600,GRMZM2G441184
Sobic.004G291500,GRMZM2G398807
Sobic.004G292001,GRMZM2G410338
Sobic.004G292100,GRMZM2G410338
Sobic.004G292200,GRMZM2G410338
Sobic.004G292250,GRMZM2G410338
Sobic.004G292300,GRMZM2G410338
Sobic.004G292400,GRMZM2G410338
Sobic.004G292500,GRMZM2G410338
Sobic.004G292600,GRMZM2G410338
Sobic.004G292700,GRMZM2G410338
Sobic.004G292800,GRMZM2G410338
Sobic.004G292900,GRMZM2G410338
Sobic.010G185100,GRMZM2G058336
Sobic.006G267500,GRMZM2G160702
Sobic.006G267400,GRMZM2G160683
Sobic.001G447800,GRMZM2G180452
Sobic.006G079300,GRMZM2G069093
Sobic.003G203500,GRMZM2G071021
Sobic.003G203600,GRMZM2G097706
Sobic.004G202200,GRMZM2G106061
Sobic.002G037400,GRMZM2G417954
Sobic.003G106100,GRMZM2G049952
Sobic.005G145201,GRMZM2G106424
Sobic.009G252400,GRMZM2G096812
Sobic.009G252500,GRMZM2G175593
Sobic.009G252600,GRMZM2G175593
Sobic.009G207200,GRMZM2G101413
Sobic.002G293800,GRMZM2G146240
Sobic.001G303300,GRMZM2G089248
Sobic.001G302900,GRMZM2G061099
Sobic.003G327300,AC213654_3_FG003
Sobic.002G282300,GRMZM2G140755
Sobic.008G141100,GRMZM2G417496
Sobic.005G122500,GRMZM2G097135
Sobic.005G122600,GRMZM2G097135
Sobic.004G258700,GRMZM2G045544
Sobic.004G331400,GRMZM2G100467
Sobic.003G242800,GRMZM2G408462
Sobic.001G128600,GRMZM2G097109
Sobic.003G036900,GRMZM5G820781
Sobic.003G350000,GRMZM2G006763
Sobic.008G165266,GRMZM5G852177
Sobic.008G165300,GRMZM5G852177
Sobic.008G165600,GRMZM5G852177
Sobic.008G165800,GRMZM5G852177
Sobic.002G059500,GRMZM2G054628
Sobic.001G193000,GRMZM2G073399
Sobic.009G102600,GRMZM2G030116
Sobic.003G014400,GRMZM2G114050
Sobic.006G195800,GRMZM2G032218
Sobic.002G362800,GRMZM2G432774
Sobic.002G224500,GRMZM2G045431
Sobic.006G236600,GRMZM2G072820
Sobic.006G140200,GRMZM2G111975
Sobic.002G230100,GRMZM2G145101
Sobic.002G337600,GRMZM2G041645
Sobic.004G011700,GRMZM2G114793
Sobic.002G337300,GRMZM2G032071
Sobic.001G401700,GRMZM2G010328
Sobic.006G204300,GRMZM2G156348
Sobic.001G028100,AC198418_3_FG005
Sobic.001G329800,GRMZM2G077316
Sobic.002G311400,GRMZM2G095261
Sobic.002G312000,GRMZM2G155911
Sobic.002G311300,GRMZM2G395508
Sobic.002G312100,GRMZM2G455075
Sobic.002G311000,GRMZM2G163138
Sobic.004G316700,GRMZM2G049194
Sobic.004G196300,GRMZM2G024693
Sobic.002G188200,GRMZM2G172065
Sobic.003G011200,GRMZM2G587744
Sobic.010G177500,GRMZM2G095441
Sobic.010G071000,GRMZM2G478553
Sobic.003G213000,GRMZM2G157675
Sobic.003G130700,GRMZM2G305264
Sobic.009G259800,GRMZM2G095025
Sobic.001G355900,GRMZM2G434380
Sobic.002G255500,GRMZM2G070515
Sobic.002G246600,GRMZM2G085467
Sobic.004G078700,GRMZM2G145376
Sobic.002G306100,GRMZM5G892787
Sobic.004G170500,GRMZM2G451254
Sobic.002G341700,GRMZM2G089493
Sobic.008G132600,GRMZM2G424181
Sobic.004G223000,GRMZM2G042173
Sobic.003G384700,GRMZM2G329002
Sobic.003G384800,GRMZM2G329002
Sobic.003G384900,GRMZM2G329002
Sobic.009G242501,GRMZM5G893630
Sobic.007G177100,GRMZM2G084583
Sobic.007G134600,AC217050_4_FG004
Sobic.001G313700,GRMZM2G097249
Sobic.007G167000,GRMZM2G314292
Sobic.010G046601,GRMZM2G111962
Sobic.006G220900,GRMZM2G076826
Sobic.004G050100,GRMZM2G409726
Sobic.008G055900,GRMZM2G026231
Sobic.009G210200,GRMZM2G033971
Sobic.010G221032,GRMZM2G333049
Sobic.006G018800,GRMZM2G089010
Sobic.001G031700,GRMZM2G045781
Sobic.002G262100,GRMZM5G804064
Sobic.001G492300,GRMZM2G112793
Sobic.003G250340,GRMZM2G023436
Sobic.006G240500,GRMZM2G174917
Sobic.006G166100,GRMZM2G077002
Sobic.004G061200,GRMZM2G027516
Sobic.009G163700,AC213621_5_FG004
Sobic.004G271500,GRMZM2G114113
Sobic.003G067600,GRMZM2G463574
Sobic.003G068100,GRMZM2G463574
Sobic.003G068200,GRMZM2G463574
Sobic.003G068400,GRMZM2G463580
Sobic.002G310400,GRMZM2G175812
Sobic.002G310500,GRMZM2G175812
Sobic.003G070300,AC219043_3_FG004
Sobic.001G374700,GRMZM2G134109
Sobic.003G389200,GRMZM2G093119
Sobic.004G060100,GRMZM2G128877
Sobic.004G060832,GRMZM2G146614
Sobic.002G254700,GRMZM2G423567
Sobic.004G149800,GRMZM2G123587
Sobic.002G393200,GRMZM2G015703
Sobic.009G167400,GRMZM2G318992
Sobic.002G273300,GRMZM2G143718
Sobic.007G171950,GRMZM2G158437
Sobic.010G092200,GRMZM2G124276
Sobic.003G407300,GRMZM2G471529
Sobic.003G019400,GRMZM2G102770
Sobic.001G053800,GRMZM2G072156
Sobic.006G257200,GRMZM2G070273
Sobic.003G416500,GRMZM2G425004
Sobic.006G256900,GRMZM2G070287
Sobic.006G257100,GRMZM2G070287
Sobic.001G389100,GRMZM2G122740
Sobic.010G019400,GRMZM2G370155
Sobic.008G036000,GRMZM2G016264
Sobic.003G306600,GRMZM2G089944
Sobic.003G306700,GRMZM2G089944
Sobic.003G306300,GRMZM2G147322
Sobic.006G161100,GRMZM2G429254
Sobic.001G112500,GRMZM2G423423
Sobic.003G214600,GRMZM2G361398
Sobic.003G214700,GRMZM2G361398
Sobic.001G344000,GRMZM2G416156
Sobic.001G450900,GRMZM2G397754
Sobic.006G058732,GRMZM2G087059
Sobic.002G192101,GRMZM2G100090
Sobic.005G153400,GRMZM2G138392
Sobic.003G016200,GRMZM2G135481
Sobic.001G358000,GRMZM2G301297
Sobic.006G242200,GRMZM2G160523
Sobic.006G242900,GRMZM2G160523
Sobic.002G320900,GRMZM2G451672
Sobic.007G067900,GRMZM2G142620
Sobic.001G021300,GRMZM2G095851
Sobic.001G021400,GRMZM2G113250
Sobic.010G016100,GRMZM2G335052
Sobic.005G072600,GRMZM2G014463
Sobic.006G236000,GRMZM2G054225
Sobic.006G235700,GRMZM5G866678
Sobic.006G165100,GRMZM2G320827
Sobic.006G165501,GRMZM2G020826
Sobic.004G253200,GRMZM2G020738
Sobic.006G249100,GRMZM2G391746
Sobic.004G312500,GRMZM5G878558
Sobic.003G299800,GRMZM2G028234
Sobic.001G294700,GRMZM2G481163
Sobic.006G172700,GRMZM2G162276
Sobic.009G147800,GRMZM2G033641
Sobic.009G255600,GRMZM2G402002
Sobic.010G275800,GRMZM2G059212
Sobic.009G148100,GRMZM2G077789
Sobic.002G354900,GRMZM2G098517
Sobic.007G065500,GRMZM2G180720
Sobic.001G059400,GRMZM2G342856
Sobic.001G059150,GRMZM2G478798
Sobic.001G059300,GRMZM2G478798
Sobic.003G241500,GRMZM2G033515
Sobic.001G088300,GRMZM2G177867
Sobic.006G002800,GRMZM2G147623
Sobic.003G006500,GRMZM2G093079
Sobic.001G209500,GRMZM2G023013
Sobic.001G210900,GRMZM2G429533
Sobic.001G211400,GRMZM2G429533
Sobic.006G096600,GRMZM2G053985
Sobic.001G070200,GRMZM2G143324
Sobic.001G477800,GRMZM2G385605
Sobic.003G335900,GRMZM2G344630
Sobic.003G229500,GRMZM2G464976
Sobic.004G067100,GRMZM2G370332
Sobic.004G067200,GRMZM2G070873
Sobic.004G067600,GRMZM2G070873
Sobic.010G053600,GRMZM2G099355
Sobic.002G277900,GRMZM2G401664
Sobic.003G409600,GRMZM2G034833
Sobic.003G410000,AC203535_4_FG006
Sobic.001G322100,GRMZM2G143703
Sobic.001G322200,GRMZM2G143703
Sobic.003G315800,GRMZM2G436856
Sobic.010G248200,GRMZM2G162093
Sobic.001G338100,GRMZM2G391705
Sobic.009G139800,GRMZM2G117507
Sobic.009G139900,GRMZM2G117507
Sobic.008G080500,GRMZM2G325643
Sobic.006G092100,GRMZM2G099144
Sobic.009G076800,GRMZM2G061751
Sobic.001G024800,GRMZM2G119755
Sobic.001G203100,GRMZM2G124207
Sobic.003G270600,GRMZM2G162145
Sobic.010G082600,GRMZM2G038436
Sobic.010G082100,GRMZM5G870571
Sobic.010G082201,GRMZM5G870571
Sobic.010G082000,GRMZM5G875445
Sobic.010G082300,GRMZM5G875445
Sobic.006G089400,GRMZM2G016894
Sobic.006G210300,GRMZM2G068967
Sobic.001G159300,GRMZM5G872578
Sobic.003G368300,GRMZM5G858197
Sobic.003G325700,GRMZM2G046911
Sobic.001G076100,GRMZM2G420108
Sobic.003G445600,GRMZM2G062587
Sobic.001G428000,GRMZM2G151564
Sobic.001G506100,GRMZM2G009818
Sobic.004G263300,GRMZM2G481604
Sobic.003G087900,GRMZM2G121066
Sobic.001G151800,AC177897_2_FG002
Sobic.001G151400,GRMZM2G478568
Sobic.003G382700,GRMZM2G329073
Sobic.003G268700,GRMZM2G404078
Sobic.004G242600,GRMZM2G442008
Sobic.010G237100,GRMZM2G177915
Sobic.008G129800,GRMZM2G174263
Sobic.003G321000,GRMZM2G022934
Sobic.009G176800,GRMZM2G145655
Sobic.003G321600,GRMZM2G386261
Sobic.006G269600,AC212718_3_FG001
Sobic.002G403600,GRMZM2G326270
Sobic.003G359200,GRMZM5G832491
Sobic.004G315100,GRMZM2G023711
Sobic.007G042600,GRMZM2G333183
Sobic.007G042700,GRMZM2G333183
Sobic.008G156600,GRMZM2G100121
Sobic.003G031900,GRMZM2G303044
Sobic.006G252466,GRMZM2G365162
Sobic.006G252600,GRMZM2G365166
Sobic.006G253300,GRMZM2G365166
Sobic.006G253700,GRMZM2G365166
Sobic.006G253801,GRMZM2G365188
Sobic.002G427500,GRMZM2G112984
Sobic.010G198100,GRMZM2G089776
Sobic.006G064100,GRMZM2G016749
Sobic.006G085500,GRMZM2G305311
Sobic.006G232100,GRMZM2G363470
Sobic.010G116800,GRMZM5G894110
Sobic.010G116500,GRMZM5G823826
Sobic.002G067000,GRMZM2G028129
Sobic.002G067300,GRMZM2G028129
Sobic.002G067400,GRMZM2G028129
Sobic.002G067500,GRMZM2G028129
Sobic.003G085800,GRMZM2G360023
Sobic.003G283000,GRMZM2G311347
Sobic.003G282901,GRMZM2G311347
Sobic.010G016300,GRMZM2G029863
Sobic.005G180700,GRMZM2G399677
Sobic.001G033300,GRMZM2G368886
Sobic.003G262900,GRMZM2G497710
Sobic.006G233500,GRMZM2G131961
Sobic.006G241600,GRMZM2G055752
Sobic.006G241350,GRMZM2G400961
Sobic.006G241400,GRMZM2G400961
Sobic.008G046500,GRMZM2G010093
Sobic.002G250550,GRMZM2G101711
Sobic.003G287000,GRMZM5G800586
Sobic.006G093000,GRMZM2G068510
Sobic.010G026925,GRMZM2G064302
Sobic.010G027000,GRMZM2G064302
Sobic.003G436700,GRMZM2G171484
Sobic.004G226900,GRMZM2G139855
Sobic.003G352700,GRMZM2G072780
Sobic.003G352800,GRMZM2G072808
Sobic.003G353200,GRMZM2G367668
Sobic.003G409200,GRMZM2G064111
Sobic.010G157500,AC212187_4_FG001
Sobic.001G409900,GRMZM2G443265
Sobic.002G272400,GRMZM2G354539
Sobic.001G149500,GRMZM2G169372
Sobic.009G234900,GRMZM2G366795
Sobic.005G153000,GRMZM2G048274
Sobic.002G340700,GRMZM2G041181
Sobic.004G229200,AC220927_3_FG007
Sobic.003G298100,GRMZM2G156016
Sobic.003G297600,GRMZM2G474326
Sobic.001G536600,GRMZM2G086269
Sobic.009G105900,GRMZM2G113276
Sobic.009G100500,GRMZM2G012724
Sobic.006G170900,GRMZM2G101181
Sobic.010G167266,GRMZM2G350918
Sobic.010G167500,GRMZM2G350918
Sobic.004G254000,GRMZM2G394941
Sobic.005G038900,GRMZM2G419777
Sobic.004G331600,GRMZM2G075978
Sobic.009G147600,GRMZM2G111984
Sobic.002G416700,GRMZM2G126261
Sobic.004G045300,GRMZM5G887054
Sobic.004G044500,GRMZM2G104425
Sobic.004G044700,GRMZM2G104425
Sobic.004G044800,GRMZM2G104425
Sobic.004G045000,GRMZM2G104425
Sobic.003G263001,GRMZM2G448672
Sobic.003G263300,GRMZM2G448672
Sobic.003G263400,GRMZM2G448672
Sobic.003G263500,GRMZM2G448672
Sobic.007G001500,GRMZM2G021784
Sobic.003G000700,AC233880_1_FG005
Sobic.007G170900,GRMZM2G016439
Sobic.001G397300,GRMZM2G475971
Sobic.007G182300,GRMZM2G477872
Sobic.002G023900,GRMZM2G028041
Sobic.009G127300,GRMZM2G142645
Sobic.001G171500,GRMZM2G123457
Sobic.006G098600,GRMZM2G347488
Sobic.003G105200,GRMZM2G163975
Sobic.008G137100,GRMZM5G816127
Sobic.008G137300,GRMZM5G816127
Sobic.004G154300,GRMZM2G360589
Sobic.002G357600,GRMZM2G179777
Sobic.009G224500,GRMZM2G069325
Sobic.005G013300,GRMZM2G347541
Sobic.002G083100,AC205008_4_FG002
Sobic.001G110900,GRMZM2G077147
Sobic.001G112200,GRMZM2G059964
Sobic.002G359300,GRMZM2G089557
Sobic.004G193500,GRMZM2G077612
Sobic.009G222100,GRMZM2G017157
Sobic.003G133000,GRMZM2G161310
Sobic.003G133100,GRMZM2G161310
Sobic.003G133600,GRMZM2G161310
Sobic.003G131600,GRMZM2G311401
Sobic.003G135000,GRMZM2G311401
Sobic.003G132300,GRMZM2G301642
Sobic.002G312700,GRMZM2G029082
Sobic.005G080800,GRMZM2G481948
Sobic.008G152100,GRMZM2G124423
Sobic.009G151600,GRMZM2G100727
Sobic.002G366400,GRMZM2G561418
Sobic.003G042900,GRMZM2G363554
Sobic.001G228200,GRMZM2G416120
Sobic.001G036050,GRMZM2G155565
Sobic.002G411000,GRMZM2G307119
Sobic.004G344301,AC211313_3_FG003
Sobic.010G206400,GRMZM2G048919
Sobic.002G401600,GRMZM2G136580
Sobic.004G219600,GRMZM2G095382
Sobic.004G158400,GRMZM5G814700
Sobic.002G283900,AC186371_3_FG005
Sobic.002G283300,GRMZM5G814851
Sobic.005G016800,GRMZM2G151516
Sobic.005G016900,GRMZM2G151516
Sobic.005G045100,GRMZM2G158281
Sobic.007G210200,GRMZM2G160917
Sobic.003G413500,GRMZM2G084717
Sobic.007G062200,GRMZM2G004732
Sobic.006G126200,GRMZM2G142712
Sobic.003G417200,GRMZM2G126367
Sobic.003G417350,GRMZM2G126367
Sobic.003G416900,GRMZM2G126371
Sobic.003G417000,GRMZM2G126371
Sobic.003G417100,GRMZM2G126371
Sobic.001G217500,GRMZM2G048434
Sobic.001G217400,GRMZM2G069976
Sobic.010G224501,GRMZM2G465383
Sobic.001G385400,GRMZM2G110406
Sobic.003G195600,GRMZM5G849600
Sobic.008G053300,GRMZM2G347226
Sobic.004G290500,GRMZM2G015127
Sobic.004G004800,GRMZM2G089836
Sobic.004G005100,GRMZM2G053676
Sobic.006G155900,GRMZM2G026558
Sobic.001G406300,AC208201_3_FG002
Sobic.001G371400,GRMZM2G000923
Sobic.010G264500,GRMZM2G361993
Sobic.004G340000,GRMZM2G354253
Sobic.004G339800,GRMZM5G851655
Sobic.009G176200,GRMZM2G163459
Sobic.003G124800,GRMZM2G033626
Sobic.003G421201,GRMZM2G068913
Sobic.010G105200,GRMZM2G123752
Sobic.004G245800,GRMZM2G303509
Sobic.003G337900,GRMZM2G059562
Sobic.006G157800,GRMZM2G057930
Sobic.006G158000,GRMZM2G136469
Sobic.003G438500,GRMZM2G309479
Sobic.006G158800,GRMZM2G354909
Sobic.002G048700,GRMZM2G027603
Sobic.002G048800,GRMZM2G027695
Sobic.004G244100,GRMZM2G142709
Sobic.004G170700,GRMZM2G037823
Sobic.002G318400,GRMZM2G075794
Sobic.002G318501,GRMZM2G075794
Sobic.003G200200,GRMZM2G149321
Sobic.003G296700,GRMZM2G358830
Sobic.004G034900,GRMZM2G139977
Sobic.001G134400,GRMZM2G028379
Sobic.003G399400,GRMZM2G054713
Sobic.003G399700,GRMZM2G413711
Sobic.010G205100,GRMZM2G049076
Sobic.004G053400,GRMZM2G050080
Sobic.007G155300,GRMZM2G134735
Sobic.004G346100,GRMZM2G013981
Sobic.010G027300,GRMZM2G072274
Sobic.003G024800,GRMZM2G045330
Sobic.003G024900,GRMZM2G346457
Sobic.003G025000,GRMZM2G346457
Sobic.001G529100,GRMZM2G169402
Sobic.003G382500,GRMZM2G038309
Sobic.004G310400,GRMZM2G021480
Sobic.001G289500,GRMZM2G121128
Sobic.001G522500,GRMZM2G428184
Sobic.001G298900,GRMZM2G033478
Sobic.001G394100,GRMZM2G394203
Sobic.001G394250,GRMZM2G394203
Sobic.003G097100,GRMZM2G426917
Sobic.004G224350,GRMZM2G159904
Sobic.006G129200,AC233903_1_FG002
Sobic.006G129300,GRMZM2G429662
Sobic.006G129466,GRMZM2G429662
Sobic.002G418400,GRMZM2G158304
Sobic.001G089300,GRMZM2G017186
Sobic.002G412100,GRMZM2G348863
Sobic.001G321200,GRMZM2G087243
Sobic.009G024300,GRMZM2G050842
Sobic.009G120800,GRMZM2G340807
Sobic.010G241500,GRMZM2G177570
Sobic.010G242000,GRMZM2G177570
Sobic.003G117700,GRMZM2G069009
Sobic.002G326000,GRMZM2G468657
Sobic.004G105500,GRMZM2G103884
Sobic.004G311400,GRMZM2G368206
Sobic.004G311500,GRMZM2G154332
Sobic.004G322400,GRMZM2G052750
Sobic.006G262100,GRMZM2G078274
Sobic.003G185100,GRMZM2G064091
Sobic.004G263700,GRMZM2G009426
Sobic.010G105300,GRMZM2G308595
Sobic.008G175800,GRMZM2G022365
Sobic.007G071900,GRMZM2G146115
Sobic.007G177801,GRMZM2G037839
Sobic.007G178100,GRMZM2G037839
Sobic.009G225100,GRMZM2G039385
Sobic.001G215000,GRMZM2G380650
Sobic.001G214900,GRMZM2G380665
Sobic.009G029500,GRMZM2G036908
Sobic.009G001100,GRMZM2G156890
Sobic.004G299000,GRMZM2G156575
Sobic.003G360200,GRMZM2G116063
Sobic.004G305600,GRMZM2G129098
Sobic.001G446000,GRMZM2G043470
Sobic.002G318000,GRMZM2G449709
Sobic.001G425700,GRMZM5G886952
Sobic.001G462100,GRMZM2G411084
Sobic.001G425600,AC208204_3_FG006
Sobic.001G426000,AC208204_3_FG006
Sobic.001G425500,GRMZM2G306679
Sobic.001G461500,GRMZM2G120631
Sobic.001G490600,GRMZM5G857303
Sobic.002G258600,GRMZM5G867125
Sobic.002G258900,GRMZM2G430052
Sobic.002G259100,GRMZM2G430052
Sobic.010G017100,GRMZM5G825515
Sobic.004G345300,GRMZM2G056582
Sobic.002G313500,GRMZM2G135790
Sobic.010G078800,GRMZM2G142057
Sobic.003G404900,GRMZM2G001497
Sobic.003G404300,GRMZM2G044265
Sobic.004G083300,GRMZM2G069649
Sobic.007G213300,GRMZM2G059129
Sobic.002G091300,GRMZM2G078804
Sobic.002G091200,GRMZM2G078886
Sobic.001G464300,GRMZM2G346750
Sobic.004G028000,GRMZM2G049609
Sobic.009G077300,GRMZM2G098747
Sobic.001G422700,GRMZM2G337425
Sobic.009G224700,GRMZM2G057369
Sobic.003G225500,GRMZM2G011401
Sobic.003G300701,GRMZM2G022253
Sobic.004G303600,GRMZM2G170049
Sobic.002G312400,GRMZM2G025242
Sobic.002G221100,GRMZM5G847216
Sobic.008G028800,GRMZM2G441031
Sobic.002G140800,GRMZM2G110140
Sobic.007G222700,GRMZM2G107162
Sobic.009G058800,GRMZM2G122577
Sobic.008G107900,GRMZM2G133629
Sobic.003G037400,GRMZM2G475984
Sobic.009G248700,GRMZM2G080887
Sobic.003G071000,GRMZM2G132009
Sobic.001G101500,GRMZM2G108115
Sobic.007G135900,GRMZM2G107276
Sobic.009G190900,AC187802_3_FG008
Sobic.002G188500,GRMZM2G019898
Sobic.004G279800,GRMZM2G081238
Sobic.009G143200,GRMZM2G456512
Sobic.005G030100,GRMZM2G055507
Sobic.003G195150,GRMZM5G848696
Sobic.001G472100,GRMZM2G032423
Sobic.003G246000,GRMZM5G802854
Sobic.007G053800,GRMZM2G006736
Sobic.001G433800,GRMZM2G030422
Sobic.004G259366,GRMZM2G542272
Sobic.001G086500,GRMZM2G032339
Sobic.010G090500,GRMZM5G801423
Sobic.002G370100,GRMZM2G049077
Sobic.001G015800,GRMZM2G369912
Sobic.008G165900,GRMZM2G107984
Sobic.007G153900,GRMZM2G076723
Sobic.001G116100,GRMZM2G155323
Sobic.002G279700,GRMZM2G051129
Sobic.007G034200,GRMZM2G393742
Sobic.002G333300,GRMZM2G465999
Sobic.003G183850,GRMZM2G310840
Sobic.003G184000,GRMZM2G310840
Sobic.008G063300,GRMZM2G310674
Sobic.003G055200,GRMZM2G146679
Sobic.003G047900,GRMZM2G051753
Sobic.003G129500,GRMZM2G089743
Sobic.004G266200,GRMZM2G140694
Sobic.001G404400,GRMZM2G308034
Sobic.009G039800,GRMZM2G357737
Sobic.009G024600,GRMZM2G416701
Sobic.003G193700,GRMZM2G061990
Sobic.003G391400,GRMZM2G058954
Sobic.003G291900,GRMZM2G588776
Sobic.010G264300,GRMZM2G115621
Sobic.010G208000,GRMZM2G136559
Sobic.006G049200,GRMZM2G027219
Sobic.008G160400,GRMZM2G092947
Sobic.008G160600,GRMZM2G322090
Sobic.006G127000,GRMZM2G102238
Sobic.007G194500,GRMZM2G148744
Sobic.002G138100,GRMZM2G178333
Sobic.002G193600,GRMZM2G451965
Sobic.002G219300,GRMZM2G128212
Sobic.002G268400,GRMZM2G323912
Sobic.001G303200,GRMZM2G089121
Sobic.001G303750,GRMZM2G089121
Sobic.001G395900,GRMZM2G124785
Sobic.006G081600,GRMZM2G131155
Sobic.004G117200,GRMZM2G439596
Sobic.001G216701,GRMZM2G131815
Sobic.005G004400,GRMZM2G111818
Sobic.007G048700,GRMZM2G023073
Sobic.007G190800,GRMZM2G075003
Sobic.006G128200,GRMZM2G023204
Sobic.009G202400,GRMZM2G168721
Sobic.003G219400,GRMZM2G049866
Sobic.009G231200,GRMZM2G038183
Sobic.001G253900,GRMZM2G097349
Sobic.002G029400,GRMZM2G479980
Sobic.002G329600,GRMZM2G058070
Sobic.002G340900,GRMZM2G335287
Sobic.008G116000,GRMZM2G014376
Sobic.008G116100,GRMZM2G014376
Sobic.003G336600,GRMZM2G069274
Sobic.006G166601,AC212835_3_FG004
Sobic.010G057100,GRMZM2G328168
Sobic.001G429000,GRMZM2G014419
Sobic.003G364600,GRMZM2G127117
Sobic.004G211700,GRMZM2G082055
Sobic.004G211800,GRMZM2G512113
Sobic.003G332000,GRMZM2G460860
Sobic.009G126300,GRMZM2G424582
Sobic.009G137401,GRMZM5G836475
Sobic.002G358300,GRMZM2G010702
Sobic.010G013900,GRMZM2G383540
Sobic.009G149500,GRMZM2G110141
Sobic.003G317200,GRMZM2G135054
Sobic.002G399200,GRMZM2G083580
Sobic.004G171700,GRMZM2G041141
Sobic.009G198500,GRMZM2G044368
Sobic.003G248400,GRMZM2G151763
Sobic.001G289600,GRMZM2G033876
Sobic.001G289800,GRMZM2G033876
Sobic.003G289800,AC211175_3_FG005
Sobic.007G225100,GRMZM2G301098
Sobic.005G148600,GRMZM2G125386
Sobic.001G130200,GRMZM2G094698
Sobic.008G108000,GRMZM2G133738
Sobic.002G408500,GRMZM2G414423
Sobic.004G282100,GRMZM2G702159
Sobic.004G281300,GRMZM2G022645
Sobic.001G199000,GRMZM2G113053
Sobic.010G041400,GRMZM2G443985
Sobic.001G457900,GRMZM2G103079
Sobic.002G257400,GRMZM2G074386
Sobic.009G036900,GRMZM5G803275
Sobic.003G205501,GRMZM2G034183
Sobic.003G392700,GRMZM2G419328
Sobic.002G041533,GRMZM2G406014
Sobic.001G084400,GRMZM2G098892
Sobic.001G430100,GRMZM2G372495
Sobic.006G231500,GRMZM2G106245
Sobic.006G231600,GRMZM2G106245
Sobic.001G192800,GRMZM2G170982
Sobic.002G291300,GRMZM2G033634
Sobic.009G242100,GRMZM2G062738
Sobic.009G117900,AC233942_1_FG001
Sobic.002G217200,GRMZM2G038636
Sobic.007G138700,GRMZM2G152552
Sobic.005G046100,GRMZM2G079365
Sobic.002G329700,GRMZM2G058013
Sobic.009G159100,GRMZM2G067156
Sobic.003G391300,GRMZM2G115000
Sobic.007G188600,GRMZM2G041797
Sobic.007G191100,GRMZM2G068657
Sobic.002G335600,GRMZM2G153162
Sobic.002G043400,GRMZM2G044498
Sobic.006G175200,GRMZM2G172795
Sobic.006G175500,GRMZM2G172795
Sobic.006G175700,GRMZM2G172795
Sobic.003G267800,GRMZM2G157317
Sobic.002G359400,GRMZM2G089630
Sobic.001G452900,GRMZM2G111324
Sobic.003G301900,GRMZM2G452529
Sobic.010G275100,GRMZM2G037284
Sobic.003G139100,GRMZM5G808756
Sobic.003G246400,GRMZM2G360021
Sobic.001G542400,GRMZM2G065130
Sobic.002G026200,GRMZM2G148831
Sobic.006G149500,AC194339_3_FG004
Sobic.003G373300,GRMZM2G081519
Sobic.001G540400,GRMZM2G114459
Sobic.006G149400,GRMZM2G122618
Sobic.001G458400,GRMZM2G015804
Sobic.001G458600,GRMZM2G015804
Sobic.003G186300,GRMZM2G071307
Sobic.010G213200,GRMZM2G074320
Sobic.001G348100,GRMZM5G866758
Sobic.006G046600,GRMZM2G073931
Sobic.010G247500,GRMZM2G307397
Sobic.002G368600,GRMZM2G045287
Sobic.001G483200,GRMZM2G017254
Sobic.003G236701,GRMZM2G157927
Sobic.001G400000,GRMZM2G000632
Sobic.009G171100,AC209257_4_FG008
Sobic.006G227900,GRMZM2G121070
Sobic.001G355400,GRMZM2G051836
Sobic.001G085700,GRMZM2G024231
Sobic.001G127400,GRMZM5G856436
Sobic.003G275100,GRMZM2G077293
Sobic.001G113200,GRMZM2G155767
Sobic.001G491800,GRMZM2G362960
Sobic.003G336000,GRMZM2G003385
Sobic.003G273000,GRMZM2G091540
Sobic.006G197900,GRMZM2G059689
Sobic.009G036800,GRMZM2G107388
Sobic.003G124900,GRMZM2G440605
Sobic.003G125000,GRMZM2G440605
Sobic.006G266300,GRMZM2G149905
Sobic.010G044500,GRMZM2G052562
Sobic.004G281900,AC209374_4_FG002
Sobic.003G268200,GRMZM2G083850
Sobic.002G308700,GRMZM2G316191
Sobic.003G279300,GRMZM2G015908
Sobic.003G332401,GRMZM2G357399
Sobic.006G181800,GRMZM2G318956
Sobic.002G427300,GRMZM2G113016
Sobic.003G401200,GRMZM2G103812
Sobic.001G199100,GRMZM2G113062
Sobic.003G309400,GRMZM2G052365
Sobic.001G155300,GRMZM2G014392
Sobic.001G104100,GRMZM2G089102
Sobic.008G116500,GRMZM2G037378
Sobic.002G129000,GRMZM2G139941
Sobic.003G346200,GRMZM2G023279
Sobic.005G204500,GRMZM2G478929
Sobic.002G327000,GRMZM2G375593
Sobic.003G202200,GRMZM2G059392
Sobic.003G264901,GRMZM2G122223
Sobic.001G052700,GRMZM5G825524
Sobic.008G072600,GRMZM2G073943
Sobic.006G061100,GRMZM2G041312
Sobic.001G127200,GRMZM2G180979
Sobic.001G463800,GRMZM2G114190
Sobic.008G095150,GRMZM2G447297
Sobic.004G017900,GRMZM5G803949
Sobic.002G327900,GRMZM2G114140
Sobic.002G328200,GRMZM2G114140
Sobic.002G328300,GRMZM2G114140
Sobic.002G328600,GRMZM2G454550
Sobic.010G208600,GRMZM2G373578
Sobic.010G208400,GRMZM2G452896
Sobic.010G208700,GRMZM2G452896
Sobic.002G264600,GRMZM2G071015
Sobic.001G146900,GRMZM2G146143
Sobic.002G005600,GRMZM2G120652
Sobic.007G225600,GRMZM2G379179
Sobic.010G077200,GRMZM2G067743
Sobic.004G224900,GRMZM5G824831
Sobic.001G466000,GRMZM2G055101
Sobic.001G017900,GRMZM5G881369
Sobic.002G039000,GRMZM2G093761
Sobic.002G379500,GRMZM2G054136
Sobic.001G192100,GRMZM2G055431
Sobic.001G192200,GRMZM2G055431
Sobic.003G101300,GRMZM2G104088
Sobic.007G078300,GRMZM2G140612
Sobic.007G078500,GRMZM2G140612
Sobic.003G198800,AC155377_1_FG001
Sobic.005G231900,GRMZM2G000510
Sobic.006G000400,GRMZM2G165629
Sobic.001G104500,GRMZM2G178261
Sobic.003G137200,GRMZM2G074742
Sobic.001G069800,GRMZM5G836376
Sobic.003G422500,GRMZM2G158609
Sobic.001G041400,GRMZM2G128663
Sobic.005G067300,GRMZM2G089856
Sobic.005G067500,GRMZM2G089856
Sobic.010G247800,GRMZM2G162184
Sobic.001G354700,GRMZM2G003138
Sobic.006G151600,GRMZM2G035755
Sobic.002G244901,GRMZM2G181376
Sobic.009G017800,GRMZM2G035502
Sobic.002G426900,GRMZM2G113036
Sobic.009G067200,GRMZM2G057772
Sobic.010G073100,GRMZM2G013607
Sobic.003G266100,GRMZM2G466139
Sobic.003G347800,GRMZM2G049510
Sobic.010G269700,GRMZM2G128807
Sobic.001G142200,GRMZM2G046101
Sobic.006G000100,GRMZM2G467338
Sobic.006G097900,GRMZM2G127184
Sobic.006G075200,AC233887_1_FG005
Sobic.006G075300,AC233887_1_FG005
Sobic.006G075350,AC233887_1_FG005
Sobic.001G083800,GRMZM2G074317
Sobic.002G041000,GRMZM2G394968
Sobic.001G481900,GRMZM2G097434
Sobic.001G003500,GRMZM2G434219
Sobic.001G305900,GRMZM2G373341
Sobic.001G003600,GRMZM2G048220
Sobic.001G084100,GRMZM2G328500
Sobic.004G309600,GRMZM2G479760
Sobic.002G113100,GRMZM2G002396
Sobic.001G463100,GRMZM2G004422
Sobic.001G475701,GRMZM2G420357
Sobic.002G042600,GRMZM2G018508
Sobic.010G033000,GRMZM2G173628
Sobic.002G330100,GRMZM2G338750
Sobic.005G005700,GRMZM2G089819
Sobic.003G316601,GRMZM2G055000
Sobic.002G229800,GRMZM2G075837
Sobic.001G223100,GRMZM2G001676
Sobic.001G223200,GRMZM2G001764
Sobic.002G305700,GRMZM2G032253
Sobic.001G251200,GRMZM2G020553
Sobic.001G506600,GRMZM2G435276
Sobic.001G506900,GRMZM2G470309
Sobic.001G506500,GRMZM5G816155
Sobic.001G506700,GRMZM5G827810
Sobic.001G506800,GRMZM5G827810
Sobic.007G186800,GRMZM2G153823
Sobic.003G347680,GRMZM2G062218
Sobic.003G346500,GRMZM2G303465
Sobic.003G337000,GRMZM2G165511
Sobic.002G304000,GRMZM2G077673
Sobic.003G216500,GRMZM2G143128
Sobic.002G179500,GRMZM2G085630
Sobic.003G302900,GRMZM2G015881
Sobic.001G196000,GRMZM2G105770
Sobic.002G187700,GRMZM2G113796
Sobic.004G077100,GRMZM2G009913
Sobic.006G102000,GRMZM2G031028
Sobic.001G432800,GRMZM2G001696
Sobic.001G142400,GRMZM2G136025
Sobic.007G130300,GRMZM2G119357
Sobic.002G399100,GRMZM2G020574
Sobic.002G308800,GRMZM2G444874
Sobic.002G128800,GRMZM2G396540
Sobic.001G391300,GRMZM2G165919
Sobic.003G100700,GRMZM2G355636
Sobic.001G418900,GRMZM2G096261
Sobic.002G127100,GRMZM2G177842
Sobic.002G364900,GRMZM2G044023
Sobic.002G408800,GRMZM2G333433
Sobic.010G044600,GRMZM2G052562
Sobic.003G364700,GRMZM2G426108
Sobic.005G120800,GRMZM2G013546
Sobic.003G298600,GRMZM2G056120
Sobic.009G164000,GRMZM2G701193
Sobic.003G403300,GRMZM2G140107
Sobic.001G395500,GRMZM2G043484
Sobic.005G132700,GRMZM2G059302
Sobic.003G009700,GRMZM2G170047
Sobic.003G094600,GRMZM2G130800
Sobic.004G083000,GRMZM2G117823
Sobic.002G082400,GRMZM2G107096
Sobic.002G082600,GRMZM2G107096
Sobic.002G082800,GRMZM2G107096
Sobic.007G212500,GRMZM2G142507
Sobic.008G148000,GRMZM2G131903
Sobic.001G472666,GRMZM2G376074
Sobic.001G378100,GRMZM2G353147
Sobic.007G007900,GRMZM2G542994
Sobic.003G346400,GRMZM2G004314
Sobic.002G380700,GRMZM2G116620
Sobic.001G162100,GRMZM2G070211
Sobic.009G014400,GRMZM2G179069
Sobic.003G205700,GRMZM2G122762
Sobic.003G332200,GRMZM2G159134
Sobic.009G164500,GRMZM2G431350
Sobic.001G052300,GRMZM2G049912
Sobic.006G180900,GRMZM2G129261
Sobic.009G252300,GRMZM2G096759
Sobic.006G173900,GRMZM2G144153
Sobic.003G392900,GRMZM2G113264
Sobic.009G146700,GRMZM2G038019
Sobic.003G278700,GRMZM2G150450
Sobic.002G291400,GRMZM2G034079
Sobic.001G423300,GRMZM2G001918
Sobic.009G213900,GRMZM2G121237
Sobic.006G103100,GRMZM2G071714
Sobic.001G298100,GRMZM5G806839
Sobic.002G179300,GRMZM2G172342
Sobic.001G415300,GRMZM2G401769
Sobic.008G116600,GRMZM2G054250
Sobic.002G280600,GRMZM2G331754
Sobic.006G265900,GRMZM2G436199
Sobic.003G215300,GRMZM2G143139
Sobic.003G215400,GRMZM2G143139
Sobic.003G215600,GRMZM2G143139
Sobic.003G215800,GRMZM2G143139
Sobic.003G216000,GRMZM2G143139
Sobic.003G216232,GRMZM2G143139
Sobic.003G216166,GRMZM5G874955
Sobic.003G050700,GRMZM2G066440
Sobic.006G152500,GRMZM2G024196
Sobic.006G152600,GRMZM2G024196
Sobic.006G152700,GRMZM2G024196
Sobic.006G152801,GRMZM2G024196
Sobic.003G273100,GRMZM2G111611
Sobic.008G047800,GRMZM2G167999
Sobic.006G187900,GRMZM2G164405
Sobic.007G105900,AC217977_3_FG003
Sobic.001G155000,GRMZM2G113928
Sobic.010G217100,GRMZM2G153924
Sobic.010G217200,GRMZM2G153924
Sobic.006G108700,GRMZM2G394321
Sobic.001G398700,GRMZM5G807260
Sobic.006G149300,GRMZM2G471931
Sobic.007G193200,GRMZM2G171111
Sobic.001G109800,GRMZM2G047038
Sobic.001G061800,GRMZM2G060924
Sobic.010G216600,GRMZM2G331766
Sobic.003G358300,GRMZM2G148115
Sobic.004G191700,GRMZM2G146380
Sobic.003G396600,GRMZM2G057044
Sobic.009G105000,GRMZM2G012021
Sobic.001G039400,GRMZM2G129015
Sobic.008G025700,GRMZM2G068465
Sobic.002G241000,GRMZM2G413822
Sobic.001G062300,GRMZM2G141473
Sobic.001G062500,GRMZM2G141473
Sobic.001G062600,GRMZM2G141535
Sobic.008G027000,AC152495_1_FG002
Sobic.008G027200,AC152495_1_FG010
Sobic.008G027500,AC152495_1_FG010
Sobic.003G199200,AC155377_1_FG002
Sobic.001G440300,AC155390_2_FG002
Sobic.002G422200,AC155434_2_FG001
Sobic.002G422100,AC155434_2_FG004
Sobic.002G422000,AC155434_2_FG005
Sobic.002G421900,AC155434_2_FG006
Sobic.003G367900,AC155610_2_FG009
Sobic.003G444000,AC165171_2_FG002
Sobic.001G474200,AC166636_1_FG008
Sobic.001G001200,AC177899_2_FG009
Sobic.006G051100,AC177924_2_FG003
Sobic.003G086300,AC182482_3_FG003
Sobic.002G360100,AC185108_3_FG011
Sobic.001G310133,AC185593_3_FG003
Sobic.007G164750,AC186231_4_FG002
Sobic.001G495116,AC186417_3_FG002
Sobic.001G495164,AC186417_3_FG007
Sobic.001G495180,AC186417_3_FG007
Sobic.005G020501,AC186743_4_FG003
Sobic.001G495132,AC187207_3_FG010
Sobic.001G495148,AC187207_3_FG010
Sobic.007G213400,AC187262_4_FG007
Sobic.010G078600,AC187406_4_FG001
Sobic.002G036100,AC187560_5_FG003
Sobic.002G036150,AC187560_5_FG003
Sobic.008G045100,AC187843_3_FG006
Sobic.008G042200,AC187891_3_FG006
Sobic.009G196400,AC187896_3_FG006
Sobic.007G044000,AC187899_3_FG002
Sobic.009G237500,AC188023_3_FG005
Sobic.001G130900,AC190498_1_FG007
Sobic.003G313000,AC190623_3_FG001
Sobic.003G312600,AC190623_3_FG002
Sobic.005G016400,AC190885_4_FG006
Sobic.005G016500,AC190885_4_FG006
Sobic.003G067800,AC190933_3_FG004
Sobic.006G235800,AC191113_2_FG002
Sobic.004G176500,AC191246_3_FG006
Sobic.003G061700,AC191375_3_FG001
Sobic.002G101200,AC191534_3_FG003
Sobic.001G027300,AC191575_2_FG001
Sobic.001G027500,AC191575_2_FG001
Sobic.001G442750,AC191681_3_FG007
Sobic.010G262900,AC191771_3_FG008
Sobic.004G032200,AC192244_3_FG007
Sobic.001G216100,AC192362_3_FG003
Sobic.004G118200,AC192451_3_FG001
Sobic.003G335000,AC193379_3_FG001
Sobic.001G541700,AC193500_3_FG003
Sobic.010G035300,AC193630_3_FG004
Sobic.010G016800,AC193658_3_FG003
Sobic.001G071500,AC193745_3_FG003
Sobic.003G013600,AC194022_3_FG013
Sobic.003G240600,AC194056_3_FG008
Sobic.008G037100,AC194104_3_FG010
Sobic.003G272900,AC194298_3_FG005
Sobic.003G316000,AC194425_3_FG005
Sobic.002G121800,AC194457_3_FG001
Sobic.009G158200,AC194828_3_FG004
Sobic.009G158400,AC194828_3_FG004
Sobic.009G158500,AC194828_3_FG004
Sobic.009G158600,AC194828_3_FG004
Sobic.009G158700,AC194828_3_FG004
Sobic.004G081000,AC194937_3_FG004
Sobic.009G050400,AC194965_4_FG001
Sobic.009G050600,AC194965_4_FG004
Sobic.001G054400,AC195135_3_FG002
Sobic.004G202700,AC195347_4_FG004
Sobic.004G245600,AC195458_3_FG001
Sobic.008G192400,AC195785_3_FG004
Sobic.007G151200,AC195794_3_FG002
Sobic.007G151300,AC195794_3_FG002
Sobic.009G228600,AC195860_3_FG005
Sobic.002G384800,AC195864_3_FG017
Sobic.002G385200,AC195864_3_FG017
Sobic.004G061600,AC195957_3_FG003
Sobic.001G405200,AC196161_3_FG002
Sobic.007G057900,AC196202_3_FG007
Sobic.005G066900,AC196278_2_FG004
Sobic.003G415800,AC196417_3_FG008
Sobic.006G057200,AC196489_3_FG002
Sobic.003G380100,AC196637_2_FG002
Sobic.002G263400,AC196726_2_FG001
Sobic.006G224600,AC196954_2_FG012
Sobic.008G020300,AC197146_3_FG002
Sobic.008G020600,AC197146_3_FG002
Sobic.007G197600,AC197246_3_FG001
Sobic.003G182501,AC197555_3_FG007
Sobic.003G182400,AC197555_3_FG008
Sobic.003G311600,AC197578_4_FG001
Sobic.010G050300,AC197699_3_FG002
Sobic.010G050200,AC197699_3_FG003
Sobic.005G011200,AC197758_3_FG004
Sobic.005G011300,AC197758_3_FG004
Sobic.004G225600,AC198169_4_FG004
Sobic.004G128800,AC198206_5_FG001
Sobic.008G012800,AC198366_3_FG004
Sobic.005G087600,AC198403_3_FG001
Sobic.010G156400,AC198414_2_FG001
Sobic.002G396500,AC198481_3_FG004
Sobic.001G502300,AC198979_4_FG009
Sobic.003G365400,AC199067_2_FG004
Sobic.003G151500,AC199526_5_FG003
Sobic.001G325600,AC199541_4_FG001
Sobic.001G325400,AC199541_4_FG007
Sobic.004G048300,AC199577_4_FG004
Sobic.004G048400,AC199577_4_FG004
Sobic.004G048500,AC199577_4_FG004
Sobic.007G056400,AC199911_5_FG001
Sobic.010G130400,AC200068_4_FG003
Sobic.002G373900,AC200108_4_FG003
Sobic.003G189600,AC200210_1_FG006
Sobic.003G146700,AC200298_4_FG001
Sobic.003G078501,AC200725_4_FG003
Sobic.002G043700,AC200753_3_FG003
Sobic.010G232700,AC201815_4_FG001
Sobic.007G173901,AC202011_3_FG010
Sobic.007G174500,AC202011_3_FG010
Sobic.007G174701,AC202011_3_FG010
Sobic.007G175100,AC202011_3_FG010
Sobic.006G092400,AC202073_4_FG001
Sobic.008G042400,AC202107_3_FG001
Sobic.001G264300,AC202185_4_FG004
Sobic.002G226600,AC202417_5_FG002
Sobic.006G045500,AC202435_3_FG001
Sobic.001G130600,AC203019_3_FG001
Sobic.002G218000,AC203031_3_FG002
Sobic.007G045900,AC203334_2_FG001
Sobic.009G029800,AC203408_4_FG003
Sobic.004G245700,AC203430_3_FG007
Sobic.003G409900,AC203535_4_FG001
Sobic.003G409700,AC203535_4_FG004
Sobic.003G296500,AC203900_3_FG006
Sobic.001G004800,AC203966_5_FG003
Sobic.001G005300,AC203966_5_FG005
Sobic.008G112550,AC203972_3_FG001
Sobic.007G045201,AC203985_4_FG005
Sobic.008G177800,AC203989_4_FG001
Sobic.009G217500,AC204050_4_FG006
Sobic.004G267000,AC204212_4_FG001
Sobic.009G116400,AC204292_4_FG002
Sobic.009G116600,AC204292_4_FG003
Sobic.009G116300,AC204292_4_FG006
Sobic.001G378600,AC204306_3_FG007
Sobic.009G188500,AC204352_3_FG012
Sobic.010G121600,AC204472_3_FG002
Sobic.001G368100,AC204530_4_FG002
Sobic.001G368000,AC204530_4_FG003
Sobic.009G186100,AC204581_3_FG003
Sobic.005G116300,AC204611_4_FG001
Sobic.003G289601,AC204712_3_FG002
Sobic.002G010200,AC205122_4_FG003
Sobic.002G010400,AC205122_4_FG005
Sobic.002G011100,AC205122_4_FG006
Sobic.002G038400,AC205320_3_FG004
Sobic.001G373300,AC205502_4_FG004
Sobic.007G019300,AC205677_3_FG001
Sobic.004G203800,AC205703_4_FG005
Sobic.004G204100,AC205703_4_FG010
Sobic.005G059400,AC205735_3_FG006
Sobic.007G181100,AC206030_4_FG001
Sobic.009G207800,AC206165_3_FG009
Sobic.009G164600,AC206217_2_FG006
Sobic.003G064800,AC206350_3_FG005
Sobic.006G256700,AC206638_3_FG007
Sobic.009G206900,AC206788_3_FG008
Sobic.009G205700,AC206788_3_FG015
Sobic.001G377400,AC206840_3_FG002
Sobic.001G481300,AC206951_3_FG016
Sobic.006G092800,AC206968_3_FG003
Sobic.001G159700,AC207347_3_FG005
Sobic.004G072300,AC207560_3_FG004
Sobic.004G072600,AC207560_3_FG004
Sobic.003G276800,AC207628_4_FG003
Sobic.003G276500,AC207628_4_FG005
Sobic.003G277600,AC207628_4_FG009
Sobic.003G277500,AC207628_4_FG010
Sobic.003G277200,AC207628_4_FG011
Sobic.002G288300,AC207722_2_FG009
Sobic.002G289100,AC207722_2_FG009
Sobic.009G052300,AC207728_2_FG003
Sobic.008G040900,AC207755_3_FG005
Sobic.008G041400,AC207755_3_FG005
Sobic.009G128901,AC208028_3_FG005
Sobic.002G235000,AC208031_3_FG002
Sobic.001G129500,AC208113_3_FG005
Sobic.001G406700,AC208201_3_FG003
Sobic.003G341700,AC208346_3_FG004
Sobic.004G356600,AC208348_3_FG012
Sobic.001G407100,AC208436_3_FG007
Sobic.004G261000,AC208539_3_FG002
Sobic.004G260900,AC208539_3_FG003
Sobic.006G141900,AC208663_3_FG002
Sobic.001G454100,AC208897_3_FG004
Sobic.010G042500,AC208905_3_FG004
Sobic.009G151900,AC208916_3_FG003
Sobic.002G044900,AC208985_3_FG006
Sobic.004G289100,AC209208_3_FG003
Sobic.009G169650,AC209257_4_FG004
Sobic.009G170800,AC209257_4_FG006
Sobic.003G221100,AC209364_3_FG009
Sobic.006G031000,AC209624_2_FG001
Sobic.010G092400,AC209664_3_FG002
Sobic.003G030100,AC209718_1_FG009
Sobic.003G072801,AC209730_3_FG003
Sobic.006G010500,AC209739_3_FG003
Sobic.007G159800,AC209845_4_FG010
Sobic.001G501400,AC209858_4_FG002
Sobic.010G187900,AC209877_3_FG002
Sobic.010G260300,AC209898_2_FG004
Sobic.005G103900,AC209935_4_FG006
Sobic.010G231600,AC209987_4_FG002
Sobic.010G231900,AC209987_4_FG010
Sobic.006G247800,AC210003_2_FG004
Sobic.006G248200,AC210003_2_FG015
Sobic.010G083050,AC210175_3_FG008
Sobic.003G298700,AC210193_4_FG002
Sobic.001G264400,AC210517_3_FG003
Sobic.009G219601,AC210659_3_FG001
Sobic.009G230900,AC210731_3_FG002
Sobic.001G494600,AC210834_4_FG009
Sobic.001G494800,AC210834_4_FG009
Sobic.001G494900,AC210834_4_FG009
Sobic.001G495100,AC210834_4_FG009
Sobic.001G494650,AC210834_4_FG013
Sobic.004G063300,AC210848_3_FG004
Sobic.003G063100,AC211325_4_FG003
Sobic.004G323000,AC211357_4_FG002
Sobic.004G323800,AC211357_4_FG004
Sobic.001G291400,AC211390_3_FG001
Sobic.010G205200,AC211394_4_FG004
Sobic.002G394700,AC211504_4_FG003
Sobic.005G111500,AC211652_4_FG002
Sobic.005G111550,AC211652_4_FG002
Sobic.005G110600,AC211652_4_FG003
Sobic.001G312200,AC211996_4_FG002
Sobic.001G312350,AC211996_4_FG002
Sobic.001G198700,AC212023_4_FG004
Sobic.001G198800,AC212023_4_FG004
Sobic.009G130600,AC212068_4_FG005
Sobic.008G187400,AC212323_4_FG007
Sobic.008G189000,AC212323_4_FG010
Sobic.005G146400,AC212343_3_FG002
Sobic.004G183900,AC212449_4_FG002
Sobic.004G184300,AC212449_4_FG002
Sobic.002G411700,AC212684_3_FG012
Sobic.006G166800,AC212835_3_FG002
Sobic.006G164400,AC212835_3_FG007
Sobic.006G164500,AC212835_3_FG008
Sobic.006G279400,AC212859_3_FG008
Sobic.001G362800,AC213099_3_FG001
Sobic.001G363000,AC213099_3_FG002
Sobic.005G022600,AC213432_2_FG004
Sobic.010G131200,AC213612_3_FG001
Sobic.003G327400,AC213654_3_FG004
Sobic.006G114700,AC213693_3_FG003
Sobic.007G212700,AC213857_4_FG003
Sobic.009G104000,AC213884_3_FG001
Sobic.009G103900,AC213884_3_FG002
Sobic.003G034350,AC214002_2_FG003
Sobic.001G431600,AC214040_3_FG009
Sobic.002G051600,AC214119_3_FG009
Sobic.006G074600,AC214168_3_FG001
Sobic.003G417600,AC214227_4_FG013
Sobic.007G096800,AC214266_3_FG002
Sobic.004G159000,AC214350_3_FG007
Sobic.001G326400,AC214524_3_FG002
Sobic.001G327200,AC214524_3_FG004
Sobic.003G398900,AC214534_3_FG010
Sobic.003G399166,AC214534_3_FG014
Sobic.002G295800,AC214640_3_FG002
Sobic.002G295900,AC214640_3_FG003
Sobic.004G114200,AC214771_3_FG002
Sobic.008G082200,AC214791_2_FG002
Sobic.009G175100,AC214817_3_FG004
Sobic.010G067000,AC215198_3_FG002
Sobic.009G098100,AC215201_3_FG005
Sobic.009G098700,AC215201_3_FG008
Sobic.003G069800,AC215260_3_FG001
Sobic.003G069100,AC215260_3_FG004
Sobic.003G069500,AC215260_3_FG004
Sobic.010G203700,AC215302_3_FG004
Sobic.004G007400,AC215811_3_FG003
Sobic.001G361100,AC216247_3_FG001
Sobic.004G264200,AC216731_3_FG001
Sobic.004G264100,AC216731_3_FG002
Sobic.007G044800,AC216880_3_FG009
Sobic.010G114400,AC216886_3_FG002
Sobic.010G114300,AC216886_3_FG003
Sobic.007G133900,AC217050_4_FG007
Sobic.001G183200,AC217264_3_FG001
Sobic.001G183300,AC217264_3_FG001
Sobic.005G033200,AC217271_3_FG001
Sobic.005G033300,AC217271_3_FG002
Sobic.001G411600,AC217300_3_FG004
Sobic.001G017700,AC217358_3_FG003
Sobic.001G018200,AC217358_3_FG005
Sobic.001G017500,AC217358_3_FG007
Sobic.001G017400,AC217358_3_FG008
Sobic.001G017300,AC217358_3_FG010
Sobic.001G017200,AC217358_3_FG011
Sobic.001G015600,AC217374_3_FG001
Sobic.007G133100,AC217376_3_FG004
Sobic.001G123201,AC217401_3_FG001
Sobic.001G123100,AC217401_3_FG002
Sobic.001G123000,AC217401_3_FG003
Sobic.003G199600,AC217499_3_FG002
Sobic.003G199650,AC217499_3_FG002
Sobic.003G199800,AC217499_3_FG003
Sobic.004G152100,AC217840_3_FG001
Sobic.001G426500,AC217897_3_FG010
Sobic.007G123200,AC217910_3_FG001
Sobic.007G122800,AC217910_3_FG004
Sobic.007G122866,AC217910_3_FG004
Sobic.002G263200,AC217962_3_FG005
Sobic.002G390500,AC217975_3_FG001
Sobic.007G105800,AC217977_3_FG001
Sobic.009G210100,AC218148_2_FG008
Sobic.007G157900,AC218900_3_FG001
Sobic.005G182300,AC218998_2_FG003
Sobic.005G182500,AC218998_2_FG007
Sobic.003G070500,AC219043_3_FG003
Sobic.010G194500,AC219190_3_FG002
Sobic.003G147301,AC220972_3_FG001
Sobic.002G343200,AC225308_2_FG005
Sobic.002G187600,AC225555_3_FG005
Sobic.010G234000,AC225718_2_FG006
Sobic.010G234600,AC225718_2_FG009
Sobic.003G104500,AC226235_2_FG001
Sobic.003G104600,AC226235_2_FG001
Sobic.003G104350,AC226235_2_FG002
Sobic.001G484500,AC226243_1_FG003
Sobic.001G362400,AC226368_2_FG006
Sobic.009G184500,AC226373_2_FG009
Sobic.009G184600,AC226373_2_FG010
Sobic.010G063033,AC226546_2_FG004
Sobic.010G063066,AC226546_2_FG004
Sobic.003G250000,AC230013_2_FG002
Sobic.009G240500,AC231411_1_FG011
Sobic.004G346200,AC232393_1_FG009
Sobic.004G167500,AC233850_1_FG001
Sobic.004G167700,AC233850_1_FG002
Sobic.004G167800,AC233850_1_FG003
Sobic.004G168300,AC233850_1_FG005
Sobic.004G168600,AC233850_1_FG009
Sobic.003G323100,AC233851_1_FG009
Sobic.003G322200,AC233851_1_FG014
Sobic.003G322100,AC233851_1_FG017
Sobic.003G021800,AC233853_1_FG002
Sobic.003G021900,AC233853_1_FG003
Sobic.002G291066,AC233865_1_FG001
Sobic.002G290800,AC233865_1_FG003
Sobic.002G290500,AC233865_1_FG004
Sobic.009G257300,AC233870_1_FG003
Sobic.009G258400,AC233870_1_FG006
Sobic.003G075200,AC233872_1_FG003
Sobic.001G103300,AC233878_1_FG004
Sobic.009G104500,AC233879_1_FG002
Sobic.009G104600,AC233879_1_FG002
Sobic.003G000800,AC233880_1_FG006
Sobic.003G267100,AC233882_1_FG003
Sobic.003G267700,AC233882_1_FG003
Sobic.003G267600,AC233882_1_FG005
Sobic.006G075100,AC233887_1_FG006
Sobic.001G220000,AC233892_1_FG001
Sobic.008G054900,AC233898_1_FG003
Sobic.008G054700,AC233898_1_FG004
Sobic.002G086800,AC233908_1_FG001
Sobic.002G115400,AC233933_1_FG001
Sobic.001G420300,AC233935_1_FG005
Sobic.003G052900,AC233943_1_FG002
Sobic.003G260200,AC233945_1_FG003
Sobic.004G041700,AC233959_1_FG003
Sobic.004G270500,AC233960_1_FG002
Sobic.004G270600,AC233960_1_FG003
Sobic.004G270900,AC233960_1_FG005
Sobic.002G079100,AC233961_1_FG001
Sobic.006G076601,AC233967_1_FG001
Sobic.002G262300,AC234154_1_FG008
Sobic.002G404800,AC234159_1_FG002
Sobic.002G195400,AC234163_1_FG002
Sobic.002G195500,AC234163_1_FG002
Sobic.002G195600,AC234163_1_FG002
Sobic.004G150800,AC234169_1_FG004
Sobic.008G022701,AC234175_1_FG010
Sobic.010G164000,AC234180_1_FG002
Sobic.010G164100,AC234180_1_FG004
Sobic.003G112100,AC234190_1_FG001
Sobic.003G111900,AC234190_1_FG002
Sobic.007G210500,AC234203_1_FG004
Sobic.007G210600,AC234203_1_FG004
Sobic.007G210700,AC234203_1_FG011
Sobic.004G053300,AC234515_1_FG003
Sobic.008G147101,AC234520_1_FG003
Sobic.008G147200,AC234520_1_FG005
Sobic.006G161600,AC234521_1_FG007
Sobic.010G178100,AC234524_1_FG005
Sobic.007G167700,AC234528_1_FG004
Sobic.009G157700,AC235543_1_FG002
Sobic.009G157900,AC235543_1_FG003
Sobic.002G076866,AC235546_1_FG001
Sobic.001G074200,AC235547_1_FG005
Sobic.010G274200,AC235548_1_FG002
Sobic.010G274300,AC235548_1_FG002
Sobic.008G144201,AF546187_1_FG007
Sobic.008G144401,AF546187_1_FG011
Sobic.008G144500,AF546187_1_FG012
Sobic.003G112400,EF517601_1_FG006
Sobic.003G112300,EF517601_1_FG009
Sobic.003G112500,EF517601_1_FG009
Sobic.003G112700,EF517601_1_FG010
Sobic.003G113300,EF517601_1_FG015
Sobic.003G114100,EF517601_1_FG025
Sobic.006G219700,GRMZM2G000044
Sobic.006G240300,GRMZM2G000093
Sobic.003G140400,GRMZM2G000107
Sobic.006G027200,GRMZM2G000114
Sobic.002G001700,GRMZM2G000126
Sobic.006G197000,GRMZM2G000166
Sobic.005G062300,GRMZM2G000195
Sobic.001G487300,GRMZM2G000199
Sobic.002G109100,GRMZM2G000221
Sobic.010G084000,GRMZM2G000231
Sobic.004G173400,GRMZM2G000269
Sobic.002G254000,GRMZM2G000281
Sobic.002G330400,GRMZM2G000361
Sobic.010G059500,GRMZM2G000371
Sobic.010G059600,GRMZM2G000393
Sobic.010G059700,GRMZM2G000393
Sobic.006G203600,GRMZM2G000397
Sobic.002G230400,GRMZM2G000404
Sobic.010G059900,GRMZM2G000423
Sobic.002G396800,GRMZM2G000451
Sobic.002G340350,GRMZM2G000453
Sobic.001G241000,GRMZM2G000536
Sobic.001G241100,GRMZM2G000540
Sobic.010G190800,GRMZM2G000566
Sobic.005G048500,GRMZM2G000576
Sobic.005G231800,GRMZM2G000586
Sobic.010G101400,GRMZM2G000587
Sobic.005G164900,GRMZM2G000608
Sobic.003G281500,GRMZM2G000614
Sobic.001G114400,GRMZM2G000622
Sobic.001G486000,GRMZM2G000686
Sobic.001G106000,GRMZM2G000743
Sobic.001G498600,GRMZM2G000749
Sobic.009G155300,GRMZM2G000816
Sobic.001G498400,GRMZM2G000823
Sobic.009G155050,GRMZM2G000842
Sobic.010G018700,GRMZM2G000909
Sobic.010G018600,GRMZM2G000932
Sobic.005G073500,GRMZM2G001048
Sobic.004G209000,GRMZM2G001097
Sobic.002G160800,GRMZM2G001114
Sobic.005G210500,GRMZM2G001160
Sobic.004G209200,GRMZM2G001164
Sobic.005G210600,GRMZM2G001169
Sobic.009G016300,GRMZM2G001205
Sobic.003G219000,GRMZM2G001219
Sobic.009G210300,GRMZM2G001221
Sobic.004G191800,GRMZM2G001223
Sobic.003G219100,GRMZM2G001255
Sobic.008G047400,GRMZM2G001272
Sobic.003G219200,GRMZM2G001296
Sobic.009G189700,GRMZM2G001332
Sobic.006G223200,GRMZM2G001334
Sobic.008G047100,GRMZM2G001466
Sobic.008G088200,GRMZM2G001500
Sobic.009G070600,GRMZM2G001508
Sobic.009G070700,GRMZM2G001508
Sobic.009G071300,GRMZM2G001508
Sobic.007G049900,GRMZM2G001530
Sobic.007G049800,GRMZM2G001551
Sobic.001G234000,GRMZM2G001577
Sobic.001G233900,GRMZM2G001592
Sobic.001G233800,GRMZM2G001606
Sobic.002G270200,GRMZM2G001639
Sobic.006G073500,GRMZM2G001653
Sobic.001G014000,GRMZM2G001661
Sobic.001G433000,GRMZM2G001663
Sobic.007G153500,GRMZM2G001803
Sobic.010G163100,GRMZM2G001816
Sobic.001G224200,GRMZM2G001850
Sobic.001G095800,GRMZM2G001869
Sobic.003G034500,GRMZM2G001875
Sobic.002G062500,GRMZM2G001898
Sobic.008G050400,GRMZM2G001904
Sobic.002G062100,GRMZM2G001938
Sobic.002G061900,GRMZM2G001956
Sobic.003G186132,GRMZM2G001981
Sobic.008G110600,GRMZM2G002115
Sobic.001G543300,GRMZM2G002121
Sobic.008G141400,GRMZM2G002138
Sobic.003G324700,GRMZM2G002165
Sobic.003G324800,GRMZM2G002165
Sobic.010G050700,GRMZM2G002227
Sobic.007G073700,GRMZM2G002391
Sobic.009G063450,GRMZM2G002473
Sobic.009G063500,GRMZM2G002473
Sobic.001G469700,GRMZM2G002492
Sobic.001G274400,GRMZM2G002515
Sobic.005G046500,GRMZM2G002531
Sobic.008G060200,GRMZM2G002542
Sobic.008G060700,GRMZM2G002542
Sobic.003G215100,GRMZM2G002568
Sobic.003G215200,GRMZM2G002568
Sobic.003G218801,GRMZM2G002578
Sobic.003G370300,GRMZM2G002626
Sobic.004G285600,GRMZM2G002627
Sobic.006G281000,GRMZM2G002642
Sobic.003G218700,GRMZM2G002646
Sobic.001G123600,GRMZM2G002699
Sobic.002G064900,GRMZM2G002894
Sobic.001G195700,GRMZM2G002898
Sobic.006G143300,GRMZM2G002903
Sobic.002G039500,GRMZM2G002910
Sobic.009G057200,GRMZM2G002959
Sobic.009G057300,GRMZM2G002959
Sobic.006G065800,GRMZM2G002978
Sobic.010G090900,GRMZM2G003023
Sobic.004G347300,GRMZM2G003028
Sobic.002G179000,GRMZM2G003038
Sobic.009G057500,GRMZM2G003064
Sobic.008G080900,GRMZM2G003090
Sobic.003G058700,GRMZM2G003096
Sobic.002G154600,GRMZM2G003165
Sobic.002G395500,GRMZM2G003172
Sobic.002G215800,GRMZM2G003179
Sobic.002G059200,GRMZM2G003306
Sobic.006G173100,GRMZM2G003307
Sobic.001G286600,GRMZM2G003318
Sobic.002G208400,GRMZM2G003342
Sobic.003G244000,GRMZM2G003354
Sobic.001G265300,GRMZM2G003368
Sobic.010G175000,GRMZM2G003389
Sobic.007G126800,GRMZM2G003426
Sobic.001G093200,GRMZM2G003489
Sobic.010G045700,GRMZM2G003551
Sobic.006G085300,GRMZM2G003565
Sobic.008G150300,GRMZM2G003595
Sobic.007G004000,GRMZM2G003638
Sobic.001G136800,GRMZM2G003640
Sobic.008G166300,GRMZM2G003656
Sobic.007G002100,GRMZM2G003669
Sobic.010G199300,GRMZM2G003718
Sobic.001G236800,GRMZM2G003724
Sobic.008G032900,GRMZM2G003732
Sobic.010G042200,GRMZM2G003742
Sobic.008G033000,GRMZM2G003750
Sobic.006G186300,GRMZM2G003752
Sobic.002G093000,GRMZM2G003754
Sobic.008G033200,GRMZM2G003762
Sobic.007G034500,GRMZM2G003765
Sobic.006G160400,GRMZM2G003769
Sobic.006G160500,GRMZM2G003784
Sobic.002G093300,GRMZM2G003789
Sobic.003G082700,GRMZM2G003794
Sobic.002G231200,GRMZM2G003869
Sobic.003G130800,GRMZM2G003883
Sobic.007G034400,GRMZM2G003897
Sobic.001G266300,GRMZM2G003909
Sobic.002G197700,GRMZM2G003927
Sobic.002G197800,GRMZM2G003927
Sobic.005G122100,GRMZM2G003970
Sobic.005G122300,GRMZM2G003970
Sobic.001G396500,GRMZM2G003984
Sobic.001G226300,GRMZM2G004057
Sobic.008G060300,GRMZM2G004060
Sobic.007G160600,GRMZM2G004079
Sobic.010G181100,GRMZM2G004128
Sobic.003G395400,GRMZM2G004161
Sobic.003G240100,GRMZM2G004183
Sobic.002G217100,GRMZM2G004207
Sobic.002G050500,GRMZM2G004301
Sobic.009G205300,GRMZM2G004349
Sobic.006G235350,GRMZM2G004352
Sobic.003G240000,GRMZM2G004362
Sobic.007G005700,GRMZM2G004375
Sobic.003G239900,GRMZM2G004382
Sobic.007G006600,GRMZM2G004396
Sobic.001G463000,GRMZM2G004397
Sobic.008G023300,GRMZM2G004412
Sobic.008G033300,GRMZM2G004414
Sobic.007G006700,GRMZM2G004435
Sobic.004G275400,GRMZM2G004480
Sobic.001G045600,GRMZM2G004511
Sobic.001G463200,GRMZM2G004523
Sobic.002G251700,GRMZM2G004531
Sobic.008G033600,GRMZM2G004534
Sobic.007G207400,GRMZM2G004582
Sobic.002G251400,GRMZM2G004583
Sobic.006G235500,GRMZM2G004590
Sobic.009G205200,GRMZM2G004592
Sobic.001G494000,GRMZM2G004641
Sobic.003G371250,GRMZM2G004653
Sobic.003G371400,GRMZM2G004653
Sobic.003G371600,GRMZM2G004653
Sobic.003G371750,GRMZM2G004653
Sobic.002G251200,GRMZM2G004683
Sobic.005G140001,GRMZM2G004699
Sobic.004G164100,GRMZM2G004715
Sobic.001G340300,GRMZM2G004736
Sobic.004G293800,GRMZM2G004752
Sobic.004G293900,GRMZM2G004752
Sobic.004G294000,GRMZM2G004752
Sobic.003G044700,GRMZM2G004799
Sobic.009G221800,GRMZM2G004828
Sobic.004G300900,GRMZM2G004847
Sobic.004G154000,GRMZM2G004856
Sobic.003G328300,GRMZM2G004858
Sobic.009G205000,GRMZM2G004888
Sobic.009G221900,GRMZM2G004909
Sobic.003G178000,GRMZM2G004927
Sobic.009G204601,GRMZM2G004932
Sobic.010G271000,GRMZM2G004955
Sobic.007G032100,GRMZM2G004957
Sobic.002G251100,GRMZM2G004990
Sobic.001G220400,GRMZM2G004996
Sobic.003G357166,GRMZM2G005000
Sobic.003G357232,GRMZM2G005000
Sobic.003G290400,GRMZM2G005082
Sobic.007G031600,GRMZM2G005126
Sobic.006G213900,GRMZM2G005155
Sobic.010G054300,GRMZM2G005209
Sobic.004G159400,GRMZM2G005233
Sobic.001G246500,GRMZM2G005281
Sobic.009G101100,GRMZM2G005293
Sobic.009G204400,GRMZM2G005308
Sobic.006G091000,GRMZM2G005346
Sobic.005G093800,GRMZM2G005347
Sobic.001G468500,GRMZM2G005435
Sobic.003G370500,GRMZM2G005444
Sobic.003G370600,GRMZM2G005444
Sobic.005G095700,GRMZM2G005452
Sobic.010G040600,GRMZM2G005461
Sobic.008G110300,GRMZM2G005622
Sobic.001G468400,GRMZM2G005624
Sobic.001G333300,GRMZM2G005630
Sobic.007G201500,GRMZM2G005652
Sobic.004G014100,GRMZM2G005680
Sobic.009G190400,GRMZM2G005715
Sobic.010G277100,GRMZM2G005771
Sobic.003G022800,GRMZM2G005788
Sobic.004G325400,GRMZM2G005791
Sobic.010G177600,GRMZM2G005798
Sobic.003G194400,GRMZM2G005815
Sobic.009G189900,GRMZM2G005818
Sobic.003G323800,GRMZM2G005825
Sobic.007G221000,GRMZM2G005840
Sobic.001G468200,GRMZM2G005844
Sobic.008G058000,GRMZM2G005848
Sobic.010G174400,GRMZM2G005886
Sobic.008G179900,GRMZM2G005887
Sobic.009G123900,GRMZM2G005973
Sobic.001G059600,GRMZM2G005991
Sobic.004G054700,GRMZM2G005998
Sobic.010G174100,GRMZM2G006112
Sobic.002G393100,GRMZM2G006119
Sobic.004G050300,GRMZM2G006144
Sobic.003G342700,GRMZM2G006229
Sobic.003G393001,GRMZM2G006277
Sobic.004G000800,GRMZM2G006282
Sobic.002G350100,GRMZM2G006324
Sobic.002G350200,GRMZM2G006324
Sobic.005G200200,GRMZM2G006363
Sobic.001G002400,GRMZM2G006366
Sobic.009G190600,GRMZM2G006377
Sobic.002G105700,GRMZM2G006399
Sobic.002G294400,GRMZM2G006416
Sobic.003G393100,GRMZM2G006452
Sobic.003G383300,GRMZM2G006453
Sobic.001G384300,GRMZM2G006477
Sobic.005G200300,GRMZM2G006480
Sobic.002G349500,GRMZM2G006505
Sobic.001G536400,GRMZM2G006673
Sobic.001G476400,GRMZM2G006676
Sobic.004G205600,GRMZM2G006707
Sobic.002G418000,GRMZM2G006732
Sobic.002G247500,GRMZM2G006752
Sobic.005G018200,GRMZM2G006762
Sobic.005G018300,GRMZM2G006762
Sobic.010G188800,GRMZM2G006790
Sobic.004G175500,GRMZM2G006791
Sobic.003G383100,GRMZM2G006821
Sobic.008G181600,GRMZM2G006853
Sobic.008G182300,GRMZM2G006853
Sobic.008G182400,GRMZM2G006853
Sobic.008G182500,GRMZM2G006853
Sobic.008G182600,GRMZM2G006853
Sobic.004G037300,GRMZM2G006937
Sobic.004G038300,GRMZM2G006937
Sobic.002G343000,GRMZM2G006942
Sobic.002G180800,GRMZM2G006943
Sobic.006G150800,GRMZM2G006964
Sobic.001G464900,GRMZM2G006977
Sobic.001G404300,GRMZM2G006981
Sobic.001G404200,GRMZM2G007080
Sobic.007G070400,GRMZM2G007140
Sobic.008G133300,GRMZM2G007146
Sobic.008G133400,GRMZM2G007146
Sobic.006G214500,GRMZM2G007157
Sobic.003G380600,GRMZM2G007160
Sobic.010G230300,GRMZM2G007185
Sobic.002G302700,GRMZM2G007190
Sobic.007G071400,GRMZM2G007248
Sobic.002G221900,GRMZM2G007249
Sobic.003G266001,GRMZM2G007339
Sobic.004G055600,GRMZM2G007372
Sobic.004G173600,GRMZM2G007385
Sobic.001G516800,GRMZM2G007441
Sobic.006G214700,GRMZM2G007453
Sobic.004G209900,GRMZM2G007466
Sobic.001G466700,GRMZM2G007486
Sobic.006G072000,GRMZM2G007546
Sobic.006G072201,GRMZM2G007546
Sobic.003G085200,GRMZM2G007615
Sobic.004G210000,GRMZM2G007647
Sobic.002G349100,GRMZM2G007651
Sobic.001G000200,GRMZM2G007675
Sobic.010G058200,GRMZM2G007683
Sobic.004G080200,GRMZM2G007757
Sobic.005G146200,GRMZM2G007784
Sobic.010G054900,GRMZM2G007801
Sobic.001G030800,GRMZM2G007817
Sobic.004G210101,GRMZM2G007835
Sobic.002G349000,GRMZM2G007909
Sobic.003G355700,GRMZM2G007928
Sobic.003G355800,GRMZM2G007928
Sobic.001G000100,GRMZM2G007948
Sobic.007G158000,GRMZM2G007969
Sobic.001G083000,GRMZM2G008029
Sobic.010G087200,GRMZM2G008033
Sobic.006G215300,GRMZM2G008060
Sobic.002G023100,GRMZM2G008061
Sobic.001G519700,GRMZM2G008064
Sobic.009G049200,GRMZM2G008093
Sobic.001G519300,GRMZM2G008122
Sobic.010G058600,GRMZM2G008152
Sobic.007G060700,GRMZM2G008209
Sobic.007G126100,GRMZM2G008226
Sobic.004G323400,GRMZM2G008242
Sobic.009G063900,GRMZM2G008252
Sobic.005G086200,GRMZM2G008259
Sobic.002G116000,GRMZM2G008263
Sobic.010G064000,GRMZM2G008305
Sobic.002G339900,GRMZM2G008309
Sobic.010G064100,GRMZM2G008326
Sobic.002G339800,GRMZM2G008356
Sobic.005G228600,GRMZM2G008369
Sobic.004G323200,GRMZM2G008406
Sobic.010G172900,GRMZM2G008425
Sobic.002G362000,GRMZM2G008468
Sobic.005G089600,GRMZM2G008507
Sobic.002G335400,GRMZM2G008528
Sobic.004G129400,GRMZM2G008593
Sobic.001G227800,GRMZM2G008607
Sobic.009G062500,GRMZM2G008642
Sobic.002G361800,GRMZM2G008651
Sobic.006G131100,GRMZM2G008656
Sobic.002G162300,GRMZM2G008657
Sobic.002G361700,GRMZM2G008665
Sobic.002G335300,GRMZM2G008687
Sobic.003G273700,GRMZM2G008726
Sobic.002G335100,GRMZM2G008740
Sobic.002G335200,GRMZM2G008740
Sobic.003G273800,GRMZM2G008764
Sobic.001G530350,GRMZM2G008773
Sobic.006G151100,GRMZM2G008892
Sobic.004G087100,GRMZM2G008935
Sobic.007G208200,GRMZM2G009009
Sobic.001G511300,GRMZM2G009014
Sobic.007G017300,GRMZM2G009025
Sobic.002G224100,GRMZM2G009045
Sobic.001G386700,GRMZM2G009060
Sobic.002G206500,GRMZM2G009091
Sobic.002G322800,GRMZM2G009103
Sobic.007G208100,GRMZM2G009117
Sobic.006G101200,GRMZM2G009125
Sobic.010G061900,GRMZM2G009139
Sobic.010G062300,GRMZM2G009139
Sobic.002G322300,GRMZM2G009144
Sobic.002G224400,GRMZM2G009166
Sobic.008G118600,GRMZM2G009196
Sobic.006G162400,GRMZM2G009208
Sobic.006G162600,GRMZM2G009208
Sobic.001G387200,GRMZM2G009253
Sobic.002G404300,GRMZM2G009265
Sobic.003G085900,GRMZM2G009282
Sobic.001G477300,GRMZM2G009326
Sobic.010G175400,GRMZM2G009335
Sobic.007G075100,GRMZM2G009353
Sobic.004G028900,GRMZM2G009365
Sobic.005G116900,GRMZM2G009387
Sobic.009G192600,GRMZM2G009400
Sobic.006G251600,GRMZM2G009413
Sobic.001G265900,GRMZM2G009465
Sobic.004G029200,GRMZM2G009489
Sobic.004G264000,GRMZM2G009506
Sobic.005G135300,GRMZM2G009510
Sobic.005G135500,GRMZM2G009510
Sobic.005G135600,GRMZM2G009510
Sobic.005G135700,GRMZM2G009510
Sobic.005G135800,GRMZM2G009510
Sobic.008G179800,GRMZM2G009530
Sobic.002G370500,GRMZM2G009538
Sobic.001G253300,GRMZM2G009591
Sobic.001G039800,GRMZM2G009598
Sobic.007G008300,GRMZM2G009627
Sobic.010G189366,GRMZM2G009633
Sobic.006G251701,GRMZM2G009653
Sobic.007G063300,GRMZM2G009681
Sobic.010G222100,GRMZM2G009724
Sobic.004G125800,GRMZM2G009785
Sobic.002G404400,GRMZM2G009804
Sobic.001G085450,GRMZM2G009806
Sobic.005G082400,GRMZM2G009854
Sobic.006G107400,GRMZM2G009892
Sobic.006G106000,GRMZM2G009948
Sobic.001G078200,GRMZM2G009958
Sobic.010G177100,GRMZM2G009995
Sobic.006G193100,GRMZM2G010011
Sobic.001G093500,GRMZM2G010034
Sobic.001G090000,GRMZM2G010037
Sobic.005G084500,GRMZM2G010056
Sobic.003G163200,GRMZM2G010085
Sobic.008G083500,GRMZM2G010095
Sobic.001G169400,GRMZM2G010100
Sobic.002G385800,GRMZM2G010142
Sobic.001G383900,GRMZM2G010196
Sobic.004G157800,GRMZM2G010235
Sobic.006G107200,GRMZM2G010238
Sobic.002G312900,GRMZM2G010298
Sobic.009G219100,GRMZM2G010349
Sobic.001G062900,GRMZM2G010353
Sobic.006G010100,GRMZM2G010356
Sobic.009G177500,GRMZM2G010357
Sobic.002G189600,GRMZM2G010389
Sobic.008G083400,GRMZM2G010406
Sobic.003G005600,GRMZM2G010460
Sobic.006G234400,GRMZM2G010474
Sobic.006G034300,GRMZM2G010494
Sobic.001G401800,GRMZM2G010545
Sobic.002G307900,GRMZM2G010640
Sobic.003G183900,GRMZM2G010664
Sobic.004G280401,GRMZM2G010673
Sobic.010G023500,GRMZM2G010740
Sobic.004G280200,GRMZM2G010745
Sobic.004G055800,GRMZM2G010754
Sobic.003G294800,GRMZM2G010762
Sobic.004G036400,GRMZM2G010779
Sobic.003G294900,GRMZM2G010804
Sobic.001G378800,GRMZM2G010823
Sobic.010G189100,GRMZM2G010863
Sobic.001G243000,GRMZM2G010871
Sobic.010G189300,GRMZM2G010884
Sobic.004G036500,GRMZM2G010920
Sobic.003G295000,GRMZM2G010936
Sobic.004G036600,GRMZM2G010944
Sobic.009G254000,GRMZM2G010953
Sobic.004G280100,GRMZM2G010973
Sobic.002G192200,GRMZM2G011030
Sobic.003G207600,GRMZM2G011055
Sobic.009G203000,GRMZM2G011068
Sobic.003G201600,GRMZM2G011115
Sobic.002G131700,GRMZM2G011129
Sobic.008G096100,GRMZM2G011136
Sobic.004G089200,GRMZM2G011160
Sobic.009G149700,GRMZM2G011169
Sobic.009G149600,GRMZM2G011222
Sobic.002G036300,GRMZM2G011314
Sobic.001G242900,GRMZM2G011357
Sobic.005G184200,GRMZM2G011364
Sobic.001G090200,GRMZM2G011373
Sobic.001G062800,GRMZM2G011385
Sobic.003G088600,GRMZM2G011436
Sobic.001G395200,GRMZM2G011483
Sobic.001G281900,GRMZM2G011518
Sobic.003G088400,GRMZM2G011523
Sobic.002G176500,GRMZM2G011526
Sobic.002G176700,GRMZM2G011526
Sobic.003G340900,GRMZM2G011541
Sobic.003G005266,GRMZM2G011553
Sobic.001G179800,GRMZM2G011559
Sobic.004G322100,GRMZM2G011626
Sobic.004G153400,GRMZM2G011627
Sobic.004G156200,GRMZM2G011631
Sobic.003G005200,GRMZM2G011636
Sobic.009G237700,GRMZM2G011662
Sobic.001G354900,GRMZM2G011667
Sobic.008G096800,GRMZM2G011746
Sobic.004G121300,GRMZM2G011777
Sobic.002G033300,GRMZM2G011800
Sobic.002G033400,GRMZM2G011858
Sobic.005G091300,GRMZM2G011896
Sobic.001G179200,GRMZM2G011912
Sobic.009G237600,GRMZM2G011932
Sobic.002G033700,GRMZM2G012031
Sobic.010G201500,GRMZM2G012041
Sobic.004G255200,GRMZM2G012044
Sobic.004G145200,GRMZM2G012046
Sobic.001G485100,GRMZM2G012102
Sobic.007G196500,GRMZM2G012123
Sobic.001G447700,GRMZM2G012126
Sobic.008G083300,GRMZM2G012176
Sobic.004G306800,GRMZM2G012178
Sobic.004G124100,GRMZM2G012200
Sobic.004G255300,GRMZM2G012213
Sobic.001G485000,GRMZM2G012216
Sobic.001G046400,GRMZM2G012224
Sobic.006G145300,GRMZM2G012236
Sobic.006G145400,GRMZM2G012236
Sobic.006G145500,GRMZM2G012236
Sobic.006G145600,GRMZM2G012236
Sobic.001G282000,GRMZM2G012306
Sobic.001G426600,GRMZM2G012319
Sobic.002G033800,GRMZM2G012324
Sobic.010G201600,GRMZM2G012342
Sobic.005G030500,GRMZM2G012384
Sobic.002G033900,GRMZM2G012397
Sobic.004G235000,GRMZM2G012399
Sobic.006G105800,GRMZM2G012404
Sobic.002G286100,GRMZM2G012413
Sobic.001G282100,GRMZM2G012434
Sobic.007G196400,GRMZM2G012453
Sobic.001G445500,GRMZM2G012501
Sobic.001G445700,GRMZM2G012758
Sobic.009G009900,GRMZM2G012806
Sobic.005G172200,GRMZM2G012821
Sobic.005G172300,GRMZM2G012821
Sobic.004G210800,GRMZM2G012841
Sobic.004G068700,GRMZM2G012865
Sobic.004G068800,GRMZM2G012865
Sobic.004G068900,GRMZM2G012865
Sobic.004G099300,GRMZM2G012923
Sobic.009G010000,GRMZM2G012928
Sobic.009G010150,GRMZM2G012928
Sobic.008G151100,GRMZM2G012932
Sobic.009G133400,GRMZM2G012999
Sobic.003G013100,GRMZM2G013010
Sobic.003G392800,GRMZM2G013016
Sobic.003G012400,GRMZM2G013045
Sobic.002G034600,GRMZM2G013114
Sobic.005G043000,GRMZM2G013128
Sobic.007G022600,GRMZM2G013152
Sobic.003G083400,GRMZM2G013176
Sobic.005G042900,GRMZM2G013191
Sobic.003G004700,GRMZM2G013201
Sobic.002G034700,GRMZM2G013236
Sobic.005G042800,GRMZM2G013271
Sobic.006G083300,GRMZM2G013283
Sobic.001G378700,GRMZM2G013299
Sobic.005G042700,GRMZM2G013302
Sobic.006G033800,GRMZM2G013357
Sobic.003G127400,GRMZM2G013378
Sobic.010G123500,GRMZM2G013398
Sobic.001G470000,GRMZM2G013430
Sobic.003G353100,GRMZM2G013463
Sobic.008G123600,GRMZM2G013478
Sobic.009G016633,GRMZM2G013581
Sobic.001G377700,GRMZM2G013588
Sobic.001G529900,GRMZM2G013634
Sobic.001G394600,GRMZM2G013639
Sobic.009G124200,GRMZM2G013657
Sobic.004G352900,GRMZM2G013704
Sobic.003G102600,GRMZM2G013728
Sobic.006G032400,GRMZM2G013765
Sobic.003G080500,GRMZM2G013790
Sobic.003G081400,GRMZM2G013790
Sobic.002G383700,GRMZM2G013811
Sobic.001G394700,GRMZM2G013853
Sobic.003G081200,GRMZM2G013884
Sobic.004G353000,GRMZM2G013890
Sobic.005G044500,GRMZM2G013949
Sobic.010G191600,GRMZM2G013956
Sobic.010G191700,GRMZM2G013956
Sobic.008G173200,GRMZM2G013960
Sobic.008G173300,GRMZM2G013960
Sobic.005G044600,GRMZM2G013967
Sobic.001G313200,GRMZM2G014026
Sobic.005G072200,GRMZM2G014071
Sobic.010G051100,GRMZM2G014076
Sobic.009G187100,GRMZM2G014099
Sobic.004G353200,GRMZM2G014116
Sobic.003G354400,GRMZM2G014136
Sobic.006G193400,GRMZM2G014187
Sobic.008G033700,GRMZM2G014282
Sobic.008G033800,GRMZM2G014282
Sobic.002G393332,GRMZM2G014295
Sobic.009G211000,GRMZM2G014303
Sobic.003G228400,GRMZM2G014395
Sobic.008G057900,GRMZM2G014397
Sobic.003G354100,GRMZM2G014452
Sobic.003G354232,GRMZM2G014452
Sobic.003G349200,GRMZM2G014454
Sobic.003G283100,GRMZM2G014499
Sobic.010G229400,GRMZM2G014508
Sobic.009G072600,GRMZM2G014551
Sobic.002G237900,GRMZM2G014558
Sobic.002G238300,GRMZM2G014558
Sobic.004G219700,GRMZM2G014560
Sobic.003G379700,GRMZM2G014653
Sobic.001G212800,GRMZM2G014676
Sobic.006G060700,GRMZM2G014695
Sobic.006G060800,GRMZM2G014695
Sobic.004G211100,GRMZM2G014750
Sobic.003G282600,GRMZM2G014770
Sobic.004G093700,GRMZM2G014826
Sobic.K005800,GRMZM2G014872
Sobic.003G340000,GRMZM2G014945
Sobic.004G290400,GRMZM2G014977
Sobic.009G188900,GRMZM2G014981
Sobic.001G157300,GRMZM2G015005
Sobic.001G467100,GRMZM2G015067
Sobic.004G353400,GRMZM2G015090
Sobic.004G067400,GRMZM2G015200
Sobic.001G467200,GRMZM2G015219
Sobic.001G377500,GRMZM2G015226
Sobic.008G103200,GRMZM2G015238
Sobic.003G036500,GRMZM2G015267
Sobic.003G188400,GRMZM2G015289
Sobic.005G112800,GRMZM2G015295
Sobic.007G007300,GRMZM2G015352
Sobic.001G536000,GRMZM2G015384
Sobic.009G037500,GRMZM2G015406
Sobic.001G056601,GRMZM2G015436
Sobic.010G166400,GRMZM2G015502
Sobic.002G054800,GRMZM2G015534
Sobic.002G055000,GRMZM2G015534
Sobic.004G035200,GRMZM2G015578
Sobic.007G172600,GRMZM2G015588
Sobic.003G362900,GRMZM2G015596
Sobic.009G036000,GRMZM2G015605
Sobic.009G036100,GRMZM2G015605
Sobic.007G014100,GRMZM2G015708
Sobic.005G033801,GRMZM2G015709
Sobic.005G033900,GRMZM2G015709
Sobic.006G135200,GRMZM2G015727
Sobic.004G306200,GRMZM2G015784
Sobic.006G098200,GRMZM2G015844
Sobic.005G123400,GRMZM2G015854
Sobic.008G089900,GRMZM2G015869
Sobic.009G008300,GRMZM2G015872
Sobic.008G125700,GRMZM2G015886
Sobic.006G054700,GRMZM2G015889
Sobic.001G056400,GRMZM2G015892
Sobic.001G056500,GRMZM2G015892
Sobic.001G358500,GRMZM2G015902
Sobic.007G115801,GRMZM2G015925
Sobic.009G073100,GRMZM2G015955
Sobic.007G116950,GRMZM2G015967
Sobic.003G310700,GRMZM2G016068
Sobic.007G205400,GRMZM2G016079
Sobic.001G015200,GRMZM2G016084
Sobic.007G205500,GRMZM2G016088
Sobic.007G162000,GRMZM2G016210
Sobic.001G249500,GRMZM2G016241
Sobic.001G249600,GRMZM2G016241
Sobic.007G034700,GRMZM2G016254
Sobic.007G035800,GRMZM2G016254
Sobic.010G097400,GRMZM2G016275
Sobic.001G015100,GRMZM2G016290
Sobic.009G038000,GRMZM2G016312
Sobic.010G065800,GRMZM2G016323
Sobic.008G036900,GRMZM2G016370
Sobic.003G434800,GRMZM2G016382
Sobic.004G158901,GRMZM2G016434
Sobic.003G303100,GRMZM2G016435
Sobic.001G483700,GRMZM2G016443
Sobic.009G038200,GRMZM2G016462
Sobic.001G382700,GRMZM2G016480
Sobic.009G213300,GRMZM2G016503
Sobic.007G145700,GRMZM2G016521
Sobic.001G088800,GRMZM2G016546
Sobic.003G445000,GRMZM2G016561
Sobic.001G158400,GRMZM2G016602
Sobic.009G028300,GRMZM2G016637
Sobic.006G163600,GRMZM2G016649
Sobic.002G186300,GRMZM2G016660
Sobic.003G444900,GRMZM2G016668
Sobic.001G014900,GRMZM2G016774
Sobic.002G249900,GRMZM2G016836
Sobic.010G066400,GRMZM2G016866
Sobic.001G168900,GRMZM2G016875
Sobic.006G047400,GRMZM2G016928
Sobic.002G093400,GRMZM2G016958
Sobic.002G093500,GRMZM2G016958
Sobic.001G308600,GRMZM2G017011
Sobic.001G400200,GRMZM2G017044
Sobic.002G379800,GRMZM2G017080
Sobic.001G106200,GRMZM2G017087
Sobic.001G414300,GRMZM2G017103
Sobic.007G152800,GRMZM2G017110
Sobic.005G048800,GRMZM2G017113
Sobic.006G089500,GRMZM2G017187
Sobic.006G192600,GRMZM2G017197
Sobic.001G382900,GRMZM2G017223
Sobic.001G244900,GRMZM2G017237
Sobic.010G085000,GRMZM2G017244
Sobic.004G030200,GRMZM2G017249
Sobic.010G085100,GRMZM2G017257
Sobic.009G222500,GRMZM2G017269
Sobic.001G169200,GRMZM2G017319
Sobic.010G051800,GRMZM2G017349
Sobic.004G235700,GRMZM2G017355
Sobic.002G380200,GRMZM2G017368
Sobic.001G240300,GRMZM2G017388
Sobic.008G152500,GRMZM2G017405
Sobic.002G366900,GRMZM2G017409
Sobic.005G163600,GRMZM2G017411
Sobic.004G235600,GRMZM2G017429
Sobic.008G152400,GRMZM2G017486
Sobic.002G138300,GRMZM2G017528
Sobic.010G085200,GRMZM2G017537
Sobic.002G367000,GRMZM2G017550
Sobic.008G151432,GRMZM2G017584
Sobic.008G152300,GRMZM2G017584
Sobic.001G483400,GRMZM2G017616
Sobic.005G084800,GRMZM2G017624
Sobic.006G078000,GRMZM2G017643
Sobic.001G354800,GRMZM2G017670
Sobic.004G054100,GRMZM2G017741
Sobic.004G054200,GRMZM2G017802
Sobic.005G084900,GRMZM2G017804
Sobic.003G162800,GRMZM2G017853
Sobic.003G162900,GRMZM2G017853
Sobic.004G057700,GRMZM2G017882
Sobic.002G420200,GRMZM2G017894
Sobic.004G327400,GRMZM2G017923
Sobic.010G258800,GRMZM2G017933
Sobic.004G168700,GRMZM2G017991
Sobic.010G020800,GRMZM2G018006
Sobic.009G050100,GRMZM2G018020
Sobic.008G174900,GRMZM2G018030
Sobic.002G243000,GRMZM2G018044
Sobic.006G086700,GRMZM2G018059
Sobic.004G327300,GRMZM2G018103
Sobic.002G242900,GRMZM2G018108
Sobic.002G269600,GRMZM2G018138
Sobic.003G350800,GRMZM2G018189
Sobic.003G026200,GRMZM2G018217
Sobic.006G086600,GRMZM2G018223
Sobic.001G375900,GRMZM2G018229
Sobic.001G376400,GRMZM2G018229
Sobic.005G230000,GRMZM2G018254
Sobic.006G103300,GRMZM2G018275
Sobic.006G103900,GRMZM2G018275
Sobic.002G237500,GRMZM2G018366
Sobic.001G139750,GRMZM2G018385
Sobic.004G327200,GRMZM2G018484
Sobic.004G163100,GRMZM2G018523
Sobic.004G327100,GRMZM2G018573
Sobic.001G512200,GRMZM2G018579
Sobic.004G306400,GRMZM2G018586
Sobic.003G381100,GRMZM2G018589
Sobic.006G269000,GRMZM2G018595
Sobic.001G095366,GRMZM2G018646
Sobic.006G255400,GRMZM2G018692
Sobic.001G512100,GRMZM2G018706
Sobic.006G255500,GRMZM2G018716
Sobic.002G008600,GRMZM2G018721
Sobic.001G388600,GRMZM2G018728
Sobic.006G140100,GRMZM2G018756
Sobic.002G396200,GRMZM2G018771
Sobic.003G135201,GRMZM2G018782
Sobic.009G004100,GRMZM2G018786
Sobic.003G092900,GRMZM2G018806
Sobic.004G157300,GRMZM2G018820
Sobic.003G092700,GRMZM2G018869
Sobic.006G131800,GRMZM2G018876
Sobic.002G301200,GRMZM2G018950
Sobic.003G119200,GRMZM2G018951
Sobic.001G481400,GRMZM2G018984
Sobic.002G347000,GRMZM2G019084
Sobic.002G194700,GRMZM2G019183
Sobic.003G421900,GRMZM2G019185
Sobic.002G009200,GRMZM2G019200
Sobic.007G027900,GRMZM2G019225
Sobic.005G114800,GRMZM2G019236
Sobic.010G089400,GRMZM2G019291
Sobic.004G252200,GRMZM2G019317
Sobic.010G023400,GRMZM2G019356
Sobic.002G286400,GRMZM2G019363
Sobic.002G365700,GRMZM2G019373
Sobic.003G202800,GRMZM2G019386
Sobic.007G019900,GRMZM2G019398
Sobic.007G020100,GRMZM2G019398
Sobic.007G020200,GRMZM2G019398
Sobic.001G252300,GRMZM2G019411
Sobic.008G161000,GRMZM2G019434
Sobic.003G261200,GRMZM2G019437
Sobic.002G071600,GRMZM2G019443
Sobic.004G124700,GRMZM2G019553
Sobic.001G333900,GRMZM2G019562
Sobic.001G434600,GRMZM2G019567
Sobic.002G365400,GRMZM2G019571
Sobic.002G398400,GRMZM2G019583
Sobic.004G014300,GRMZM2G019644
Sobic.004G014500,GRMZM2G019644
Sobic.002G398600,GRMZM2G019666
Sobic.003G416100,GRMZM2G019686
Sobic.001G436600,GRMZM2G019689
Sobic.003G261300,GRMZM2G019738
Sobic.007G077532,GRMZM2G019744
Sobic.002G009600,GRMZM2G019746
Sobic.002G009700,GRMZM2G019746
Sobic.006G177300,GRMZM2G019783
Sobic.010G126400,GRMZM2G019859
Sobic.006G177200,GRMZM2G019863
Sobic.003G203100,GRMZM2G019874
Sobic.006G177100,GRMZM2G019876
Sobic.008G160700,GRMZM2G019926
Sobic.002G339100,GRMZM2G019974
Sobic.001G382600,GRMZM2G019991
Sobic.006G047700,GRMZM2G019993
Sobic.003G329400,GRMZM2G020002
Sobic.003G261400,GRMZM2G020034
Sobic.004G009800,GRMZM2G020066
Sobic.002G002700,GRMZM2G020104
Sobic.002G002800,GRMZM2G020104
Sobic.004G010000,GRMZM2G020146
Sobic.005G039900,GRMZM2G020242
Sobic.005G040200,GRMZM2G020242
Sobic.005G040400,GRMZM2G020242
Sobic.007G077466,GRMZM2G020254
Sobic.002G281400,GRMZM2G020255
Sobic.004G253500,GRMZM2G020285
Sobic.001G230200,GRMZM2G020295
Sobic.004G010300,GRMZM2G020320
Sobic.004G109100,GRMZM2G020329
Sobic.004G109300,GRMZM2G020329
Sobic.004G109400,GRMZM2G020329
Sobic.004G010900,GRMZM2G020366
Sobic.002G281300,GRMZM2G020401
Sobic.002G399000,GRMZM2G020450
Sobic.007G212100,GRMZM2G020478
Sobic.006G177000,GRMZM2G020500
Sobic.001G328100,GRMZM2G020523
Sobic.002G411300,GRMZM2G020606
Sobic.001G280400,GRMZM2G020620
Sobic.010G233500,GRMZM2G020657
Sobic.006G165300,GRMZM2G020701
Sobic.002G268300,GRMZM2G020740
Sobic.002G268500,GRMZM2G020740
Sobic.002G411500,GRMZM2G020766
Sobic.004G161800,GRMZM2G020840
Sobic.009G158000,GRMZM2G020856
Sobic.005G017100,GRMZM2G020864
Sobic.001G385900,GRMZM2G020940
Sobic.001G230300,GRMZM2G020974
Sobic.004G129600,GRMZM2G021015
Sobic.006G165650,GRMZM2G021035
Sobic.006G165800,GRMZM2G021044
Sobic.002G232300,GRMZM2G021049
Sobic.001G162400,GRMZM2G021055
Sobic.006G062700,GRMZM2G021059
Sobic.007G150100,GRMZM2G021074
Sobic.004G097300,GRMZM2G021106
Sobic.006G128300,GRMZM2G021107
Sobic.004G096700,GRMZM2G021110
Sobic.003G181600,GRMZM2G021194
Sobic.006G011000,GRMZM2G021223
Sobic.002G315100,GRMZM2G021233
Sobic.002G054100,GRMZM2G021303
Sobic.002G057050,GRMZM2G021303
Sobic.009G214600,GRMZM2G021406
Sobic.002G056500,GRMZM2G021416
Sobic.003G181700,GRMZM2G021422
Sobic.001G397850,GRMZM2G021433
Sobic.009G232500,GRMZM2G021470
Sobic.003G181800,GRMZM2G021517
Sobic.006G165900,GRMZM2G021530
Sobic.009G232400,GRMZM2G021549
Sobic.003G335400,GRMZM2G021589
Sobic.006G237200,GRMZM2G021635
Sobic.001G010500,GRMZM2G021642
Sobic.007G000900,GRMZM2G021674
Sobic.007G151900,GRMZM2G021687
Sobic.006G153000,GRMZM2G021694
Sobic.003G294100,GRMZM2G021704
Sobic.006G128400,GRMZM2G021710
Sobic.001G010600,GRMZM2G021742
Sobic.004G211200,GRMZM2G021777
Sobic.006G153100,GRMZM2G021786
Sobic.009G056600,GRMZM2G021796
Sobic.003G239200,GRMZM2G021807
Sobic.007G152000,GRMZM2G021816
Sobic.009G056700,GRMZM2G021846
Sobic.007G039300,GRMZM2G021864
Sobic.010G158100,GRMZM2G021879
Sobic.009G014200,GRMZM2G021909
Sobic.004G090000,GRMZM2G021998
Sobic.004G090200,GRMZM2G021998
Sobic.004G090300,GRMZM2G021998
Sobic.002G122700,GRMZM2G022014
Sobic.002G122800,GRMZM2G022014
Sobic.001G347300,GRMZM2G022061
Sobic.009G231900,GRMZM2G022065
Sobic.003G121800,GRMZM2G022088
Sobic.002G007300,GRMZM2G022120
Sobic.004G059600,GRMZM2G022181
Sobic.006G237100,GRMZM2G022192
Sobic.006G124300,GRMZM2G022229
Sobic.009G130500,GRMZM2G022252
Sobic.008G082900,GRMZM2G022283
Sobic.003G240500,GRMZM2G022311
Sobic.008G032800,GRMZM2G022318
Sobic.007G056700,GRMZM2G022359
Sobic.001G487900,GRMZM2G022363
Sobic.006G123300,GRMZM2G022413
Sobic.006G123500,GRMZM2G022413
Sobic.003G192200,GRMZM2G022440
Sobic.010G256400,GRMZM2G022442
Sobic.003G036950,GRMZM2G022489
Sobic.007G056600,GRMZM2G022506
Sobic.010G181500,GRMZM2G022558
Sobic.008G012600,GRMZM2G022606
Sobic.003G286300,GRMZM2G022625
Sobic.001G048200,GRMZM2G022662
Sobic.006G113000,GRMZM2G022699
Sobic.003G300900,GRMZM2G022777
Sobic.007G030700,GRMZM2G022793
Sobic.009G002200,GRMZM2G022820
Sobic.002G180400,GRMZM2G022837
Sobic.003G298900,GRMZM2G022856
Sobic.006G021600,GRMZM2G022876
Sobic.003G078300,GRMZM2G022897
Sobic.002G197000,GRMZM2G022904
Sobic.003G250700,GRMZM2G022931
Sobic.001G397800,GRMZM2G022945
Sobic.001G132600,GRMZM2G022997
Sobic.006G059000,GRMZM2G023020
Sobic.006G017600,GRMZM2G023028
Sobic.006G237400,GRMZM2G023037
Sobic.007G169300,GRMZM2G023059
Sobic.008G175100,GRMZM2G023068
Sobic.006G237500,GRMZM2G023071
Sobic.009G099200,GRMZM2G023105
Sobic.009G233500,GRMZM2G023133
Sobic.006G239800,GRMZM2G023163
Sobic.009G233600,GRMZM2G023190
Sobic.003G237800,GRMZM2G023220
Sobic.006G239400,GRMZM2G023239
Sobic.001G011200,GRMZM2G023242
Sobic.003G396100,GRMZM2G023257
Sobic.007G060000,GRMZM2G023275
Sobic.003G286400,GRMZM2G023285
Sobic.007G227700,GRMZM2G023313
Sobic.002G355200,GRMZM2G023346
Sobic.007G060600,GRMZM2G023422
Sobic.002G423200,GRMZM2G023438
Sobic.002G355100,GRMZM2G023444
Sobic.001G006300,GRMZM2G023557
Sobic.001G478300,GRMZM2G023575
Sobic.007G227600,GRMZM2G023591
Sobic.004G004900,GRMZM2G023638
Sobic.003G363900,GRMZM2G023650
Sobic.001G384500,GRMZM2G023715
Sobic.003G363800,GRMZM2G023748
Sobic.009G123600,GRMZM2G023769
Sobic.003G214000,GRMZM2G023786
Sobic.007G227500,GRMZM2G023791
Sobic.010G156500,GRMZM2G023811
Sobic.001G084900,GRMZM2G023833
Sobic.007G227300,GRMZM2G023847
Sobic.001G384400,GRMZM2G023884
Sobic.007G227100,GRMZM2G023906
Sobic.001G224600,GRMZM2G023970
Sobic.004G188300,GRMZM2G023988
Sobic.010G134900,GRMZM2G024005
Sobic.001G085800,GRMZM2G024051
Sobic.001G478100,GRMZM2G024099
Sobic.001G116400,GRMZM2G024104
Sobic.006G100800,GRMZM2G024119
Sobic.001G129900,GRMZM2G024131
Sobic.003G249000,GRMZM2G024144
Sobic.001G191600,GRMZM2G024145
Sobic.001G326200,GRMZM2G024175
Sobic.001G360400,GRMZM2G024234
Sobic.004G290600,GRMZM2G024245
Sobic.003G249100,GRMZM2G024247
Sobic.004G119400,GRMZM2G024260
Sobic.001G011300,GRMZM2G024267
Sobic.002G047600,GRMZM2G024354
Sobic.001G011600,GRMZM2G024389
Sobic.003G249400,GRMZM2G024391
Sobic.001G451200,GRMZM2G024435
Sobic.004G152200,GRMZM2G024444
Sobic.003G249500,GRMZM2G024448
Sobic.004G206300,GRMZM2G024451
Sobic.007G138900,GRMZM2G024468
Sobic.008G044750,GRMZM2G024499
Sobic.008G044900,GRMZM2G024499
Sobic.008G045000,GRMZM2G024499
Sobic.005G099100,GRMZM2G024527
Sobic.005G099400,GRMZM2G024527
Sobic.004G206200,GRMZM2G024550
Sobic.003G048000,GRMZM2G024551
Sobic.005G132200,GRMZM2G024563
Sobic.009G024100,GRMZM2G024576
Sobic.004G040500,GRMZM2G024612
Sobic.001G011700,GRMZM2G024686
Sobic.001G259100,GRMZM2G024705
Sobic.003G331600,GRMZM2G024806
Sobic.001G288900,GRMZM2G024823
Sobic.002G223200,GRMZM2G024865
Sobic.004G048800,GRMZM2G024882
Sobic.006G050500,GRMZM2G024933
Sobic.004G143300,GRMZM2G024976
Sobic.003G331400,GRMZM2G024992
Sobic.010G022600,GRMZM2G024993
Sobic.010G159500,GRMZM2G025026
Sobic.002G415600,GRMZM2G025062
Sobic.001G478000,GRMZM2G025078
Sobic.009G002500,GRMZM2G025105
Sobic.009G002600,GRMZM2G025105
Sobic.005G075900,GRMZM2G025109
Sobic.005G102800,GRMZM2G025154
Sobic.001G283300,GRMZM2G025157
Sobic.002G416000,GRMZM2G025182
Sobic.006G055300,GRMZM2G025294
Sobic.001G024250,GRMZM2G025311
Sobic.002G154400,GRMZM2G025340
Sobic.002G154551,GRMZM2G025340
Sobic.009G223100,GRMZM2G025429
Sobic.003G394300,GRMZM2G025451
Sobic.007G172700,GRMZM2G025488
Sobic.009G222800,GRMZM2G025518
Sobic.002G073200,GRMZM2G025531
Sobic.006G257500,GRMZM2G025536
Sobic.010G213600,GRMZM2G025579
Sobic.004G147500,GRMZM2G025598
Sobic.009G015300,GRMZM2G025611
Sobic.009G015400,GRMZM2G025611
Sobic.002G193000,GRMZM2G025646
Sobic.003G379301,GRMZM2G025649
Sobic.003G403800,GRMZM2G025659
Sobic.001G170000,GRMZM2G025680
Sobic.002G392500,GRMZM2G025685
Sobic.003G379400,GRMZM2G025703
Sobic.006G200200,GRMZM2G025720
Sobic.003G403900,GRMZM2G025742
Sobic.003G311100,GRMZM2G025758
Sobic.001G090900,GRMZM2G025793
Sobic.010G194900,GRMZM2G025812
Sobic.003G222500,GRMZM2G025854
Sobic.001G191000,GRMZM2G025855
Sobic.001G091000,GRMZM2G025857
Sobic.003G418000,GRMZM2G025870
Sobic.006G120100,GRMZM2G025875
Sobic.006G120000,GRMZM2G025880
Sobic.002G407200,GRMZM2G025885
Sobic.002G407300,GRMZM2G025885
Sobic.002G407400,GRMZM2G025885
Sobic.002G407500,GRMZM2G025885
Sobic.002G407700,GRMZM2G025885
Sobic.002G037800,GRMZM2G025977
Sobic.005G004700,GRMZM2G025989
Sobic.002G407900,GRMZM2G025992
Sobic.009G243100,GRMZM2G026013
Sobic.001G190400,GRMZM2G026020
Sobic.006G168400,GRMZM2G026050
Sobic.010G178000,GRMZM2G026143
Sobic.001G311000,GRMZM2G026147
Sobic.009G243200,GRMZM2G026188
Sobic.002G013300,GRMZM2G026229
Sobic.001G359400,GRMZM2G026322
Sobic.001G359500,GRMZM2G026322
Sobic.003G315332,GRMZM2G026333
Sobic.003G222600,GRMZM2G026371
Sobic.002G122900,GRMZM2G026389
Sobic.010G233300,GRMZM2G026396
Sobic.001G188800,GRMZM2G026406
Sobic.005G045300,GRMZM2G026442
Sobic.004G102900,GRMZM2G026490
Sobic.009G136900,GRMZM2G026523
Sobic.004G241300,GRMZM2G026560
Sobic.002G038300,GRMZM2G026614
Sobic.001G543200,GRMZM2G026639
Sobic.003G096300,GRMZM2G026643
Sobic.003G358200,GRMZM2G026649
Sobic.006G156000,GRMZM2G026656
Sobic.001G059800,GRMZM2G026703
Sobic.007G110900,GRMZM2G026737
Sobic.003G413100,GRMZM2G026758
Sobic.001G310700,GRMZM2G026767
Sobic.001G107800,GRMZM2G026780
Sobic.003G057600,GRMZM2G026783
Sobic.010G096300,GRMZM2G026833
Sobic.004G215100,GRMZM2G026839
Sobic.003G384300,GRMZM2G026855
Sobic.002G363500,GRMZM2G026869
Sobic.010G238100,GRMZM2G026881
Sobic.001G422800,GRMZM2G026911
Sobic.006G049100,GRMZM2G026918
Sobic.009G173400,GRMZM2G026927
Sobic.010G246600,GRMZM2G026980
Sobic.002G391600,GRMZM2G026991
Sobic.003G013800,GRMZM2G027007
Sobic.004G334900,GRMZM2G027019
Sobic.005G169800,GRMZM2G027021
Sobic.003G273500,GRMZM2G027023
Sobic.002G177300,GRMZM2G027041
Sobic.001G102500,GRMZM2G027059
Sobic.001G041500,GRMZM2G027068
Sobic.004G191500,GRMZM2G027193
Sobic.002G140300,GRMZM2G027198
Sobic.002G140400,GRMZM2G027198
Sobic.004G335000,GRMZM2G027282
Sobic.006G034000,GRMZM2G027307
Sobic.008G183700,GRMZM2G027331
Sobic.005G054800,GRMZM2G027336
Sobic.010G173800,GRMZM2G027385
Sobic.008G076800,GRMZM2G027431
Sobic.001G217100,GRMZM2G027462
Sobic.003G339200,GRMZM2G027478
Sobic.006G115000,GRMZM2G027571
Sobic.010G101300,GRMZM2G027627
Sobic.001G138000,GRMZM2G027663
Sobic.001G241600,GRMZM2G027688
Sobic.001G241700,GRMZM2G027688
Sobic.002G313100,GRMZM2G027756
Sobic.001G499200,GRMZM2G027821
Sobic.010G216300,GRMZM2G027835
Sobic.010G139400,GRMZM2G027847
Sobic.002G408100,GRMZM2G027851
Sobic.010G139500,GRMZM2G027860
Sobic.003G179500,GRMZM2G027867
Sobic.004G092900,GRMZM2G027875
Sobic.004G140300,GRMZM2G027886
Sobic.009G245000,GRMZM2G027955
Sobic.010G120800,GRMZM2G027958
Sobic.001G155200,GRMZM2G027991
Sobic.010G260200,GRMZM2G028007
Sobic.008G143700,GRMZM2G028036
Sobic.003G201700,GRMZM2G028037
Sobic.004G208900,GRMZM2G028096
Sobic.009G034300,GRMZM2G028104
Sobic.010G260000,GRMZM2G028108
Sobic.001G473800,GRMZM2G028136
Sobic.006G093300,GRMZM2G028139
Sobic.003G300000,GRMZM2G028159
Sobic.001G473700,GRMZM2G028247
Sobic.003G384600,GRMZM2G028252
Sobic.010G216400,GRMZM2G028254
Sobic.006G093400,GRMZM2G028258
Sobic.001G314200,GRMZM2G028302
Sobic.008G063600,GRMZM2G028307
Sobic.006G034500,GRMZM2G028313
Sobic.004G238100,GRMZM2G028325
Sobic.001G210000,GRMZM2G028335
Sobic.004G095000,GRMZM2G028366
Sobic.004G095100,GRMZM2G028366
Sobic.004G110500,GRMZM2G028444
Sobic.001G108200,GRMZM2G028500
Sobic.010G274800,GRMZM2G028501
Sobic.001G504000,GRMZM2G028521
Sobic.006G092200,GRMZM2G028543
Sobic.003G287300,GRMZM2G028547
Sobic.010G041800,GRMZM2G028552
Sobic.003G425850,GRMZM2G028556
Sobic.003G262650,GRMZM2G028568
Sobic.006G093700,GRMZM2G028608
Sobic.003G045000,GRMZM2G028637
Sobic.004G141200,GRMZM2G028677
Sobic.002G303100,GRMZM2G028713
Sobic.003G067201,GRMZM2G028718
Sobic.007G149200,GRMZM2G028726
Sobic.006G034800,GRMZM2G028730
Sobic.004G217800,GRMZM2G028736
Sobic.009G004200,GRMZM2G028758
Sobic.004G141400,GRMZM2G028763
Sobic.003G045100,GRMZM2G028774
Sobic.001G538932,GRMZM2G028870
Sobic.008G174300,GRMZM2G028900
Sobic.001G327800,GRMZM2G028914
Sobic.010G034100,GRMZM2G028928
Sobic.006G170000,GRMZM2G028969
Sobic.006G109300,GRMZM2G029001
Sobic.001G461700,GRMZM2G029055
Sobic.004G024100,GRMZM2G029065
Sobic.002G201900,GRMZM2G029153
Sobic.006G251900,GRMZM2G029194
Sobic.002G204400,GRMZM2G029223
Sobic.008G162000,GRMZM2G029262
Sobic.010G196100,GRMZM2G029345
Sobic.006G109200,GRMZM2G029356
Sobic.001G071100,GRMZM2G029385
Sobic.004G121200,GRMZM2G029400
Sobic.010G218600,GRMZM2G029407
Sobic.003G140200,GRMZM2G029479
Sobic.002G262600,GRMZM2G029530
Sobic.001G083300,GRMZM2G029536
Sobic.009G207600,GRMZM2G029546
Sobic.004G204800,GRMZM2G029583
Sobic.002G038600,GRMZM2G029587
Sobic.002G038733,GRMZM2G029623
Sobic.010G212350,GRMZM2G029690
Sobic.002G038866,GRMZM2G029692
Sobic.001G531700,GRMZM2G029713
Sobic.009G207700,GRMZM2G029716
Sobic.002G279600,GRMZM2G029720
Sobic.010G016200,GRMZM2G029798
Sobic.001G531500,GRMZM2G029824
Sobic.004G024300,GRMZM2G029879
Sobic.010G212600,GRMZM2G029912
Sobic.004G079900,GRMZM2G029951
Sobic.004G078800,GRMZM2G029979
Sobic.004G024400,GRMZM2G030013
Sobic.003G406500,GRMZM2G030038
Sobic.001G375000,GRMZM2G030072
Sobic.003G233300,GRMZM2G030080
Sobic.010G212000,GRMZM2G030099
Sobic.002G055200,GRMZM2G030138
Sobic.001G531300,GRMZM2G030173
Sobic.007G033500,GRMZM2G030181
Sobic.010G006800,GRMZM2G030216
Sobic.001G433900,GRMZM2G030223
Sobic.009G055400,GRMZM2G030235
Sobic.004G156000,GRMZM2G030244
Sobic.010G006700,GRMZM2G030252
Sobic.002G055300,GRMZM2G030263
Sobic.006G148100,GRMZM2G030275
Sobic.005G197900,GRMZM2G030297
Sobic.001G531200,GRMZM2G030299
Sobic.002G187500,GRMZM2G030341
Sobic.005G100700,GRMZM2G030463
Sobic.004G336500,GRMZM2G030465
Sobic.007G185100,GRMZM2G030494
Sobic.001G316700,GRMZM2G030529
Sobic.001G531000,GRMZM2G030567
Sobic.001G379000,GRMZM2G030571
Sobic.007G155500,GRMZM2G030594
Sobic.003G187500,GRMZM2G030596
Sobic.006G127200,GRMZM2G030598
Sobic.004G204500,GRMZM2G030606
Sobic.001G316500,GRMZM2G030636
Sobic.007G050400,GRMZM2G030659
Sobic.009G231800,GRMZM2G030710
Sobic.003G072400,GRMZM2G030712
Sobic.002G372400,GRMZM2G030731
Sobic.004G336700,GRMZM2G030744
Sobic.001G392400,GRMZM2G030794
Sobic.003G422800,GRMZM2G030814
Sobic.002G108600,GRMZM2G030823
Sobic.004G330000,GRMZM2G030873
Sobic.001G410600,GRMZM2G030880
Sobic.003G083000,GRMZM2G031004
Sobic.001G124300,GRMZM2G031022
Sobic.008G034300,GRMZM2G031033
Sobic.003G110000,GRMZM2G031043
Sobic.007G156600,GRMZM2G031065
Sobic.007G157100,GRMZM2G031065
Sobic.007G157400,GRMZM2G031065
Sobic.007G157500,GRMZM2G031065
Sobic.007G157550,GRMZM2G031065
Sobic.004G204900,GRMZM2G031107
Sobic.007G157300,GRMZM2G031169
Sobic.009G231600,GRMZM2G031200
Sobic.008G034500,GRMZM2G031261
Sobic.002G403200,GRMZM2G031298
Sobic.009G089200,GRMZM2G031311
Sobic.008G034700,GRMZM2G031317
Sobic.006G092700,GRMZM2G031331
Sobic.010G218000,GRMZM2G031370
Sobic.009G089101,GRMZM2G031420
Sobic.003G162500,GRMZM2G031429
Sobic.009G204200,GRMZM2G031435
Sobic.007G156800,GRMZM2G031468
Sobic.003G411500,GRMZM2G031493
Sobic.002G034800,GRMZM2G031504
Sobic.001G039300,GRMZM2G031523
Sobic.002G373800,GRMZM2G031545
Sobic.003G162400,GRMZM2G031568
Sobic.004G177000,GRMZM2G031581
Sobic.003G411700,GRMZM2G031584
Sobic.010G066900,GRMZM2G031588
Sobic.001G347400,GRMZM2G031591
Sobic.002G240700,GRMZM2G031613
Sobic.005G098400,GRMZM2G031615
Sobic.009G026650,GRMZM2G031620
Sobic.008G044300,GRMZM2G031624
Sobic.006G242300,GRMZM2G031625
Sobic.001G495400,GRMZM2G031718
Sobic.002G158800,GRMZM2G031761
Sobic.002G081400,GRMZM2G031780
Sobic.001G495500,GRMZM2G031790
Sobic.002G193100,GRMZM2G031824
Sobic.001G383100,GRMZM2G031825
Sobic.004G040600,GRMZM2G031850
Sobic.001G519900,GRMZM2G031859
Sobic.001G077800,GRMZM2G031870
Sobic.009G072900,GRMZM2G031876
Sobic.006G196200,GRMZM2G031904
Sobic.008G043800,GRMZM2G031925
Sobic.004G298300,GRMZM2G031952
Sobic.006G196000,GRMZM2G031981
Sobic.004G094100,GRMZM2G031983
Sobic.002G291200,GRMZM2G032003
Sobic.006G242401,GRMZM2G032022
Sobic.001G403600,GRMZM2G032047
Sobic.002G179700,GRMZM2G032095
Sobic.005G164500,GRMZM2G032110
Sobic.003G411800,GRMZM2G032132
Sobic.002G040201,GRMZM2G032145
Sobic.002G189100,GRMZM2G032160
Sobic.010G067800,GRMZM2G032214
Sobic.001G520100,GRMZM2G032219
Sobic.001G194900,GRMZM2G032222
Sobic.003G346700,GRMZM2G032258
Sobic.006G195700,GRMZM2G032260
Sobic.002G040300,GRMZM2G032266
Sobic.004G052900,GRMZM2G032280
Sobic.002G306000,GRMZM2G032336
Sobic.005G070400,GRMZM2G032337
Sobic.007G105500,GRMZM2G032351
Sobic.002G280500,GRMZM2G032376
Sobic.001G520300,GRMZM2G032409
Sobic.006G060200,GRMZM2G032430
Sobic.005G012400,GRMZM2G032475
Sobic.003G428400,GRMZM2G032496
Sobic.006G195600,GRMZM2G032554
Sobic.002G280200,GRMZM2G032562
Sobic.005G012200,GRMZM2G032619
Sobic.004G163700,GRMZM2G032628
Sobic.006G107500,GRMZM2G032655
Sobic.007G037900,GRMZM2G032684
Sobic.002G116200,GRMZM2G032699
Sobic.002G280700,GRMZM2G032711
Sobic.001G331600,GRMZM2G032821
Sobic.009G191800,GRMZM2G032847
Sobic.001G520900,GRMZM2G032852
Sobic.009G144500,GRMZM2G032865
Sobic.009G074300,GRMZM2G032896
Sobic.001G383200,GRMZM2G032912
Sobic.001G383300,GRMZM2G032936
Sobic.006G107832,GRMZM2G032942
Sobic.002G116500,GRMZM2G032944
Sobic.009G074100,GRMZM2G032955
Sobic.003G343100,GRMZM2G032958
Sobic.001G086600,GRMZM2G032962
Sobic.006G244400,GRMZM2G032977
Sobic.006G244500,GRMZM2G032977
Sobic.010G125200,GRMZM2G033029
Sobic.005G012100,GRMZM2G033089
Sobic.006G107700,GRMZM2G033093
Sobic.001G097200,GRMZM2G033135
Sobic.004G040000,GRMZM2G033138
Sobic.002G267400,GRMZM2G033199
Sobic.010G023700,GRMZM2G033208
Sobic.010G024000,GRMZM2G033208
Sobic.006G055200,GRMZM2G033291
Sobic.003G306500,GRMZM2G033359
Sobic.006G277000,GRMZM2G033379
Sobic.009G191900,GRMZM2G033406
Sobic.010G196000,GRMZM2G033480
Sobic.001G393800,GRMZM2G033491
Sobic.002G338100,GRMZM2G033493
Sobic.001G387500,GRMZM2G033519
Sobic.005G218000,GRMZM2G033544
Sobic.005G218100,GRMZM2G033544
Sobic.010G168700,GRMZM2G033566
Sobic.001G125200,GRMZM2G033619
Sobic.007G205100,GRMZM2G033656
Sobic.003G241100,GRMZM2G033671
Sobic.005G144600,GRMZM2G033785
Sobic.001G125000,GRMZM2G033787
Sobic.005G145100,GRMZM2G033820
Sobic.003G205300,GRMZM2G033867
Sobic.002G251800,GRMZM2G033884
Sobic.002G338000,GRMZM2G033885
Sobic.006G011200,GRMZM2G033894
Sobic.010G078400,GRMZM2G033915
Sobic.008G000400,GRMZM2G033930
Sobic.002G231300,GRMZM2G034065
Sobic.010G195800,GRMZM2G034069
Sobic.007G073100,GRMZM2G034152
Sobic.001G176900,GRMZM2G034217
Sobic.009G211900,GRMZM2G034225
Sobic.001G488800,GRMZM2G034283
Sobic.010G120000,GRMZM2G034318
Sobic.004G344901,GRMZM2G034362
Sobic.001G178100,GRMZM2G034417
Sobic.003G217200,GRMZM2G034430
Sobic.001G178000,GRMZM2G034503
Sobic.001G174600,GRMZM2G034523
Sobic.003G074500,GRMZM2G034534
Sobic.003G074600,GRMZM2G034534
Sobic.003G217300,GRMZM2G034536
Sobic.003G217400,GRMZM2G034536
Sobic.009G017500,GRMZM2G034598
Sobic.009G053900,GRMZM2G034622
Sobic.008G149200,GRMZM2G034645
Sobic.006G159600,GRMZM2G034668
Sobic.003G217500,GRMZM2G034684
Sobic.008G148500,GRMZM2G034690
Sobic.001G177900,GRMZM2G034828
Sobic.002G173800,GRMZM2G034843
Sobic.001G288400,GRMZM2G034846
Sobic.003G151300,GRMZM2G034855
Sobic.007G040200,GRMZM2G034862
Sobic.007G040500,GRMZM2G034862
Sobic.004G269900,GRMZM2G034876
Sobic.002G224900,GRMZM2G034917
Sobic.002G228100,GRMZM2G034917
Sobic.005G023400,GRMZM2G034924
Sobic.003G028800,GRMZM2G034963
Sobic.003G271100,GRMZM2G034975
Sobic.003G217632,GRMZM2G034985
Sobic.007G014600,GRMZM2G035023
Sobic.005G022800,GRMZM2G035042
Sobic.006G017700,GRMZM2G035049
Sobic.005G061900,GRMZM2G035068
Sobic.004G006100,GRMZM2G035073
Sobic.004G006400,GRMZM2G035073
Sobic.003G028900,GRMZM2G035131
Sobic.001G488600,GRMZM2G035156
Sobic.001G238000,GRMZM2G035189
Sobic.001G238100,GRMZM2G035189
Sobic.001G238300,GRMZM2G035189
Sobic.004G269800,GRMZM2G035213
Sobic.003G271201,GRMZM2G035222
Sobic.003G029000,GRMZM2G035256
Sobic.003G029200,GRMZM2G035256
Sobic.003G271300,GRMZM2G035276
Sobic.003G029300,GRMZM2G035278
Sobic.010G159000,GRMZM2G035285
Sobic.004G283900,GRMZM2G035309
Sobic.010G108900,GRMZM2G035417
Sobic.008G164900,GRMZM2G035444
Sobic.002G088700,GRMZM2G035445
Sobic.001G436900,GRMZM2G035461
Sobic.004G212100,GRMZM2G035477
Sobic.004G233700,GRMZM2G035503
Sobic.001G339801,GRMZM2G035557
Sobic.002G095800,GRMZM2G035574
Sobic.004G212300,GRMZM2G035584
Sobic.001G249400,GRMZM2G035594
Sobic.003G179000,GRMZM2G035620
Sobic.003G417500,GRMZM2G035625
Sobic.010G038200,GRMZM2G035665
Sobic.006G200100,GRMZM2G035685
Sobic.006G151800,GRMZM2G035688
Sobic.004G234200,GRMZM2G035708
Sobic.003G329900,GRMZM2G035709
Sobic.006G200000,GRMZM2G035719
Sobic.010G037500,GRMZM2G035732
Sobic.009G015800,GRMZM2G035741
Sobic.003G304100,GRMZM2G035790
Sobic.010G048800,GRMZM2G035804
Sobic.010G049400,GRMZM2G035804
Sobic.008G098098,GRMZM2G035839
Sobic.002G049600,GRMZM2G035848
Sobic.009G162100,GRMZM2G035849
Sobic.009G162200,GRMZM2G035922
Sobic.002G163400,GRMZM2G035969
Sobic.003G274600,GRMZM2G035994
Sobic.003G330200,GRMZM2G036099
Sobic.002G403000,GRMZM2G036134
Sobic.001G001900,GRMZM2G036169
Sobic.003G102400,GRMZM2G036206
Sobic.001G450100,GRMZM2G036257
Sobic.003G045900,GRMZM2G036340
Sobic.005G097800,GRMZM2G036365
Sobic.004G234400,GRMZM2G036368
Sobic.004G236800,GRMZM2G036418
Sobic.001G124800,GRMZM2G036505
Sobic.008G059700,GRMZM2G036508
Sobic.001G334100,GRMZM2G036543
Sobic.009G036333,GRMZM2G036554
Sobic.001G279200,GRMZM2G036567
Sobic.002G408900,GRMZM2G036596
Sobic.002G402700,GRMZM2G036609
Sobic.006G016900,GRMZM2G036708
Sobic.003G197800,GRMZM2G036720
Sobic.010G166700,GRMZM2G036826
Sobic.002G188600,GRMZM2G036916
Sobic.010G197200,GRMZM2G036921
Sobic.009G122300,GRMZM2G036940
Sobic.002G179200,GRMZM2G037043
Sobic.009G156500,GRMZM2G037048
Sobic.008G022400,GRMZM2G037064
Sobic.003G075000,GRMZM2G037130
Sobic.009G015700,GRMZM2G037140
Sobic.001G124500,GRMZM2G037152
Sobic.001G124400,GRMZM2G037164
Sobic.002G395000,GRMZM2G037177
Sobic.004G283000,GRMZM2G037200
Sobic.003G157700,GRMZM2G037209
Sobic.003G372500,GRMZM2G037229
Sobic.007G219900,GRMZM2G037265
Sobic.009G177100,GRMZM2G037286
Sobic.004G066900,GRMZM2G037308
Sobic.003G232400,GRMZM2G037322
Sobic.009G052901,GRMZM2G037323
Sobic.005G201000,GRMZM2G037342
Sobic.003G048700,GRMZM2G037386
Sobic.002G370300,GRMZM2G037411
Sobic.003G424400,GRMZM2G037422
Sobic.002G370200,GRMZM2G037444
Sobic.003G254700,GRMZM2G037469
Sobic.005G201100,GRMZM2G037472
Sobic.002G394900,GRMZM2G037478
Sobic.010G192800,GRMZM2G037485
Sobic.009G186800,GRMZM2G037545
Sobic.009G186900,GRMZM2G037545
Sobic.010G003900,GRMZM2G037624
Sobic.001G340200,GRMZM2G037630
Sobic.003G151200,GRMZM2G037683
Sobic.002G106200,GRMZM2G037882
Sobic.002G106600,GRMZM2G037882
Sobic.009G223400,GRMZM2G037998
Sobic.002G248300,GRMZM2G038051
Sobic.002G371000,GRMZM2G038066
Sobic.001G369200,GRMZM2G038153
Sobic.002G078000,GRMZM2G038162
Sobic.003G374100,GRMZM2G038281
Sobic.009G231300,GRMZM2G038284
Sobic.001G076200,GRMZM2G038301
Sobic.004G260200,GRMZM2G038375
Sobic.002G104500,GRMZM2G038388
Sobic.002G077200,GRMZM2G038412
Sobic.002G278200,GRMZM2G038490
Sobic.001G069500,GRMZM2G038494
Sobic.004G164700,GRMZM2G038497
Sobic.004G164800,GRMZM2G038536
Sobic.001G372500,GRMZM2G038598
Sobic.010G065600,GRMZM2G038640
Sobic.004G163400,GRMZM2G038669
Sobic.001G149800,GRMZM2G038677
Sobic.010G214000,GRMZM2G038783
Sobic.004G025800,GRMZM2G038791
Sobic.006G189400,GRMZM2G038835
Sobic.002G058600,GRMZM2G038839
Sobic.001G166600,GRMZM2G038848
Sobic.006G189000,GRMZM2G038851
Sobic.006G189300,GRMZM2G038851
Sobic.008G151600,GRMZM2G038855
Sobic.004G143100,GRMZM2G038882
Sobic.001G240100,GRMZM2G038898
Sobic.008G152000,GRMZM2G038922
Sobic.002G252300,GRMZM2G038931
Sobic.001G069700,GRMZM2G038964
Sobic.001G154200,GRMZM2G038988
Sobic.001G326000,GRMZM2G038991
Sobic.001G164500,GRMZM2G039074
Sobic.004G166900,GRMZM2G039089
Sobic.003G056000,GRMZM2G039104
Sobic.008G145000,GRMZM2G039112
Sobic.009G120700,GRMZM2G039113
Sobic.003G312300,GRMZM2G039166
Sobic.009G172600,GRMZM2G039173
Sobic.008G144900,GRMZM2G039186
Sobic.001G160100,GRMZM2G039187
Sobic.008G144800,GRMZM2G039238
Sobic.003G292600,GRMZM2G039246
Sobic.004G025700,GRMZM2G039254
Sobic.002G051800,GRMZM2G039280
Sobic.006G248700,GRMZM2G039345
Sobic.003G377700,GRMZM2G039365
Sobic.009G225200,GRMZM2G039385
Sobic.005G196100,GRMZM2G039408
Sobic.009G120500,GRMZM2G039419
Sobic.003G049600,GRMZM2G039454
Sobic.006G248600,GRMZM2G039477
Sobic.005G196500,GRMZM2G039520
Sobic.005G196300,GRMZM2G039580
Sobic.005G196700,GRMZM2G039580
Sobic.002G388000,GRMZM2G039583
Sobic.010G173400,GRMZM2G039586
Sobic.006G248400,GRMZM2G039588
Sobic.001G054200,GRMZM2G039592
Sobic.005G196800,GRMZM2G039630
Sobic.003G361800,GRMZM2G039650
Sobic.007G056200,GRMZM2G039671
Sobic.004G319400,GRMZM2G039683
Sobic.006G155100,GRMZM2G039711
Sobic.004G278000,GRMZM2G039725
Sobic.002G390900,GRMZM2G039757
Sobic.004G319300,GRMZM2G039792
Sobic.007G056100,GRMZM2G039824
Sobic.006G155300,GRMZM2G039845
Sobic.004G319100,GRMZM2G039864
Sobic.001G315200,GRMZM2G039880
Sobic.001G066300,GRMZM2G039906
Sobic.002G032800,GRMZM2G039922
Sobic.004G119500,GRMZM2G039930
Sobic.004G021800,GRMZM2G039945
Sobic.004G021900,GRMZM2G039945
Sobic.004G022000,GRMZM2G039945
Sobic.004G022100,GRMZM2G039945
Sobic.004G022200,GRMZM2G039945
Sobic.004G022300,GRMZM2G039945
Sobic.004G022500,GRMZM2G039945
Sobic.004G022700,GRMZM2G039945
Sobic.006G246100,GRMZM2G039961
Sobic.001G076900,GRMZM2G039978
Sobic.005G169700,GRMZM2G039983
Sobic.010G100300,GRMZM2G039993
Sobic.007G004300,GRMZM2G040033
Sobic.001G452500,GRMZM2G040052
Sobic.001G315000,GRMZM2G040068
Sobic.002G263700,GRMZM2G040079
Sobic.002G032900,GRMZM2G040090
Sobic.006G248300,GRMZM2G040095
Sobic.006G264100,GRMZM2G040115
Sobic.004G266700,GRMZM2G040117
Sobic.001G452200,GRMZM2G040121
Sobic.001G066400,GRMZM2G040145
Sobic.001G066500,GRMZM2G040145
Sobic.001G522100,GRMZM2G040158
Sobic.004G158200,GRMZM2G040207
Sobic.010G157100,GRMZM2G040236
Sobic.006G264000,GRMZM2G040247
Sobic.003G285500,GRMZM2G040298
Sobic.006G263800,GRMZM2G040300
Sobic.004G002700,GRMZM2G040311
Sobic.009G052800,GRMZM2G040364
Sobic.001G245900,GRMZM2G040387
Sobic.003G219500,GRMZM2G040401
Sobic.001G312600,GRMZM2G040441
Sobic.004G189800,GRMZM2G040511
Sobic.006G263700,GRMZM2G040513
Sobic.009G208600,GRMZM2G040517
Sobic.005G149700,GRMZM2G040559
Sobic.001G451901,GRMZM2G040561
Sobic.001G452000,GRMZM2G040561
Sobic.003G063300,GRMZM2G040587
Sobic.005G149300,GRMZM2G040613
Sobic.006G263400,GRMZM2G040627
Sobic.003G063400,GRMZM2G040630
Sobic.002G263900,GRMZM2G040634
Sobic.001G360500,GRMZM2G040638
Sobic.006G207700,GRMZM2G040672
Sobic.009G052500,GRMZM2G040702
Sobic.005G149200,GRMZM2G040720
Sobic.001G451600,GRMZM2G040728
Sobic.001G451700,GRMZM2G040728
Sobic.001G313100,GRMZM2G040743
Sobic.001G527800,GRMZM2G040762
Sobic.001G245300,GRMZM2G040821
Sobic.001G450300,GRMZM2G040828
Sobic.010G276100,GRMZM2G040871
Sobic.006G207800,GRMZM2G040878
Sobic.001G517200,GRMZM2G040887
Sobic.004G325000,GRMZM2G040890
Sobic.002G206800,GRMZM2G040945
Sobic.002G200500,GRMZM2G040947
Sobic.004G172100,GRMZM2G040964
Sobic.010G003400,GRMZM2G040995
Sobic.003G225300,GRMZM2G041015
Sobic.010G193200,GRMZM2G041022
Sobic.008G145800,GRMZM2G041050
Sobic.009G052400,GRMZM2G041065
Sobic.010G192900,GRMZM2G041068
Sobic.010G193000,GRMZM2G041068
Sobic.010G193100,GRMZM2G041068
Sobic.002G207200,GRMZM2G041163
Sobic.004G171100,GRMZM2G041167
Sobic.002G207300,GRMZM2G041175
Sobic.005G078800,GRMZM2G041235
Sobic.003G260600,GRMZM2G041275
Sobic.008G048600,GRMZM2G041317
Sobic.009G038800,GRMZM2G041350
Sobic.003G087300,GRMZM2G041352
Sobic.002G294100,GRMZM2G041394
Sobic.002G340600,GRMZM2G041418
Sobic.009G038600,GRMZM2G041454
Sobic.009G096433,GRMZM2G041463
Sobic.009G096700,GRMZM2G041463
Sobic.009G219400,GRMZM2G041472
Sobic.006G218900,GRMZM2G041518
Sobic.002G425700,GRMZM2G041527
Sobic.004G067700,GRMZM2G041561
Sobic.001G279100,GRMZM2G041613
Sobic.002G425900,GRMZM2G041636
Sobic.009G219500,GRMZM2G041694
Sobic.009G182600,GRMZM2G041697
Sobic.003G208400,GRMZM2G041729
Sobic.004G282200,GRMZM2G041761
Sobic.010G003300,GRMZM2G041765
Sobic.010G185700,GRMZM2G041831
Sobic.003G388100,GRMZM2G041847
Sobic.005G045600,GRMZM2G041866
Sobic.001G508532,GRMZM2G041899
Sobic.001G508600,GRMZM2G041899
Sobic.001G412200,GRMZM2G041955
Sobic.009G119400,GRMZM2G041961
Sobic.007G082500,GRMZM2G041963
Sobic.004G102200,GRMZM2G041980
Sobic.004G249500,GRMZM2G041991
Sobic.010G012300,GRMZM2G041994
Sobic.007G205200,GRMZM2G041996
Sobic.003G208800,GRMZM2G042008
Sobic.001G412500,GRMZM2G042032
Sobic.001G119400,GRMZM2G042040
Sobic.001G119500,GRMZM2G042040
Sobic.010G012900,GRMZM2G042080
Sobic.003G296900,GRMZM2G042099
Sobic.001G414400,GRMZM2G042107
Sobic.001G470800,GRMZM2G042171
Sobic.010G206900,GRMZM2G042231
Sobic.004G034000,GRMZM2G042245
Sobic.001G437801,GRMZM2G042253
Sobic.004G034100,GRMZM2G042278
Sobic.008G177200,GRMZM2G042313
Sobic.010G013000,GRMZM2G042323
Sobic.002G416900,GRMZM2G042347
Sobic.003G327900,GRMZM2G042364
Sobic.007G220300,GRMZM2G042371
Sobic.001G119300,GRMZM2G042398
Sobic.003G310200,GRMZM2G042412
Sobic.006G111200,GRMZM2G042443
Sobic.007G179400,GRMZM2G042485
Sobic.007G220200,GRMZM2G042488
Sobic.003G328000,GRMZM2G042492
Sobic.001G537600,GRMZM2G042539
Sobic.001G537800,GRMZM2G042552
Sobic.006G250100,GRMZM2G042599
Sobic.001G386100,GRMZM2G042615
Sobic.007G208700,GRMZM2G042622
Sobic.007G208800,GRMZM2G042622
Sobic.001G357200,GRMZM2G042683
Sobic.002G111400,GRMZM2G042692
Sobic.001G218500,GRMZM2G042704
Sobic.002G076600,GRMZM2G042733
Sobic.006G184800,GRMZM2G042756
Sobic.010G233700,GRMZM2G042758
Sobic.009G128400,GRMZM2G042797
Sobic.003G297400,GRMZM2G042818
Sobic.010G186700,GRMZM2G042870
Sobic.001G332300,GRMZM2G042881
Sobic.007G051800,GRMZM2G042895
Sobic.006G250200,GRMZM2G042933
Sobic.009G208700,GRMZM2G043035
Sobic.003G344200,GRMZM2G043095
Sobic.008G014300,GRMZM2G043119
Sobic.001G162800,GRMZM2G043127
Sobic.001G332400,GRMZM2G043141
Sobic.010G233200,GRMZM2G043147
Sobic.008G014500,GRMZM2G043150
Sobic.001G212500,GRMZM2G043183
Sobic.001G162700,GRMZM2G043191
Sobic.004G173200,GRMZM2G043193
Sobic.007G190100,GRMZM2G043198
Sobic.003G295800,GRMZM2G043212
Sobic.002G194800,GRMZM2G043240
Sobic.004G173300,GRMZM2G043250
Sobic.002G249200,GRMZM2G043254
Sobic.002G249300,GRMZM2G043254
Sobic.002G249400,GRMZM2G043254
Sobic.002G077100,GRMZM2G043275
Sobic.004G152400,GRMZM2G043279
Sobic.004G152700,GRMZM2G043279
Sobic.002G016400,GRMZM2G043301
Sobic.004G357400,GRMZM2G043331
Sobic.007G146300,GRMZM2G043415
Sobic.001G150300,GRMZM2G043417
Sobic.009G206500,GRMZM2G043435
Sobic.003G295700,GRMZM2G043464
Sobic.004G023400,GRMZM2G043500
Sobic.003G295600,GRMZM2G043521
Sobic.007G146100,GRMZM2G043530
Sobic.001G446400,GRMZM2G043584
Sobic.004G152800,GRMZM2G043602
Sobic.009G206300,GRMZM2G043695
Sobic.009G206400,GRMZM2G043695
Sobic.001G503300,GRMZM2G043799
Sobic.004G056500,GRMZM2G043816
Sobic.007G140300,GRMZM2G043819
Sobic.001G418400,GRMZM2G043857
Sobic.006G257800,GRMZM2G043862
Sobic.001G418200,GRMZM2G043878
Sobic.004G152900,GRMZM2G043893
Sobic.003G295500,GRMZM2G043926
Sobic.001G379200,GRMZM2G043948
Sobic.009G002300,GRMZM2G043995
Sobic.006G250300,GRMZM2G044011
Sobic.001G379600,GRMZM2G044038
Sobic.002G020700,GRMZM2G044060
Sobic.001G379700,GRMZM2G044074
Sobic.005G192600,GRMZM2G044104
Sobic.009G179100,GRMZM2G044137
Sobic.006G173200,GRMZM2G044143
Sobic.009G102400,GRMZM2G044150
Sobic.005G192801,GRMZM2G044152
Sobic.002G020900,GRMZM2G044174
Sobic.002G021132,GRMZM2G044194
Sobic.001G156600,GRMZM2G044236
Sobic.001G416700,GRMZM2G044237
Sobic.001G531800,GRMZM2G044247
Sobic.004G201200,GRMZM2G044273
Sobic.009G090500,GRMZM2G044301
Sobic.007G044100,GRMZM2G044306
Sobic.006G104000,GRMZM2G044322
Sobic.009G064700,GRMZM2G044358
Sobic.008G035800,GRMZM2G044377
Sobic.001G531900,GRMZM2G044388
Sobic.008G036200,GRMZM2G044394
Sobic.004G250000,GRMZM2G044408
Sobic.008G037200,GRMZM2G044423
Sobic.009G064900,GRMZM2G044442
Sobic.004G282400,GRMZM2G044495
Sobic.003G077300,GRMZM2G044552
Sobic.001G113500,GRMZM2G044569
Sobic.003G404100,GRMZM2G044581
Sobic.005G188800,GRMZM2G044625
Sobic.005G192700,GRMZM2G044625
Sobic.005G192901,GRMZM2G044625
Sobic.005G193000,GRMZM2G044625
Sobic.005G193100,GRMZM2G044625
Sobic.005G193140,GRMZM2G044625
Sobic.005G193180,GRMZM2G044625
Sobic.005G193220,GRMZM2G044625
Sobic.005G193260,GRMZM2G044625
Sobic.003G077400,GRMZM2G044697
Sobic.008G031600,GRMZM2G044736
Sobic.006G169200,GRMZM2G044752
Sobic.001G142000,GRMZM2G044762
Sobic.010G188100,GRMZM2G044805
Sobic.002G274900,GRMZM2G044822
Sobic.004G276200,GRMZM2G044851
Sobic.003G429101,GRMZM2G044856
Sobic.005G013200,GRMZM2G044862
Sobic.001G328500,GRMZM2G044902
Sobic.001G322900,GRMZM2G044908
Sobic.002G012300,GRMZM2G045031
Sobic.002G012400,GRMZM2G045031
Sobic.002G012500,GRMZM2G045031
Sobic.002G012600,GRMZM2G045031
Sobic.002G012650,GRMZM2G045031
Sobic.002G012700,GRMZM2G045031
Sobic.002G012900,GRMZM2G045031
Sobic.006G247900,GRMZM2G045049
Sobic.005G052500,GRMZM2G045057
Sobic.001G322832,GRMZM2G045067
Sobic.006G124900,GRMZM2G045070
Sobic.001G194100,GRMZM2G045082
Sobic.001G322700,GRMZM2G045090
Sobic.006G125100,GRMZM2G045117
Sobic.006G125200,GRMZM2G045117
Sobic.003G312100,GRMZM2G045128
Sobic.007G184200,GRMZM2G045135
Sobic.002G368500,GRMZM2G045155
Sobic.004G163600,GRMZM2G045188
Sobic.003G295100,GRMZM2G045215
Sobic.009G137100,GRMZM2G045236
Sobic.001G014200,GRMZM2G045241
Sobic.003G191700,GRMZM2G045275
Sobic.004G349400,GRMZM2G045286
Sobic.001G142100,GRMZM2G045314
Sobic.006G212900,GRMZM2G045331
Sobic.003G295200,GRMZM2G045366
Sobic.007G183800,GRMZM2G045401
Sobic.004G258600,GRMZM2G045404
Sobic.007G183700,GRMZM2G045503
Sobic.007G089800,GRMZM2G045507
Sobic.003G191400,GRMZM2G045565
Sobic.006G212400,GRMZM2G045596
Sobic.002G195900,GRMZM2G045638
Sobic.002G128700,GRMZM2G045645
Sobic.007G104800,GRMZM2G045688
Sobic.005G041300,GRMZM2G045704
Sobic.009G118600,GRMZM2G045720
Sobic.005G090200,GRMZM2G045753
Sobic.005G090300,GRMZM2G045753
Sobic.001G205000,GRMZM2G045808
Sobic.002G104700,GRMZM2G045834
Sobic.006G212200,GRMZM2G045849
Sobic.009G128500,GRMZM2G045892
Sobic.005G061000,GRMZM2G046024
Sobic.004G282500,GRMZM2G046058
Sobic.006G211900,GRMZM2G046070
Sobic.005G160700,GRMZM2G046111
Sobic.002G297900,GRMZM2G046186
Sobic.002G118200,GRMZM2G046209
Sobic.009G172700,GRMZM2G046262
Sobic.001G048000,GRMZM2G046267
Sobic.001G425800,GRMZM2G046274
Sobic.008G053200,GRMZM2G046284
Sobic.004G313500,GRMZM2G046288
Sobic.004G313700,GRMZM2G046288
Sobic.010G161300,GRMZM2G046316
Sobic.003G012100,GRMZM2G046355
Sobic.004G313300,GRMZM2G046407
Sobic.007G204200,GRMZM2G046443
Sobic.003G246300,GRMZM2G046458
Sobic.004G313200,GRMZM2G046459
Sobic.002G050200,GRMZM2G046529
Sobic.002G089400,GRMZM2G046532
Sobic.002G089500,GRMZM2G046532
Sobic.002G089600,GRMZM2G046532
Sobic.004G268000,GRMZM2G046587
Sobic.002G192700,GRMZM2G046600
Sobic.010G071300,GRMZM2G046618
Sobic.009G119100,GRMZM2G046686
Sobic.002G049800,GRMZM2G046776
Sobic.005G047300,GRMZM2G046816
Sobic.002G346800,GRMZM2G046829
Sobic.001G509700,GRMZM2G046888
Sobic.006G099700,GRMZM2G046900
Sobic.001G509600,GRMZM2G046919
Sobic.001G112700,GRMZM2G046966
Sobic.001G509300,GRMZM2G047002
Sobic.006G254700,GRMZM2G047018
Sobic.003G221400,GRMZM2G047093
Sobic.007G125600,GRMZM2G047124
Sobic.003G239300,GRMZM2G047129
Sobic.010G062000,GRMZM2G047138
Sobic.010G062100,GRMZM2G047138
Sobic.007G104600,GRMZM2G047153
Sobic.010G255900,GRMZM2G047175
Sobic.001G309900,GRMZM2G047187
Sobic.001G048700,GRMZM2G047223
Sobic.003G239600,GRMZM2G047255
Sobic.003G313200,GRMZM2G047262
Sobic.003G325500,GRMZM2G047274
Sobic.003G239700,GRMZM2G047298
Sobic.006G254800,GRMZM2G047321
Sobic.006G176600,GRMZM2G047347
Sobic.001G040300,GRMZM2G047365
Sobic.003G439000,GRMZM2G047409
Sobic.003G439100,GRMZM2G047457
Sobic.006G255000,GRMZM2G047474
Sobic.003G001200,GRMZM2G047509
Sobic.006G083500,GRMZM2G047512
Sobic.001G469933,GRMZM2G047513
Sobic.010G179700,GRMZM2G047564
Sobic.003G390300,GRMZM2G047572
Sobic.006G255100,GRMZM2G047590
Sobic.003G145800,GRMZM2G047616
Sobic.003G325300,GRMZM2G047652
Sobic.009G170700,GRMZM2G047677
Sobic.006G087700,GRMZM2G047681
Sobic.006G083600,GRMZM2G047705
Sobic.009G170500,GRMZM2G047762
Sobic.001G285800,GRMZM2G047781
Sobic.005G129400,GRMZM2G047791
Sobic.005G129700,GRMZM2G047800
Sobic.003G055900,GRMZM2G047815
Sobic.008G172500,GRMZM2G047835
Sobic.010G153900,GRMZM2G047867
Sobic.008G172600,GRMZM2G047875
Sobic.004G100500,GRMZM2G047918
Sobic.004G100700,GRMZM2G047918
Sobic.007G205600,GRMZM2G047968
Sobic.002G409500,GRMZM2G047995
Sobic.004G159500,GRMZM2G047999
Sobic.003G234701,GRMZM2G048010
Sobic.008G009700,GRMZM2G048067
Sobic.010G270700,GRMZM2G048073
Sobic.010G270200,GRMZM2G048085
Sobic.010G270300,GRMZM2G048085
Sobic.001G274600,GRMZM2G048121
Sobic.001G274800,GRMZM2G048121
Sobic.001G275100,GRMZM2G048121
Sobic.001G275200,GRMZM2G048121
Sobic.007G187800,GRMZM2G048129
Sobic.002G273400,GRMZM2G048131
Sobic.005G224700,GRMZM2G048136
Sobic.005G224800,GRMZM2G048136
Sobic.008G143600,GRMZM2G048140
Sobic.002G273500,GRMZM2G048165
Sobic.002G030300,GRMZM2G048172
Sobic.002G409600,GRMZM2G048210
Sobic.010G094900,GRMZM2G048243
Sobic.007G145400,GRMZM2G048276
Sobic.002G199100,GRMZM2G048277
Sobic.001G342500,GRMZM2G048324
Sobic.001G342600,GRMZM2G048324
Sobic.005G153100,GRMZM2G048353
Sobic.006G147900,GRMZM2G048366
Sobic.010G249500,GRMZM2G048455
Sobic.010G270500,GRMZM2G048458
Sobic.010G215600,GRMZM2G048472
Sobic.007G145500,GRMZM2G048475
Sobic.004G357900,GRMZM2G048497
Sobic.007G145600,GRMZM2G048522
Sobic.010G018000,GRMZM2G048557
Sobic.005G145400,GRMZM2G048584
Sobic.002G314200,GRMZM2G048591
Sobic.007G225200,GRMZM2G048616
Sobic.007G225300,GRMZM2G048616
Sobic.005G199800,GRMZM2G048635
Sobic.005G199700,GRMZM2G048651
Sobic.010G249600,GRMZM2G048672
Sobic.001G429100,GRMZM2G048703
Sobic.001G514800,GRMZM2G048740
Sobic.004G169600,GRMZM2G048800
Sobic.002G376600,GRMZM2G048806
Sobic.002G316800,GRMZM2G048819
Sobic.001G324400,GRMZM2G048821
Sobic.003G305900,GRMZM2G048843
Sobic.002G376500,GRMZM2G048846
Sobic.010G244000,GRMZM2G048851
Sobic.009G236700,GRMZM2G048892
Sobic.010G244100,GRMZM2G048904
Sobic.002G316600,GRMZM2G048987
Sobic.004G125400,GRMZM2G049021
Sobic.004G125700,GRMZM2G049021
Sobic.001G528800,GRMZM2G049031
Sobic.001G427200,GRMZM2G049041
Sobic.005G168100,GRMZM2G049055
Sobic.008G163300,GRMZM2G049088
Sobic.006G032300,GRMZM2G049141
Sobic.002G316000,GRMZM2G049151
Sobic.008G163500,GRMZM2G049201
Sobic.002G376300,GRMZM2G049296
Sobic.009G109200,GRMZM2G049342
Sobic.007G152101,GRMZM2G049346
Sobic.007G152200,GRMZM2G049346
Sobic.001G104900,GRMZM2G049349
Sobic.003G445500,GRMZM2G049351
Sobic.002G186400,GRMZM2G049364
Sobic.004G107600,GRMZM2G049390
Sobic.003G374300,GRMZM2G049464
Sobic.006G270600,GRMZM2G049536
Sobic.006G211400,GRMZM2G049538
Sobic.006G148300,GRMZM2G049541
Sobic.006G101600,GRMZM2G049549
Sobic.007G088900,GRMZM2G049641
Sobic.001G145100,GRMZM2G049660
Sobic.003G105900,GRMZM2G049672
Sobic.001G051700,GRMZM2G049687
Sobic.010G003100,GRMZM2G049693
Sobic.004G027700,GRMZM2G049755
Sobic.003G309050,GRMZM2G049759
Sobic.001G356300,GRMZM2G049762
Sobic.001G051800,GRMZM2G049790
Sobic.004G186600,GRMZM2G049798
Sobic.010G141600,GRMZM2G049811
Sobic.001G320900,GRMZM2G049852
Sobic.001G052100,GRMZM2G049888
Sobic.003G106000,GRMZM2G049895
Sobic.008G082400,GRMZM2G049915
Sobic.003G106200,GRMZM2G049954
Sobic.002G199900,GRMZM2G049990
Sobic.001G384100,GRMZM2G050077
Sobic.001G131200,GRMZM2G050085
Sobic.003G336100,GRMZM2G050089
Sobic.002G303800,GRMZM2G050126
Sobic.010G018800,GRMZM2G050166
Sobic.002G419500,GRMZM2G050201
Sobic.006G189900,GRMZM2G050216
Sobic.010G019100,GRMZM2G050333
Sobic.008G115900,GRMZM2G050394
Sobic.003G177700,GRMZM2G050434
Sobic.010G259300,GRMZM2G050450
Sobic.010G259500,GRMZM2G050450
Sobic.010G259600,GRMZM2G050450
Sobic.010G259900,GRMZM2G050460
Sobic.010G260100,GRMZM2G050460
Sobic.002G365900,GRMZM2G050501
Sobic.008G110400,GRMZM2G050561
Sobic.003G265400,GRMZM2G050570
Sobic.007G148800,GRMZM2G050583
Sobic.006G008800,GRMZM2G050590
Sobic.003G265500,GRMZM2G050596
Sobic.010G134400,GRMZM2G050641
Sobic.005G114500,GRMZM2G050649
Sobic.001G139900,GRMZM2G050684
Sobic.003G265800,GRMZM2G050697
Sobic.008G110500,GRMZM2G050705
Sobic.008G034900,GRMZM2G050709
Sobic.008G035400,GRMZM2G050730
Sobic.004G267300,GRMZM2G050734
Sobic.008G035501,GRMZM2G050774
Sobic.003G030900,GRMZM2G050845
Sobic.007G147300,GRMZM2G050851
Sobic.006G081000,GRMZM2G050861
Sobic.003G030800,GRMZM2G050890
Sobic.002G335900,GRMZM2G050933
Sobic.006G027700,GRMZM2G050937
Sobic.006G027900,GRMZM2G050937
Sobic.006G028000,GRMZM2G050937
Sobic.009G024400,GRMZM2G050939
Sobic.001G325200,GRMZM2G050984
Sobic.004G328700,GRMZM2G051005
Sobic.010G035400,GRMZM2G051059
Sobic.002G335700,GRMZM2G051090
Sobic.010G178500,GRMZM2G051135
Sobic.003G290300,GRMZM2G051151
Sobic.003G145200,GRMZM2G051153
Sobic.008G186800,GRMZM2G051168
Sobic.010G017000,GRMZM2G051247
Sobic.003G023300,GRMZM2G051262
Sobic.003G290100,GRMZM2G051288
Sobic.003G023500,GRMZM2G051327
Sobic.010G086500,GRMZM2G051330
Sobic.003G037900,GRMZM2G051458
Sobic.001G054300,GRMZM2G051466
Sobic.009G077500,GRMZM2G051619
Sobic.002G238000,GRMZM2G051626
Sobic.008G038200,GRMZM2G051637
Sobic.001G020700,GRMZM2G051675
Sobic.007G014700,GRMZM2G051677
Sobic.005G036200,GRMZM2G051697
Sobic.002G322900,GRMZM2G051709
Sobic.003G200600,GRMZM2G051764
Sobic.010G003700,GRMZM2G051785
Sobic.002G029900,GRMZM2G051793
Sobic.009G069800,GRMZM2G051806
Sobic.001G350501,GRMZM2G051879
Sobic.001G167000,GRMZM2G051894
Sobic.006G270400,GRMZM2G051917
Sobic.006G140300,GRMZM2G051932
Sobic.010G008400,GRMZM2G051949
Sobic.006G140500,GRMZM2G051952
Sobic.006G270300,GRMZM2G051974
Sobic.006G130000,GRMZM2G051984
Sobic.004G085500,GRMZM2G052011
Sobic.001G373100,GRMZM2G052034
Sobic.006G140600,GRMZM2G052078
Sobic.009G259500,GRMZM2G052111
Sobic.009G259400,GRMZM2G052129
Sobic.006G131500,GRMZM2G052142
Sobic.001G373000,GRMZM2G052148
Sobic.006G269900,GRMZM2G052178
Sobic.006G132000,GRMZM2G052183
Sobic.007G003000,GRMZM2G052239
Sobic.002G253400,GRMZM2G052266
Sobic.002G253500,GRMZM2G052266
Sobic.006G033500,GRMZM2G052268
Sobic.007G073900,GRMZM2G052328
Sobic.002G271200,GRMZM2G052336
Sobic.001G309600,GRMZM2G052344
Sobic.010G001900,GRMZM2G052389
Sobic.004G145000,GRMZM2G052435
Sobic.001G411100,GRMZM2G052479
Sobic.008G043000,GRMZM2G052499
Sobic.002G271600,GRMZM2G052509
Sobic.008G042700,GRMZM2G052515
Sobic.004G058700,GRMZM2G052544
Sobic.001G538800,GRMZM2G052546
Sobic.006G144101,GRMZM2G052548
Sobic.006G144201,GRMZM2G052548
Sobic.003G426000,GRMZM2G052571
Sobic.001G410800,GRMZM2G052581
Sobic.008G112200,GRMZM2G052606
Sobic.002G271700,GRMZM2G052610
Sobic.006G144600,GRMZM2G052644
Sobic.001G295300,GRMZM2G052666
Sobic.001G313000,GRMZM2G052685
Sobic.006G144700,GRMZM2G052688
Sobic.003G299100,GRMZM2G052776
Sobic.003G163700,GRMZM2G052796
Sobic.002G272000,GRMZM2G052817
Sobic.007G003250,GRMZM2G052825
Sobic.007G003400,GRMZM2G052825
Sobic.007G003500,GRMZM2G052825
Sobic.009G075500,GRMZM2G052890
Sobic.002G272100,GRMZM2G052893
Sobic.002G272350,GRMZM2G052893
Sobic.001G052900,GRMZM2G053023
Sobic.010G253100,GRMZM2G053066
Sobic.001G285300,GRMZM2G053079
Sobic.002G288200,GRMZM2G053083
Sobic.006G087900,GRMZM2G053111
Sobic.005G184700,GRMZM2G053120
Sobic.005G184800,GRMZM2G053120
Sobic.003G224600,GRMZM2G053140
Sobic.010G074200,GRMZM2G053170
Sobic.007G066200,GRMZM2G053177
Sobic.007G066566,GRMZM2G053177
Sobic.010G074100,GRMZM2G053196
Sobic.010G000700,GRMZM2G053210
Sobic.003G367300,GRMZM2G053284
Sobic.001G022800,GRMZM2G053299
Sobic.004G241200,GRMZM2G053303
Sobic.002G287100,GRMZM2G053307
Sobic.002G287000,GRMZM2G053315
Sobic.004G241000,GRMZM2G053396
Sobic.009G025700,GRMZM2G053397
Sobic.002G105300,GRMZM2G053493
Sobic.002G186000,GRMZM2G053514
Sobic.002G417800,GRMZM2G053554
Sobic.006G133800,GRMZM2G053557
Sobic.006G012300,GRMZM2G053631
Sobic.002G103900,GRMZM2G053637
Sobic.001G304800,GRMZM2G053742
Sobic.002G233200,GRMZM2G053779
Sobic.002G233400,GRMZM2G053779
Sobic.002G233500,GRMZM2G053779
Sobic.006G205400,GRMZM2G053839
Sobic.003G362300,GRMZM2G053869
Sobic.001G023200,GRMZM2G053916
Sobic.009G124600,GRMZM2G053921
Sobic.004G122600,GRMZM2G053925
Sobic.002G141900,GRMZM2G053927
Sobic.001G327700,GRMZM2G053946
Sobic.002G177100,GRMZM2G053958
Sobic.009G104900,GRMZM2G053980
Sobic.003G088800,GRMZM2G054050
Sobic.009G124700,GRMZM2G054056
Sobic.003G277800,GRMZM2G054115
Sobic.002G064000,GRMZM2G054267
Sobic.002G064200,GRMZM2G054267
Sobic.001G413700,GRMZM2G054332
Sobic.007G040150,GRMZM2G054359
Sobic.007G040700,GRMZM2G054359
Sobic.001G105900,GRMZM2G054361
Sobic.003G050000,GRMZM2G054387
Sobic.008G116700,GRMZM2G054393
Sobic.002G064400,GRMZM2G054405
Sobic.003G050100,GRMZM2G054410
Sobic.010G198000,GRMZM2G054465
Sobic.003G259100,GRMZM2G054470
Sobic.008G116800,GRMZM2G054564
Sobic.005G177900,GRMZM2G054651
Sobic.002G352900,GRMZM2G054658
Sobic.003G259200,GRMZM2G054663
Sobic.004G033200,GRMZM2G054706
Sobic.004G033300,GRMZM2G054765
Sobic.004G033400,GRMZM2G054765
Sobic.010G237800,GRMZM2G054805
Sobic.003G316200,GRMZM2G054811
Sobic.003G332800,GRMZM2G054821
Sobic.004G033800,GRMZM2G054833
Sobic.002G346400,GRMZM2G054870
Sobic.001G380800,GRMZM2G054916
Sobic.009G122500,GRMZM2G055020
Sobic.001G441100,GRMZM2G055052
Sobic.007G058200,GRMZM2G055059
Sobic.007G058300,GRMZM2G055070
Sobic.007G143800,GRMZM2G055143
Sobic.010G274900,GRMZM2G055154
Sobic.001G466200,GRMZM2G055172
Sobic.006G167800,GRMZM2G055180
Sobic.001G466300,GRMZM2G055217
Sobic.010G207500,GRMZM2G055243
Sobic.002G131600,GRMZM2G055255
Sobic.006G073800,GRMZM2G055257
Sobic.001G428600,GRMZM2G055263
Sobic.003G279800,GRMZM2G055276
Sobic.001G466500,GRMZM2G055282
Sobic.003G027600,GRMZM2G055313
Sobic.003G027700,GRMZM2G055313
Sobic.010G214900,GRMZM2G055320
Sobic.003G027200,GRMZM2G055434
Sobic.004G287500,GRMZM2G055435
Sobic.003G075901,GRMZM2G055446
Sobic.003G076100,GRMZM2G055446
Sobic.003G266400,GRMZM2G055450
Sobic.003G160500,GRMZM2G055458
Sobic.002G395700,GRMZM2G055464
Sobic.005G029400,GRMZM2G055467
Sobic.005G029500,GRMZM2G055467
Sobic.005G029866,GRMZM2G055467
Sobic.005G029900,GRMZM2G055467
Sobic.002G245100,GRMZM2G055469
Sobic.002G395801,GRMZM2G055527
Sobic.003G247000,GRMZM2G055585
Sobic.002G395900,GRMZM2G055607
Sobic.010G278500,GRMZM2G055619
Sobic.009G113900,GRMZM2G055657
Sobic.010G278400,GRMZM2G055682
Sobic.001G532200,GRMZM2G055698
Sobic.009G114000,GRMZM2G055699
Sobic.001G523300,GRMZM2G055704
Sobic.004G127900,GRMZM2G055705
Sobic.009G114400,GRMZM2G055724
Sobic.001G523500,GRMZM2G055737
Sobic.003G264100,GRMZM2G055807
Sobic.002G189900,GRMZM2G055809
Sobic.004G082600,GRMZM2G055826
Sobic.006G241800,GRMZM2G055844
Sobic.003G298200,GRMZM2G055857
Sobic.001G532400,GRMZM2G055880
Sobic.003G296600,GRMZM2G055898
Sobic.007G208600,GRMZM2G055992
Sobic.003G089300,GRMZM2G055999
Sobic.006G138600,GRMZM2G056036
Sobic.007G208500,GRMZM2G056056
Sobic.002G362200,GRMZM2G056075
Sobic.002G363200,GRMZM2G056081
Sobic.010G186400,GRMZM2G056093
Sobic.007G208400,GRMZM2G056122
Sobic.002G362100,GRMZM2G056143
Sobic.001G350100,GRMZM2G056151
Sobic.003G026600,GRMZM2G056186
Sobic.001G495700,GRMZM2G056231
Sobic.008G117200,GRMZM2G056270
Sobic.001G200200,GRMZM2G056357
Sobic.010G038600,GRMZM2G056365
Sobic.002G324000,GRMZM2G056369
Sobic.003G264400,GRMZM2G056388
Sobic.001G015400,GRMZM2G056393
Sobic.001G200500,GRMZM2G056431
Sobic.001G382200,GRMZM2G056462
Sobic.002G159500,GRMZM2G056501
Sobic.006G249700,GRMZM2G056572
Sobic.001G200600,GRMZM2G056594
Sobic.004G345100,GRMZM2G056598
Sobic.002G323300,GRMZM2G056608
Sobic.002G323200,GRMZM2G056627
Sobic.004G190200,GRMZM2G056629
Sobic.001G093800,GRMZM2G056645
Sobic.004G085000,GRMZM2G056661
Sobic.007G162600,GRMZM2G056686
Sobic.002G379400,GRMZM2G056732
Sobic.002G428000,GRMZM2G056750
Sobic.007G095400,GRMZM2G056756
Sobic.002G427900,GRMZM2G056772
Sobic.001G502500,GRMZM2G056786
Sobic.001G502400,GRMZM2G056804
Sobic.007G133400,GRMZM2G056815
Sobic.002G203700,GRMZM2G056851
Sobic.001G110100,GRMZM2G056914
Sobic.001G004100,GRMZM2G056916
Sobic.006G066600,GRMZM2G056929
Sobic.007G026400,GRMZM2G056961
Sobic.004G199600,GRMZM2G056988
Sobic.010G277300,GRMZM2G057000
Sobic.002G199400,GRMZM2G057037
Sobic.003G291200,GRMZM2G057067
Sobic.006G066400,GRMZM2G057086
Sobic.001G248000,GRMZM2G057093
Sobic.006G179600,GRMZM2G057131
Sobic.006G037500,GRMZM2G057136
Sobic.003G315166,GRMZM2G057140
Sobic.001G243732,GRMZM2G057173
Sobic.001G244000,GRMZM2G057173
Sobic.002G358900,GRMZM2G057176
Sobic.002G189300,GRMZM2G057208
Sobic.002G359000,GRMZM2G057247
Sobic.009G224600,GRMZM2G057251
Sobic.007G026100,GRMZM2G057258
Sobic.002G339200,GRMZM2G057281
Sobic.002G090400,GRMZM2G057296
Sobic.010G132500,GRMZM2G057301
Sobic.003G127800,GRMZM2G057305
Sobic.003G127900,GRMZM2G057352
Sobic.002G339300,GRMZM2G057380
Sobic.001G328200,GRMZM2G057412
Sobic.005G216300,GRMZM2G057450
Sobic.005G216800,GRMZM2G057450
Sobic.010G231100,GRMZM2G057459
Sobic.010G231500,GRMZM2G057459
Sobic.002G339500,GRMZM2G057475
Sobic.002G339666,GRMZM2G057475
Sobic.002G339732,GRMZM2G057475
Sobic.005G026300,GRMZM2G057483
Sobic.003G428700,GRMZM2G057506
Sobic.009G225000,GRMZM2G057508
Sobic.007G011200,GRMZM2G057509
Sobic.002G339600,GRMZM2G057535
Sobic.010G277200,GRMZM2G057571
Sobic.010G099700,GRMZM2G057611
Sobic.010G214600,GRMZM2G057616
Sobic.009G001800,GRMZM2G057630
Sobic.006G121700,GRMZM2G057637
Sobic.010G099600,GRMZM2G057672
Sobic.001G365600,GRMZM2G057674
Sobic.003G223800,GRMZM2G057733
Sobic.008G042100,GRMZM2G057753
Sobic.008G129900,GRMZM2G057820
Sobic.004G279500,GRMZM2G057829
Sobic.004G171000,GRMZM2G057841
Sobic.003G223500,GRMZM2G057853
Sobic.004G279200,GRMZM2G057907
Sobic.003G233600,GRMZM2G057942
Sobic.003G223400,GRMZM2G057955
Sobic.005G138200,GRMZM2G057963
Sobic.010G112300,GRMZM2G057983
Sobic.010G112200,GRMZM2G058026
Sobic.003G223200,GRMZM2G058039
Sobic.001G172000,GRMZM2G058057
Sobic.001G023700,GRMZM2G058075
Sobic.003G213400,GRMZM2G058078
Sobic.002G127400,GRMZM2G058128
Sobic.001G087600,GRMZM2G058158
Sobic.002G298400,GRMZM2G058173
Sobic.002G298500,GRMZM2G058208
Sobic.002G298600,GRMZM2G058208
Sobic.004G310200,GRMZM2G058220
Sobic.001G171900,GRMZM2G058227
Sobic.001G171300,GRMZM2G058244
Sobic.003G393800,GRMZM2G058250
Sobic.001G067700,GRMZM2G058261
Sobic.005G231201,GRMZM2G058279
Sobic.004G280800,GRMZM2G058292
Sobic.002G329500,GRMZM2G058310
Sobic.009G205600,GRMZM2G058314
Sobic.005G231300,GRMZM2G058394
Sobic.007G168400,GRMZM2G058402
Sobic.010G106200,GRMZM2G058407
Sobic.005G231400,GRMZM2G058410
Sobic.001G067500,GRMZM2G058414
Sobic.004G280700,GRMZM2G058432
Sobic.005G194100,GRMZM2G058447
Sobic.003G393700,GRMZM2G058450
Sobic.002G329300,GRMZM2G058451
Sobic.009G144200,GRMZM2G058472
Sobic.010G088100,GRMZM2G058474
Sobic.008G026400,GRMZM2G058481
Sobic.008G026700,GRMZM2G058481
Sobic.001G067400,GRMZM2G058496
Sobic.008G026600,GRMZM2G058531
Sobic.010G088300,GRMZM2G058560
Sobic.001G010200,GRMZM2G058568
Sobic.001G067300,GRMZM2G058584
Sobic.008G026800,GRMZM2G058595
Sobic.002G329200,GRMZM2G058622
Sobic.001G279800,GRMZM2G058630
Sobic.010G113000,GRMZM2G058675
Sobic.001G067200,GRMZM2G058734
Sobic.001G067100,GRMZM2G058760
Sobic.005G231700,GRMZM2G058868
Sobic.001G066700,GRMZM2G058872
Sobic.003G109200,GRMZM2G058881
Sobic.003G141700,GRMZM2G058923
Sobic.008G087000,GRMZM2G059010
Sobic.005G100300,GRMZM2G059026
Sobic.008G187800,GRMZM2G059029
Sobic.009G245400,GRMZM2G059037
Sobic.003G254200,GRMZM2G059052
Sobic.008G188000,GRMZM2G059064
Sobic.002G036500,GRMZM2G059088
Sobic.002G036600,GRMZM2G059088
Sobic.002G036900,GRMZM2G059088
Sobic.001G478400,GRMZM2G059102
Sobic.009G160500,GRMZM2G059121
Sobic.008G060000,GRMZM2G059214
Sobic.008G060500,GRMZM2G059214
Sobic.002G260700,GRMZM2G059225
Sobic.005G133700,GRMZM2G059252
Sobic.009G160900,GRMZM2G059306
Sobic.010G172700,GRMZM2G059308
Sobic.009G161100,GRMZM2G059314
Sobic.006G143200,GRMZM2G059365
Sobic.005G033100,GRMZM2G059381
Sobic.007G143400,GRMZM2G059397
Sobic.004G245900,GRMZM2G059496
Sobic.007G148000,GRMZM2G059502
Sobic.004G245850,GRMZM2G059526
Sobic.009G161300,GRMZM2G059624
Sobic.004G163300,GRMZM2G059671
Sobic.003G284200,GRMZM2G059700
Sobic.005G061200,GRMZM2G059706
Sobic.003G284400,GRMZM2G059795
Sobic.003G284800,GRMZM2G059801
Sobic.003G285400,GRMZM2G059801
Sobic.009G220100,GRMZM2G059825
Sobic.009G220200,GRMZM2G059845
Sobic.004G163200,GRMZM2G059851
Sobic.004G231200,GRMZM2G059958
Sobic.001G112400,GRMZM2G059981
Sobic.009G093200,GRMZM2G059991
Sobic.010G234900,GRMZM2G060029
Sobic.008G111300,GRMZM2G060183
Sobic.002G375900,GRMZM2G060194
Sobic.004G115600,GRMZM2G060253
Sobic.001G321500,GRMZM2G060257
Sobic.003G363700,GRMZM2G060276
Sobic.010G192366,GRMZM2G060290
Sobic.010G192432,GRMZM2G060290
Sobic.001G541100,GRMZM2G060296
Sobic.010G211400,GRMZM2G060311
Sobic.009G191700,GRMZM2G060324
Sobic.002G166600,GRMZM2G060410
Sobic.002G166700,GRMZM2G060410
Sobic.005G014800,GRMZM2G060465
Sobic.005G014700,GRMZM2G060470
Sobic.004G066600,GRMZM2G060485
Sobic.002G387300,GRMZM2G060511
Sobic.002G139300,GRMZM2G060517
Sobic.003G433600,GRMZM2G060536
Sobic.001G338600,GRMZM2G060544
Sobic.004G066500,GRMZM2G060561
Sobic.002G342300,GRMZM2G060579
Sobic.010G276800,GRMZM2G060583
Sobic.009G201700,GRMZM2G060611
Sobic.010G276700,GRMZM2G060659
Sobic.009G032800,GRMZM2G060721
Sobic.009G201600,GRMZM2G060726
Sobic.005G014400,GRMZM2G060760
Sobic.009G032400,GRMZM2G060798
Sobic.009G201200,GRMZM2G060817
Sobic.004G057100,GRMZM2G060857
Sobic.002G033000,GRMZM2G060866
Sobic.002G033100,GRMZM2G060866
Sobic.006G117900,GRMZM2G060891
Sobic.006G118300,GRMZM2G060906
Sobic.004G273100,GRMZM2G060919
Sobic.008G141200,GRMZM2G060943
Sobic.005G106700,GRMZM2G060949
Sobic.001G443100,GRMZM2G060952
Sobic.003G015200,GRMZM2G060974
Sobic.009G040500,GRMZM2G060987
Sobic.002G337500,GRMZM2G060993
Sobic.003G014900,GRMZM2G061018
Sobic.001G062066,GRMZM2G061084
Sobic.001G062132,GRMZM2G061084
Sobic.009G170400,GRMZM2G061105
Sobic.003G441200,GRMZM2G061127
Sobic.002G348600,GRMZM2G061156
Sobic.001G424000,GRMZM2G061202
Sobic.003G441301,GRMZM2G061206
Sobic.005G104100,GRMZM2G061230
Sobic.010G074000,GRMZM2G061257
Sobic.010G037400,GRMZM2G061277
Sobic.003G366700,GRMZM2G061289
Sobic.003G366600,GRMZM2G061321
Sobic.003G237600,GRMZM2G061439
Sobic.001G104800,GRMZM2G061442
Sobic.003G437500,GRMZM2G061446
Sobic.010G069500,GRMZM2G061472
Sobic.009G057800,GRMZM2G061492
Sobic.003G319900,GRMZM2G061515
Sobic.007G201700,GRMZM2G061542
Sobic.009G221500,GRMZM2G061568
Sobic.010G243000,GRMZM2G061596
Sobic.001G368300,GRMZM2G061624
Sobic.009G221600,GRMZM2G061663
Sobic.008G138200,GRMZM2G061704
Sobic.008G027300,GRMZM2G061742
Sobic.008G027400,GRMZM2G061742
Sobic.009G089800,GRMZM2G061749
Sobic.003G091400,GRMZM2G061758
Sobic.010G245400,GRMZM2G061776
Sobic.003G049300,GRMZM2G061798
Sobic.003G049200,GRMZM2G061830
Sobic.004G128900,GRMZM2G061876
Sobic.001G035400,GRMZM2G061900
Sobic.004G288400,GRMZM2G061910
Sobic.009G089700,GRMZM2G061912
Sobic.004G232300,GRMZM2G061950
Sobic.005G206300,GRMZM2G062129
Sobic.004G288500,GRMZM2G062151
Sobic.006G153500,GRMZM2G062179
Sobic.003G041100,GRMZM2G062230
Sobic.001G227700,GRMZM2G062260
Sobic.003G319200,GRMZM2G062283
Sobic.003G319100,GRMZM2G062342
Sobic.006G252900,GRMZM2G062354
Sobic.001G049200,GRMZM2G062357
Sobic.006G253900,GRMZM2G062396
Sobic.006G254000,GRMZM2G062396
Sobic.006G047900,GRMZM2G062421
Sobic.004G357500,GRMZM2G062424
Sobic.001G380500,GRMZM2G062425
Sobic.003G318700,GRMZM2G062429
Sobic.010G172400,GRMZM2G062455
Sobic.001G300201,GRMZM2G062458
Sobic.006G161200,GRMZM2G062471
Sobic.009G119900,GRMZM2G062481
Sobic.006G120500,GRMZM2G062488
Sobic.004G146800,GRMZM2G062499
Sobic.003G423600,GRMZM2G062524
Sobic.009G119800,GRMZM2G062527
Sobic.009G036400,GRMZM2G062541
Sobic.006G068000,GRMZM2G062544
Sobic.006G161300,GRMZM2G062554
Sobic.006G097100,GRMZM2G062559
Sobic.010G010400,GRMZM2G062565
Sobic.010G010600,GRMZM2G062565
Sobic.006G067900,GRMZM2G062574
Sobic.003G059300,GRMZM2G062576
Sobic.003G059500,GRMZM2G062576
Sobic.009G141300,GRMZM2G062577
Sobic.010G138300,GRMZM2G062618
Sobic.009G241700,GRMZM2G062632
Sobic.003G178900,GRMZM2G062641
Sobic.009G119700,GRMZM2G062657
Sobic.006G131600,GRMZM2G062673
Sobic.001G505300,GRMZM2G062724
Sobic.009G242200,GRMZM2G062761
Sobic.007G085500,GRMZM2G062811
Sobic.007G085600,GRMZM2G062811
Sobic.001G505500,GRMZM2G062841
Sobic.004G162200,GRMZM2G062848
Sobic.002G049300,GRMZM2G062911
Sobic.004G040200,GRMZM2G062914
Sobic.001G505700,GRMZM2G062933
Sobic.001G264500,GRMZM2G063024
Sobic.001G372600,GRMZM2G063048
Sobic.001G131001,GRMZM2G063133
Sobic.010G204000,GRMZM2G063139
Sobic.003G121500,GRMZM2G063156
Sobic.004G116300,GRMZM2G063162
Sobic.005G013600,GRMZM2G063216
Sobic.002G081500,GRMZM2G063258
Sobic.006G125400,GRMZM2G063262
Sobic.001G492000,GRMZM2G063287
Sobic.001G130800,GRMZM2G063291
Sobic.004G003300,GRMZM2G063390
Sobic.008G089100,GRMZM2G063394
Sobic.004G057800,GRMZM2G063452
Sobic.009G042800,GRMZM2G063478
Sobic.009G042700,GRMZM2G063492
Sobic.002G234300,GRMZM2G063517
Sobic.010G048500,GRMZM2G063550
Sobic.010G048600,GRMZM2G063550
Sobic.001G358700,GRMZM2G063561
Sobic.009G042500,GRMZM2G063575
Sobic.009G042200,GRMZM2G063592
Sobic.001G380200,GRMZM2G063657
Sobic.010G104700,GRMZM2G063717
Sobic.010G104800,GRMZM2G063717
Sobic.001G431200,GRMZM2G063733
Sobic.009G059400,GRMZM2G063754
Sobic.004G007800,GRMZM2G063897
Sobic.004G039900,GRMZM2G063942
Sobic.009G149900,GRMZM2G063961
Sobic.009G059300,GRMZM2G064001
Sobic.009G059100,GRMZM2G064096
Sobic.002G183600,GRMZM2G064106
Sobic.002G183700,GRMZM2G064106
Sobic.004G141000,GRMZM2G064136
Sobic.006G271100,GRMZM2G064202
Sobic.004G182800,GRMZM2G064255
Sobic.010G237900,GRMZM2G064330
Sobic.004G347800,GRMZM2G064386
Sobic.001G314900,GRMZM2G064466
Sobic.006G137200,GRMZM2G064467
Sobic.010G246132,GRMZM2G064562
Sobic.002G140700,GRMZM2G064594
Sobic.004G348000,GRMZM2G064603
Sobic.001G250100,GRMZM2G064605
Sobic.004G348100,GRMZM2G064608
Sobic.005G112000,GRMZM2G064644
Sobic.009G167600,GRMZM2G064679
Sobic.004G218600,GRMZM2G064695
Sobic.003G385300,GRMZM2G064723
Sobic.001G484200,GRMZM2G064732
Sobic.003G183800,GRMZM2G064744
Sobic.002G028700,GRMZM2G064799
Sobic.001G322300,GRMZM2G064804
Sobic.001G375200,GRMZM2G064814
Sobic.008G088800,GRMZM2G064818
Sobic.003G353400,GRMZM2G064853
Sobic.001G322400,GRMZM2G064875
Sobic.003G388251,GRMZM2G064914
Sobic.003G388300,GRMZM2G064936
Sobic.007G190700,GRMZM2G064962
Sobic.006G259100,GRMZM2G065012
Sobic.002G028632,GRMZM2G065038
Sobic.001G305200,GRMZM2G065050
Sobic.008G137600,GRMZM2G065066
Sobic.006G104300,GRMZM2G065073
Sobic.001G071800,GRMZM2G065083
Sobic.004G019700,GRMZM2G065097
Sobic.004G019800,GRMZM2G065154
Sobic.006G104200,GRMZM2G065157
Sobic.006G104100,GRMZM2G065171
Sobic.001G071700,GRMZM2G065214
Sobic.003G427500,GRMZM2G065245
Sobic.003G337600,GRMZM2G065290
Sobic.010G114700,GRMZM2G065355
Sobic.010G189900,GRMZM2G065394
Sobic.003G356600,GRMZM2G065423
Sobic.006G106600,GRMZM2G065480
Sobic.008G149100,GRMZM2G065496
Sobic.008G149300,GRMZM2G065496
Sobic.001G154000,GRMZM2G065498
Sobic.007G014800,GRMZM2G065532
Sobic.003G356500,GRMZM2G065557
Sobic.003G421700,GRMZM2G065585
Sobic.010G116300,GRMZM2G065612
Sobic.001G445900,GRMZM2G065635
Sobic.001G059500,GRMZM2G065640
Sobic.005G095900,GRMZM2G065655
Sobic.005G096600,GRMZM2G065655
Sobic.010G168600,GRMZM2G065694
Sobic.001G521850,GRMZM2G065718
Sobic.004G074100,GRMZM2G065781
Sobic.008G040300,GRMZM2G065804
Sobic.003G183200,GRMZM2G065970
Sobic.003G183600,GRMZM2G065989
Sobic.009G139700,GRMZM2G066029
Sobic.002G127800,GRMZM2G066107
Sobic.006G240100,GRMZM2G066169
Sobic.002G203600,GRMZM2G066171
Sobic.002G255000,GRMZM2G066202
Sobic.002G254900,GRMZM2G066219
Sobic.009G158900,GRMZM2G066225
Sobic.001G403200,GRMZM2G066274
Sobic.002G054400,GRMZM2G066290
Sobic.007G029100,GRMZM2G066293
Sobic.005G120400,GRMZM2G066304
Sobic.009G008800,GRMZM2G066326
Sobic.009G066500,GRMZM2G066341
Sobic.010G079700,GRMZM2G066358
Sobic.003G050900,GRMZM2G066362
Sobic.001G317300,GRMZM2G066369
Sobic.007G029200,GRMZM2G066400
Sobic.003G050800,GRMZM2G066413
Sobic.007G029300,GRMZM2G066426
Sobic.003G207900,GRMZM2G066428
Sobic.003G208000,GRMZM2G066428
Sobic.001G319800,GRMZM2G066441
Sobic.001G319900,GRMZM2G066441
Sobic.009G166000,GRMZM2G066448
Sobic.009G109925,GRMZM2G066485
Sobic.009G110000,GRMZM2G066485
Sobic.006G193200,GRMZM2G066489
Sobic.010G247400,GRMZM2G066555
Sobic.009G059700,GRMZM2G066612
Sobic.004G095400,GRMZM2G066614
Sobic.002G388400,GRMZM2G066636
Sobic.001G116200,GRMZM2G066749
Sobic.010G005900,GRMZM2G066775
Sobic.001G159600,GRMZM2G066801
Sobic.006G156600,GRMZM2G066820
Sobic.004G303100,GRMZM2G066851
Sobic.001G509800,GRMZM2G066860
Sobic.010G006200,GRMZM2G066862
Sobic.002G196600,GRMZM2G066876
Sobic.002G336200,GRMZM2G066923
Sobic.002G336600,GRMZM2G066923
Sobic.004G303300,GRMZM2G066997
Sobic.009G156600,GRMZM2G067022
Sobic.008G188600,GRMZM2G067028
Sobic.009G159000,GRMZM2G067036
Sobic.010G066100,GRMZM2G067053
Sobic.006G013200,GRMZM2G067096
Sobic.004G272300,GRMZM2G067183
Sobic.007G204700,GRMZM2G067238
Sobic.002G223500,GRMZM2G067265
Sobic.001G233200,GRMZM2G067315
Sobic.004G040700,GRMZM2G067350
Sobic.005G215400,GRMZM2G067485
Sobic.005G215500,GRMZM2G067485
Sobic.005G215601,GRMZM2G067485
Sobic.005G215700,GRMZM2G067485
Sobic.005G215766,GRMZM2G067485
Sobic.005G215900,GRMZM2G067485
Sobic.005G216000,GRMZM2G067485
Sobic.004G185500,GRMZM2G067563
Sobic.003G236551,GRMZM2G067600
Sobic.001G192400,GRMZM2G067626
Sobic.001G192700,GRMZM2G067638
Sobic.010G065400,GRMZM2G067646
Sobic.010G065500,GRMZM2G067654
Sobic.001G024400,GRMZM2G067710
Sobic.004G031400,GRMZM2G067727
Sobic.002G156000,GRMZM2G067747
Sobic.005G142101,GRMZM2G067830
Sobic.010G240500,GRMZM2G067853
Sobic.005G142300,GRMZM2G067865
Sobic.002G155900,GRMZM2G067908
Sobic.001G144900,GRMZM2G067919
Sobic.002G280800,GRMZM2G067921
Sobic.002G017800,GRMZM2G067946
Sobic.001G073000,GRMZM2G067964
Sobic.001G145000,GRMZM2G068024
Sobic.006G184500,GRMZM2G068128
Sobic.003G338400,GRMZM2G068151
Sobic.001G073150,GRMZM2G068158
Sobic.001G073300,GRMZM2G068179
Sobic.007G207700,GRMZM2G068193
Sobic.006G264800,GRMZM2G068202
Sobic.001G033100,GRMZM2G068244
Sobic.001G132400,GRMZM2G068259
Sobic.001G244100,GRMZM2G068270
Sobic.009G105100,GRMZM2G068275
Sobic.004G015300,GRMZM2G068277
Sobic.008G102000,GRMZM2G068316
Sobic.001G244300,GRMZM2G068328
Sobic.005G086700,GRMZM2G068330
Sobic.005G090800,GRMZM2G068331
Sobic.008G102600,GRMZM2G068382
Sobic.001G033000,GRMZM2G068443
Sobic.001G126600,GRMZM2G068471
Sobic.001G132200,GRMZM2G068476
Sobic.004G014700,GRMZM2G068513
Sobic.006G093100,GRMZM2G068557
Sobic.001G134200,GRMZM2G068575
Sobic.008G186200,GRMZM2G068577
Sobic.008G186100,GRMZM2G068604
Sobic.003G424300,GRMZM2G068665
Sobic.003G400000,GRMZM2G068688
Sobic.001G189200,GRMZM2G068699
Sobic.001G331200,GRMZM2G068701
Sobic.004G221300,GRMZM2G068714
Sobic.008G024200,GRMZM2G068745
Sobic.002G244700,GRMZM2G068789
Sobic.002G244500,GRMZM2G068862
Sobic.004G221000,GRMZM2G068904
Sobic.001G285400,GRMZM2G068917
Sobic.007G026700,GRMZM2G068955
Sobic.006G210400,GRMZM2G068982
Sobic.010G019300,GRMZM2G069008
Sobic.009G227201,GRMZM2G069016
Sobic.009G227300,GRMZM2G069016
Sobic.003G332700,GRMZM2G069024
Sobic.001G272900,GRMZM2G069070
Sobic.005G167800,GRMZM2G069092
Sobic.001G273000,GRMZM2G069098
Sobic.001G273100,GRMZM2G069098
Sobic.004G309900,GRMZM2G069099
Sobic.003G336700,GRMZM2G069201
Sobic.001G065300,GRMZM2G069218
Sobic.003G279100,GRMZM2G069229
Sobic.003G119332,GRMZM2G069251
Sobic.008G026900,GRMZM2G069382
Sobic.002G367200,GRMZM2G069405
Sobic.007G184700,GRMZM2G069476
Sobic.003G331500,GRMZM2G069511
Sobic.009G190300,GRMZM2G069518
Sobic.004G122800,GRMZM2G069596
Sobic.001G378200,GRMZM2G069618
Sobic.007G136600,GRMZM2G069656
Sobic.002G125800,GRMZM2G069676
Sobic.003G293900,GRMZM2G069694
Sobic.006G063900,GRMZM2G069708
Sobic.009G109700,GRMZM2G069713
Sobic.001G460500,GRMZM2G069765
Sobic.006G011300,GRMZM2G069773
Sobic.010G196900,GRMZM2G069801
Sobic.003G107200,GRMZM2G069827
Sobic.006G063800,GRMZM2G069856
Sobic.003G287100,GRMZM2G069865
Sobic.010G021300,GRMZM2G069911
Sobic.010G268200,GRMZM2G069923
Sobic.004G066300,GRMZM2G070015
Sobic.002G264200,GRMZM2G070038
Sobic.009G141700,GRMZM2G070075
Sobic.001G502000,GRMZM2G070087
Sobic.001G502100,GRMZM2G070087
Sobic.010G215300,GRMZM2G070115
Sobic.007G203700,GRMZM2G070163
Sobic.003G107300,GRMZM2G070167
Sobic.007G156400,GRMZM2G070172
Sobic.007G156500,GRMZM2G070172
Sobic.002G409000,GRMZM2G070178
Sobic.009G194600,GRMZM2G070192
Sobic.001G526500,GRMZM2G070242
Sobic.001G162200,GRMZM2G070252
Sobic.003G107500,GRMZM2G070264
Sobic.001G284600,GRMZM2G070271
Sobic.004G067800,GRMZM2G070295
Sobic.004G330600,GRMZM2G070351
Sobic.002G231000,GRMZM2G070375
Sobic.001G058200,GRMZM2G070381
Sobic.002G053201,GRMZM2G070399
Sobic.005G203800,GRMZM2G070429
Sobic.001G473500,GRMZM2G070442
Sobic.010G072700,GRMZM2G070475
Sobic.009G006200,GRMZM2G070500
Sobic.005G204100,GRMZM2G070553
Sobic.007G041300,GRMZM2G070555
Sobic.003G382900,GRMZM2G070562
Sobic.007G078200,GRMZM2G070575
Sobic.004G185800,GRMZM2G070633
Sobic.009G255100,GRMZM2G070659
Sobic.001G244400,GRMZM2G070673
Sobic.005G204200,GRMZM2G070723
Sobic.004G083900,GRMZM2G070744
Sobic.007G038800,GRMZM2G070780
Sobic.003G185700,GRMZM2G070797
Sobic.004G186000,GRMZM2G070804
Sobic.002G264800,GRMZM2G070847
Sobic.006G161400,GRMZM2G070863
Sobic.006G237900,GRMZM2G070881
Sobic.002G193300,GRMZM2G070885
Sobic.001G292200,GRMZM2G070899
Sobic.001G109700,GRMZM2G071025
Sobic.002G202400,GRMZM2G071059
Sobic.004G128600,GRMZM2G071089
Sobic.002G201100,GRMZM2G071112
Sobic.006G238600,GRMZM2G071119
Sobic.001G305300,GRMZM2G071157
Sobic.006G238700,GRMZM2G071163
Sobic.005G021600,GRMZM2G071166
Sobic.004G232100,GRMZM2G071180
Sobic.001G305600,GRMZM2G071208
Sobic.010G047300,GRMZM2G071249
Sobic.006G173500,GRMZM2G071253
Sobic.001G248300,GRMZM2G071268
Sobic.002G210100,GRMZM2G071272
Sobic.005G022000,GRMZM2G071288
Sobic.002G052900,GRMZM2G071294
Sobic.001G211500,GRMZM2G071304
Sobic.004G281500,GRMZM2G071325
Sobic.006G173400,GRMZM2G071327
Sobic.006G256400,GRMZM2G071330
Sobic.006G256300,GRMZM2G071333
Sobic.001G472000,GRMZM2G071343
Sobic.001G516901,GRMZM2G071349
Sobic.003G438700,GRMZM2G071433
Sobic.002G013000,GRMZM2G071436
Sobic.003G310900,GRMZM2G071441
Sobic.005G155600,GRMZM2G071478
Sobic.004G169200,GRMZM2G071484
Sobic.004G169300,GRMZM2G071484
Sobic.001G306000,GRMZM2G071569
Sobic.002G279400,GRMZM2G071599
Sobic.010G118000,GRMZM2G071613
Sobic.003G329200,GRMZM2G071645
Sobic.001G341900,GRMZM2G071688
Sobic.006G103000,GRMZM2G071704
Sobic.003G329000,GRMZM2G071705
Sobic.003G328900,GRMZM2G071739
Sobic.006G103200,GRMZM2G071768
Sobic.006G205800,GRMZM2G071832
Sobic.004G296700,GRMZM2G071844
Sobic.002G219800,GRMZM2G071869
Sobic.010G091500,GRMZM2G071986
Sobic.008G162300,GRMZM2G071987
Sobic.006G103400,GRMZM2G071996
Sobic.003G211700,GRMZM2G072028
Sobic.003G211900,GRMZM2G072028
Sobic.004G213100,GRMZM2G072034
Sobic.001G445200,GRMZM2G072041
Sobic.003G212000,GRMZM2G072052
Sobic.006G206600,GRMZM2G072065
Sobic.003G212100,GRMZM2G072080
Sobic.010G095000,GRMZM2G072091
Sobic.004G030900,GRMZM2G072142
Sobic.004G188600,GRMZM2G072146
Sobic.004G030800,GRMZM2G072210
Sobic.002G229100,GRMZM2G072218
Sobic.001G445400,GRMZM2G072292
Sobic.003G114200,GRMZM2G072298
Sobic.004G305900,GRMZM2G072300
Sobic.006G014000,GRMZM2G072388
Sobic.001G332200,GRMZM2G072448
Sobic.001G430200,GRMZM2G072492
Sobic.006G206700,GRMZM2G072518
Sobic.010G062900,GRMZM2G072550
Sobic.001G074000,GRMZM2G072569
Sobic.001G120400,GRMZM2G072578
Sobic.001G039500,GRMZM2G072584
Sobic.003G352100,GRMZM2G072600
Sobic.001G043500,GRMZM2G072671
Sobic.001G077500,GRMZM2G072682
Sobic.002G115000,GRMZM2G072729
Sobic.001G073900,GRMZM2G072744
Sobic.001G077600,GRMZM2G072814
Sobic.001G381500,GRMZM2G072892
Sobic.001G133000,GRMZM2G072898
Sobic.010G155600,GRMZM2G072909
Sobic.004G282700,GRMZM2G072911
Sobic.008G161201,GRMZM2G072939
Sobic.008G161300,GRMZM2G072939
Sobic.008G161401,GRMZM2G072939
Sobic.008G161500,GRMZM2G072939
Sobic.003G260900,GRMZM2G073045
Sobic.007G076300,GRMZM2G073077
Sobic.010G123700,GRMZM2G073123
Sobic.003G145700,GRMZM2G073180
Sobic.002G270300,GRMZM2G073228
Sobic.004G227700,GRMZM2G073250
Sobic.004G138400,GRMZM2G073272
Sobic.009G153200,GRMZM2G073310
Sobic.003G328400,GRMZM2G073376
Sobic.002G270400,GRMZM2G073377
Sobic.007G091400,GRMZM2G073380
Sobic.001G361600,GRMZM2G073401
Sobic.008G157100,GRMZM2G073427
Sobic.001G058600,GRMZM2G073429
Sobic.007G013200,GRMZM2G073433
Sobic.003G223000,GRMZM2G073460
Sobic.001G192900,GRMZM2G073510
Sobic.007G011800,GRMZM2G073521
Sobic.009G185800,GRMZM2G073535
Sobic.010G235300,GRMZM2G073540
Sobic.002G250900,GRMZM2G073548
Sobic.002G251000,GRMZM2G073548
Sobic.001G429500,GRMZM2G073591
Sobic.004G359500,GRMZM2G073609
Sobic.001G408900,GRMZM2G073628
Sobic.004G093500,GRMZM2G073630
Sobic.009G254900,GRMZM2G073634
Sobic.006G125600,GRMZM2G073645
Sobic.006G125800,GRMZM2G073645
Sobic.006G222700,GRMZM2G073743
Sobic.001G106100,GRMZM2G073754
Sobic.008G183500,GRMZM2G073764
Sobic.005G229500,GRMZM2G073779
Sobic.005G229600,GRMZM2G073779
Sobic.005G229700,GRMZM2G073779
Sobic.005G229900,GRMZM2G073779
Sobic.005G230100,GRMZM2G073805
Sobic.005G230200,GRMZM2G073805
Sobic.007G145000,GRMZM2G073814
Sobic.005G230300,GRMZM2G073823
Sobic.004G123400,GRMZM2G073826
Sobic.008G010200,GRMZM2G073840
Sobic.008G113000,GRMZM2G073860
Sobic.004G359200,GRMZM2G073892
Sobic.001G111800,GRMZM2G073912
Sobic.001G112000,GRMZM2G073912
Sobic.004G166600,GRMZM2G073913
Sobic.004G166500,GRMZM2G073950
Sobic.001G543800,GRMZM2G073979
Sobic.010G035100,GRMZM2G073982
Sobic.007G145100,GRMZM2G073988
Sobic.004G166400,GRMZM2G074017
Sobic.001G173400,GRMZM2G074024
Sobic.010G187600,GRMZM2G074037
Sobic.004G165900,GRMZM2G074040
Sobic.004G285800,GRMZM2G074053
Sobic.002G074500,GRMZM2G074082
Sobic.006G013800,GRMZM2G074083
Sobic.004G165000,GRMZM2G074099
Sobic.007G200700,GRMZM2G074114
Sobic.007G200900,GRMZM2G074114
Sobic.001G083900,GRMZM2G074158
Sobic.010G160200,GRMZM2G074211
Sobic.003G366100,GRMZM2G074229
Sobic.010G187800,GRMZM2G074233
Sobic.003G366200,GRMZM2G074236
Sobic.006G068800,GRMZM2G074238
Sobic.003G366300,GRMZM2G074262
Sobic.007G201000,GRMZM2G074270
Sobic.004G001300,GRMZM2G074282
Sobic.005G081400,GRMZM2G074293
Sobic.002G045400,GRMZM2G074323
Sobic.001G057900,GRMZM2G074356
Sobic.008G140000,GRMZM2G074368
Sobic.003G117900,GRMZM2G074381
Sobic.008G139900,GRMZM2G074393
Sobic.001G093100,GRMZM2G074395
Sobic.009G203700,GRMZM2G074427
Sobic.010G199500,GRMZM2G074450
Sobic.007G078000,GRMZM2G074489
Sobic.003G153500,GRMZM2G074517
Sobic.006G080600,GRMZM2G074546
Sobic.006G080700,GRMZM2G074546
Sobic.006G080800,GRMZM2G074546
Sobic.002G087000,GRMZM2G074549
Sobic.003G195900,GRMZM2G074572
Sobic.010G110000,GRMZM2G074589
Sobic.003G208300,GRMZM2G074599
Sobic.004G054300,GRMZM2G074634
Sobic.006G203000,GRMZM2G074743
Sobic.006G202600,GRMZM2G074761
Sobic.002G190500,GRMZM2G074781
Sobic.009G214100,GRMZM2G074790
Sobic.009G194200,GRMZM2G074792
Sobic.004G007700,GRMZM2G074805
Sobic.007G096900,GRMZM2G074818
Sobic.007G097000,GRMZM2G074818
Sobic.003G247200,GRMZM2G074821
Sobic.004G007600,GRMZM2G074896
Sobic.003G353700,GRMZM2G074908
Sobic.006G068700,GRMZM2G074914
Sobic.001G336500,GRMZM2G074946
Sobic.004G006800,GRMZM2G074956
Sobic.004G006966,GRMZM2G074956
Sobic.004G006500,GRMZM2G074987
Sobic.007G191500,GRMZM2G075042
Sobic.009G185900,GRMZM2G075132
Sobic.004G250400,GRMZM2G075136
Sobic.005G168700,GRMZM2G075140
Sobic.005G169000,GRMZM2G075140
Sobic.006G136000,GRMZM2G075145
Sobic.001G357300,GRMZM2G075153
Sobic.001G190200,GRMZM2G075229
Sobic.001G381700,GRMZM2G075245
Sobic.001G190100,GRMZM2G075247
Sobic.004G277800,GRMZM2G075253
Sobic.004G218100,GRMZM2G075255
Sobic.010G266500,GRMZM2G075257
Sobic.004G277400,GRMZM2G075265
Sobic.001G374600,GRMZM2G075290
Sobic.004G062500,GRMZM2G075333
Sobic.002G217600,GRMZM2G075348
Sobic.004G256100,GRMZM2G075372
Sobic.001G229100,GRMZM2G075436
Sobic.002G329000,GRMZM2G075438
Sobic.010G051300,GRMZM2G075488
Sobic.001G229000,GRMZM2G075492
Sobic.010G051400,GRMZM2G075582
Sobic.004G066000,GRMZM2G075845
Sobic.001G513400,GRMZM2G075870
Sobic.001G330775,GRMZM2G075892
Sobic.001G513300,GRMZM2G075901
Sobic.001G380100,GRMZM2G075988
Sobic.009G085200,GRMZM2G076006
Sobic.003G423000,GRMZM2G076034
Sobic.004G248100,GRMZM2G076049
Sobic.005G027300,GRMZM2G076087
Sobic.007G086400,GRMZM2G076157
Sobic.002G314800,GRMZM2G076225
Sobic.006G220600,GRMZM2G076239
Sobic.007G201400,GRMZM2G076257
Sobic.006G143500,GRMZM2G076279
Sobic.010G123600,GRMZM2G076303
Sobic.006G007800,GRMZM2G076343
Sobic.002G314900,GRMZM2G076387
Sobic.010G279800,GRMZM2G076392
Sobic.006G007700,GRMZM2G076394
Sobic.009G012700,GRMZM2G076399
Sobic.002G112300,GRMZM2G076417
Sobic.001G498000,GRMZM2G076423
Sobic.005G193800,GRMZM2G076435
Sobic.010G254500,GRMZM2G076437
Sobic.001G295000,GRMZM2G076468
Sobic.002G112100,GRMZM2G076484
Sobic.010G187201,GRMZM2G076526
Sobic.010G187300,GRMZM2G076526
Sobic.010G187350,GRMZM2G076526
Sobic.010G187400,GRMZM2G076526
Sobic.001G399700,GRMZM2G076537
Sobic.006G220700,GRMZM2G076539
Sobic.002G111600,GRMZM2G076542
Sobic.004G273900,GRMZM2G076562
Sobic.006G069200,GRMZM2G076584
Sobic.010G191000,GRMZM2G076617
Sobic.002G045600,GRMZM2G076630
Sobic.003G360300,GRMZM2G076688
Sobic.006G191500,GRMZM2G076771
Sobic.005G093400,GRMZM2G076810
Sobic.008G140400,GRMZM2G076911
Sobic.002G431300,GRMZM2G076962
Sobic.010G036000,GRMZM2G076972
Sobic.010G036100,GRMZM2G076972
Sobic.002G361200,GRMZM2G076981
Sobic.010G230000,GRMZM2G076985
Sobic.002G327500,GRMZM2G076987
Sobic.002G327600,GRMZM2G077008
Sobic.010G036700,GRMZM2G077040
Sobic.001G044900,GRMZM2G077079
Sobic.010G173900,GRMZM2G077114
Sobic.002G425600,GRMZM2G077124
Sobic.001G167800,GRMZM2G077131
Sobic.001G044800,GRMZM2G077181
Sobic.001G000700,GRMZM2G077183
Sobic.003G032000,GRMZM2G077197
Sobic.001G167900,GRMZM2G077214
Sobic.001G168250,GRMZM2G077214
Sobic.001G000800,GRMZM2G077222
Sobic.003G032200,GRMZM2G077227
Sobic.009G208100,GRMZM2G077278
Sobic.005G022500,GRMZM2G077299
Sobic.003G278500,GRMZM2G077307
Sobic.007G182600,GRMZM2G077320
Sobic.003G370000,GRMZM2G077333
Sobic.003G258000,GRMZM2G077375
Sobic.003G257900,GRMZM2G077401
Sobic.002G293300,GRMZM2G077406
Sobic.006G146400,GRMZM2G077420
Sobic.001G181800,GRMZM2G077428
Sobic.001G181900,GRMZM2G077428
Sobic.001G182000,GRMZM2G077428
Sobic.009G250400,GRMZM2G077436
Sobic.009G250300,GRMZM2G077466
Sobic.007G043200,GRMZM2G077486
Sobic.009G249700,GRMZM2G077490
Sobic.004G359600,GRMZM2G077531
Sobic.001G001000,GRMZM2G077535
Sobic.001G001132,GRMZM2G077535
Sobic.006G261700,GRMZM2G077541
Sobic.001G001400,GRMZM2G077596
Sobic.003G257700,GRMZM2G077607
Sobic.010G039600,GRMZM2G077643
Sobic.002G249600,GRMZM2G077655
Sobic.002G249700,GRMZM2G077655
Sobic.009G148500,GRMZM2G077662
Sobic.004G237300,GRMZM2G077755
Sobic.001G533200,GRMZM2G077769
Sobic.001G533100,GRMZM2G077780
Sobic.001G417400,GRMZM2G077797
Sobic.006G171900,GRMZM2G077811
Sobic.001G291000,GRMZM2G077937
Sobic.001G439700,GRMZM2G077942
Sobic.003G033200,GRMZM2G077981
Sobic.004G146200,GRMZM2G077989
Sobic.001G347901,GRMZM2G077991
Sobic.003G395900,GRMZM2G078024
Sobic.004G145900,GRMZM2G078050
Sobic.001G417500,GRMZM2G078052
Sobic.004G343300,GRMZM2G078118
Sobic.004G129700,GRMZM2G078129
Sobic.004G129800,GRMZM2G078129
Sobic.005G113300,GRMZM2G078143
Sobic.001G191900,GRMZM2G078154
Sobic.002G031100,GRMZM2G078170
Sobic.005G160600,GRMZM2G078198
Sobic.001G057200,GRMZM2G078200
Sobic.003G290600,GRMZM2G078210
Sobic.001G092100,GRMZM2G078252
Sobic.008G009300,GRMZM2G078264
Sobic.008G009500,GRMZM2G078264
Sobic.004G145600,GRMZM2G078272
Sobic.001G092200,GRMZM2G078275
Sobic.006G157000,GRMZM2G078279
Sobic.007G053100,GRMZM2G078292
Sobic.004G343100,GRMZM2G078324
Sobic.006G157100,GRMZM2G078373
Sobic.006G157200,GRMZM2G078409
Sobic.007G107700,GRMZM2G078412
Sobic.001G092300,GRMZM2G078416
Sobic.006G157300,GRMZM2G078440
Sobic.003G350600,GRMZM2G078501
Sobic.007G140800,GRMZM2G078569
Sobic.002G072200,GRMZM2G078595
Sobic.006G171050,GRMZM2G078648
Sobic.006G081200,GRMZM2G078650
Sobic.002G072300,GRMZM2G078656
Sobic.002G160700,GRMZM2G078754
Sobic.003G288300,GRMZM2G078771
Sobic.009G188800,GRMZM2G078781
Sobic.009G053700,GRMZM2G078798
Sobic.001G353400,GRMZM2G078806
Sobic.003G013700,GRMZM2G078839
Sobic.001G353501,GRMZM2G078876
Sobic.004G341800,GRMZM2G078887
Sobic.003G131300,GRMZM2G078895
Sobic.003G218200,GRMZM2G078995
Sobic.004G341700,GRMZM2G079013
Sobic.001G426900,GRMZM2G079112
Sobic.002G378200,GRMZM2G079201
Sobic.002G378300,GRMZM2G079226
Sobic.009G216100,GRMZM2G079263
Sobic.010G066300,GRMZM2G079306
Sobic.002G378401,GRMZM2G079397
Sobic.005G161100,GRMZM2G079436
Sobic.009G116700,GRMZM2G079440
Sobic.002G241900,GRMZM2G079499
Sobic.001G304300,GRMZM2G079568
Sobic.009G230100,GRMZM2G079583
Sobic.009G190000,GRMZM2G079613
Sobic.006G020200,GRMZM2G079616
Sobic.006G020300,GRMZM2G079616
Sobic.009G216300,GRMZM2G079617
Sobic.001G128900,GRMZM2G079619
Sobic.003G074000,GRMZM2G079625
Sobic.002G378600,GRMZM2G079629
Sobic.002G384500,GRMZM2G079645
Sobic.002G384900,GRMZM2G079645
Sobic.006G056700,GRMZM2G079658
Sobic.009G216400,GRMZM2G079661
Sobic.007G052400,GRMZM2G079759
Sobic.004G342100,GRMZM2G079782
Sobic.003G102800,GRMZM2G079807
Sobic.001G456900,GRMZM2G079823
Sobic.001G129300,GRMZM2G079850
Sobic.003G282300,GRMZM2G079883
Sobic.001G444100,GRMZM2G079889
Sobic.007G052700,GRMZM2G079908
Sobic.007G069101,GRMZM2G079925
Sobic.007G144300,GRMZM2G079928
Sobic.007G073300,GRMZM2G079965
Sobic.002G419000,GRMZM2G080001
Sobic.001G057100,GRMZM2G080034
Sobic.006G217900,GRMZM2G080041
Sobic.009G168700,GRMZM2G080045
Sobic.010G083700,GRMZM2G080120
Sobic.002G324300,GRMZM2G080174
Sobic.006G131200,GRMZM2G080176
Sobic.010G245800,GRMZM2G080183
Sobic.002G252500,GRMZM2G080243
Sobic.004G338200,GRMZM2G080247
Sobic.002G419200,GRMZM2G080270
Sobic.006G186700,GRMZM2G080274
Sobic.009G192700,GRMZM2G080314
Sobic.003G149400,GRMZM2G080320
Sobic.002G237200,GRMZM2G080349
Sobic.002G237400,GRMZM2G080349
Sobic.010G089600,GRMZM2G080354
Sobic.003G149300,GRMZM2G080450
Sobic.001G251600,GRMZM2G080462
Sobic.002G031700,GRMZM2G080512
Sobic.K006100,GRMZM2G080530
Sobic.004G222100,GRMZM2G080537
Sobic.002G110000,GRMZM2G080547
Sobic.002G373300,GRMZM2G080549
Sobic.002G295600,GRMZM2G080556
Sobic.007G188900,GRMZM2G080565
Sobic.001G483900,GRMZM2G080586
Sobic.008G185900,GRMZM2G080603
Sobic.008G078600,GRMZM2G080650
Sobic.008G078900,GRMZM2G080650
Sobic.010G161900,GRMZM2G080689
Sobic.010G082400,GRMZM2G080696
Sobic.007G217300,GRMZM2G080724
Sobic.001G131700,GRMZM2G080725
Sobic.007G217100,GRMZM2G080746
Sobic.003G382200,GRMZM2G080825
Sobic.001G156100,GRMZM2G080828
Sobic.009G134900,GRMZM2G080898
Sobic.007G216900,GRMZM2G080912
Sobic.009G135100,GRMZM2G080940
Sobic.003G155700,GRMZM2G081012
Sobic.003G408300,GRMZM2G081013
Sobic.002G262800,GRMZM2G081048
Sobic.006G129800,GRMZM2G081053
Sobic.006G184200,GRMZM2G081060
Sobic.004G130900,GRMZM2G081075
Sobic.003G382000,GRMZM2G081077
Sobic.001G029500,GRMZM2G081105
Sobic.001G029600,GRMZM2G081114
Sobic.004G064300,GRMZM2G081144
Sobic.001G201100,GRMZM2G081148
Sobic.002G345700,GRMZM2G081155
Sobic.005G196200,GRMZM2G081173
Sobic.003G381700,GRMZM2G081188
Sobic.004G127600,GRMZM2G081268
Sobic.006G261200,GRMZM2G081445
Sobic.003G107700,GRMZM2G081521
Sobic.008G093000,GRMZM2G081541
Sobic.001G248600,GRMZM2G081554
Sobic.010G066200,GRMZM2G081573
Sobic.002G409700,GRMZM2G081639
Sobic.004G080600,GRMZM2G081642
Sobic.010G220000,GRMZM2G081671
Sobic.003G107900,GRMZM2G081719
Sobic.002G345300,GRMZM2G081782
Sobic.002G345200,GRMZM2G081803
Sobic.002G181800,GRMZM2G081841
Sobic.003G380300,GRMZM2G081883
Sobic.002G345000,GRMZM2G081888
Sobic.004G344200,GRMZM2G081907
Sobic.003G148000,GRMZM2G081912
Sobic.001G168700,GRMZM2G081953
Sobic.004G211600,GRMZM2G081955
Sobic.006G278000,GRMZM2G081957
Sobic.002G181700,GRMZM2G081970
Sobic.002G181600,GRMZM2G082019
Sobic.006G243200,GRMZM2G082032
Sobic.006G243100,GRMZM2G082097
Sobic.006G090800,GRMZM2G082149
Sobic.008G113500,GRMZM2G082167
Sobic.006G179100,GRMZM2G082181
Sobic.006G140000,GRMZM2G082191
Sobic.010G088000,GRMZM2G082198
Sobic.003G352400,GRMZM2G082199
Sobic.002G369701,GRMZM2G082205
Sobic.001G528200,GRMZM2G082227
Sobic.006G139900,GRMZM2G082249
Sobic.007G136700,GRMZM2G082257
Sobic.003G352500,GRMZM2G082260
Sobic.002G194400,GRMZM2G082264
Sobic.001G047200,GRMZM2G082312
Sobic.001G190300,GRMZM2G082335
Sobic.001G366600,GRMZM2G082346
Sobic.002G389500,GRMZM2G082365
Sobic.004G076300,GRMZM2G082504
Sobic.004G076800,GRMZM2G082504
Sobic.008G090600,GRMZM2G082508
Sobic.009G033100,GRMZM2G082522
Sobic.005G228100,GRMZM2G082544
Sobic.006G141600,GRMZM2G082581
Sobic.003G406700,GRMZM2G082608
Sobic.007G159300,GRMZM2G082630
Sobic.001G103800,GRMZM2G082633
Sobic.007G159200,GRMZM2G082640
Sobic.001G047600,GRMZM2G082664
Sobic.004G058400,GRMZM2G082683
Sobic.001G290400,GRMZM2G082709
Sobic.003G100600,GRMZM2G082780
Sobic.001G349500,GRMZM2G082836
Sobic.010G020600,GRMZM2G082855
Sobic.001G301200,GRMZM2G082916
Sobic.010G132300,GRMZM2G082962
Sobic.008G171000,GRMZM2G082998
Sobic.008G171300,GRMZM2G082998
Sobic.010G020700,GRMZM2G083012
Sobic.002G257300,GRMZM2G083102
Sobic.004G307900,GRMZM2G083138
Sobic.001G187300,GRMZM2G083156
Sobic.003G107100,GRMZM2G083176
Sobic.003G360700,GRMZM2G083195
Sobic.001G254000,GRMZM2G083248
Sobic.008G171400,GRMZM2G083284
Sobic.008G094700,GRMZM2G083347
Sobic.001G173800,GRMZM2G083437
Sobic.003G007600,GRMZM2G083474
Sobic.008G000800,GRMZM2G083475
Sobic.004G064000,GRMZM2G083526
Sobic.002G399400,GRMZM2G083555
Sobic.010G185200,GRMZM2G083655
Sobic.001G086900,GRMZM2G083677
Sobic.001G373800,GRMZM2G083689
Sobic.001G006600,GRMZM2G083717
Sobic.004G333800,GRMZM2G083745
Sobic.003G007700,GRMZM2G083749
Sobic.007G212800,GRMZM2G083755
Sobic.003G039500,GRMZM2G083763
Sobic.010G160700,GRMZM2G083841
Sobic.004G195300,GRMZM2G083855
Sobic.004G312700,GRMZM2G083886
Sobic.002G245700,GRMZM2G083932
Sobic.002G331800,GRMZM2G083950
Sobic.001G009200,GRMZM2G083964
Sobic.009G055700,GRMZM2G083975
Sobic.009G056032,GRMZM2G083975
Sobic.009G056100,GRMZM2G083975
Sobic.010G224600,GRMZM2G083980
Sobic.008G087500,GRMZM2G084005
Sobic.002G245500,GRMZM2G084014
Sobic.006G219500,GRMZM2G084046
Sobic.003G039100,GRMZM2G084125
Sobic.003G402800,GRMZM2G084134
Sobic.006G219300,GRMZM2G084181
Sobic.006G267600,GRMZM2G084252
Sobic.004G151600,GRMZM2G084279
Sobic.001G396900,GRMZM2G084389
Sobic.001G329200,GRMZM2G084440
Sobic.006G059900,GRMZM2G084462
Sobic.008G112600,GRMZM2G084463
Sobic.003G346600,GRMZM2G084465
Sobic.001G184000,GRMZM2G084486
Sobic.001G250700,GRMZM2G084513
Sobic.010G258000,GRMZM2G084521
Sobic.001G356600,GRMZM2G084540
Sobic.001G221601,GRMZM2G084549
Sobic.001G329100,GRMZM2G084587
Sobic.004G141100,GRMZM2G084609
Sobic.009G103000,GRMZM2G084719
Sobic.003G413600,GRMZM2G084779
Sobic.003G413700,GRMZM2G084779
Sobic.001G391900,GRMZM2G084783
Sobic.003G179600,GRMZM2G084802
Sobic.003G180100,GRMZM2G084802
Sobic.009G102800,GRMZM2G084806
Sobic.009G055900,GRMZM2G084812
Sobic.006G265200,GRMZM2G084819
Sobic.001G277600,GRMZM2G084825
Sobic.006G032100,GRMZM2G084863
Sobic.009G157600,GRMZM2G084899
Sobic.006G265300,GRMZM2G084928
Sobic.010G241300,GRMZM2G084935
Sobic.001G391600,GRMZM2G084940
Sobic.010G005200,GRMZM2G084944
Sobic.010G165200,GRMZM2G084947
Sobic.006G268200,GRMZM2G084958
Sobic.010G005100,GRMZM2G084968
Sobic.003G036000,GRMZM2G085019
Sobic.003G036200,GRMZM2G085019
Sobic.006G032200,GRMZM2G085086
Sobic.010G258600,GRMZM2G085089
Sobic.003G395200,GRMZM2G085113
Sobic.001G130000,GRMZM2G085116
Sobic.001G328000,GRMZM2G085183
Sobic.001G076400,GRMZM2G085189
Sobic.001G314000,GRMZM2G085198
Sobic.010G217400,GRMZM2G085246
Sobic.007G125000,GRMZM2G085249
Sobic.008G190200,GRMZM2G085411
Sobic.004G047700,GRMZM2G085469
Sobic.008G190100,GRMZM2G085474
Sobic.004G047600,GRMZM2G085513
Sobic.003G358600,GRMZM2G085577
Sobic.004G084700,GRMZM2G085587
Sobic.002G183300,GRMZM2G085604
Sobic.009G228400,GRMZM2G085641
Sobic.004G084600,GRMZM2G085678
Sobic.001G538100,GRMZM2G085691
Sobic.005G085901,GRMZM2G085711
Sobic.005G086000,GRMZM2G085711
Sobic.001G537100,GRMZM2G085827
Sobic.006G053100,GRMZM2G085833
Sobic.007G044900,GRMZM2G085845
Sobic.001G152901,GRMZM2G085873
Sobic.001G536800,GRMZM2G085885
Sobic.001G530800,GRMZM2G085909
Sobic.004G058200,GRMZM2G085926
Sobic.010G134100,GRMZM2G085932
Sobic.009G227800,GRMZM2G085941
Sobic.009G111200,GRMZM2G085964
Sobic.010G232500,GRMZM2G085967
Sobic.009G052100,GRMZM2G085970
Sobic.001G218300,GRMZM2G085974
Sobic.001G218400,GRMZM2G085974
Sobic.001G120300,GRMZM2G086003
Sobic.001G504200,GRMZM2G086093
Sobic.009G227700,GRMZM2G086132
Sobic.006G185600,GRMZM2G086210
Sobic.007G226700,GRMZM2G086258
Sobic.007G226800,GRMZM2G086258
Sobic.006G054500,GRMZM2G086267
Sobic.009G001600,GRMZM2G086294
Sobic.007G227000,GRMZM2G086365
Sobic.006G185100,GRMZM2G086484
Sobic.006G138100,GRMZM2G086486
Sobic.007G044300,GRMZM2G086496
Sobic.006G245500,GRMZM2G086573
Sobic.006G245600,GRMZM2G086577
Sobic.004G073000,GRMZM2G086587
Sobic.005G167200,GRMZM2G086590
Sobic.001G463301,GRMZM2G086604
Sobic.006G167500,GRMZM2G086648
Sobic.001G282200,GRMZM2G086669
Sobic.002G217400,GRMZM2G086714
Sobic.003G088500,GRMZM2G086727
Sobic.003G088900,GRMZM2G086727
Sobic.003G180400,GRMZM2G086730
Sobic.001G291900,GRMZM2G086750
Sobic.010G210700,GRMZM2G086773
Sobic.010G211000,GRMZM2G086773
Sobic.002G377900,GRMZM2G086779
Sobic.006G245700,GRMZM2G086801
Sobic.010G210600,GRMZM2G086841
Sobic.001G292000,GRMZM2G086869
Sobic.008G140700,GRMZM2G086887
Sobic.006G048000,GRMZM2G086925
Sobic.003G401900,GRMZM2G086940
Sobic.004G179800,GRMZM2G086946
Sobic.006G091300,GRMZM2G086971
Sobic.001G321400,GRMZM2G087063
Sobic.004G180600,GRMZM2G087068
Sobic.001G405700,GRMZM2G087079
Sobic.005G044000,GRMZM2G087094
Sobic.003G003200,GRMZM2G087103
Sobic.001G405600,GRMZM2G087161
Sobic.005G044100,GRMZM2G087172
Sobic.001G405500,GRMZM2G087186
Sobic.006G091600,GRMZM2G087192
Sobic.006G091700,GRMZM2G087192
Sobic.006G091800,GRMZM2G087192
Sobic.006G250800,GRMZM2G087201
Sobic.004G052800,GRMZM2G087267
Sobic.010G158601,GRMZM2G087350
Sobic.010G158700,GRMZM2G087350
Sobic.007G059700,GRMZM2G087395
Sobic.001G159100,GRMZM2G087416
Sobic.001G421300,GRMZM2G087459
Sobic.004G053100,GRMZM2G087495
Sobic.001G421400,GRMZM2G087600
Sobic.008G163100,GRMZM2G087608
Sobic.003G369700,GRMZM2G087619
Sobic.003G202300,GRMZM2G087628
Sobic.010G206000,GRMZM2G087635
Sobic.008G072400,GRMZM2G087655
Sobic.009G093900,GRMZM2G087671
Sobic.003G202400,GRMZM2G087675
Sobic.006G176400,GRMZM2G087678
Sobic.008G072500,GRMZM2G087692
Sobic.010G205900,GRMZM2G087712
Sobic.003G002800,GRMZM2G087714
Sobic.003G144200,GRMZM2G087741
Sobic.003G144400,GRMZM2G087741
Sobic.003G155100,GRMZM2G087749
Sobic.001G041700,GRMZM2G087753
Sobic.009G129300,GRMZM2G087758
Sobic.003G202500,GRMZM2G087769
Sobic.003G002600,GRMZM2G087804
Sobic.001G320500,GRMZM2G087878
Sobic.001G504400,GRMZM2G087918
Sobic.004G348900,GRMZM2G087924
Sobic.001G150800,GRMZM2G088083
Sobic.004G011300,GRMZM2G088114
Sobic.001G107300,GRMZM2G088162
Sobic.004G011100,GRMZM2G088189
Sobic.010G274500,GRMZM2G088212
Sobic.004G053600,GRMZM2G088235
Sobic.001G220800,GRMZM2G088245
Sobic.008G172800,GRMZM2G088312
Sobic.008G029500,GRMZM2G088313
Sobic.008G024700,GRMZM2G088320
Sobic.005G193700,GRMZM2G088365
Sobic.004G053700,GRMZM2G088396
Sobic.003G235100,GRMZM2G088397
Sobic.003G235200,GRMZM2G088436
Sobic.003G061400,GRMZM2G088443
Sobic.002G072100,GRMZM2G088469
Sobic.001G532000,GRMZM2G088482
Sobic.009G090800,GRMZM2G088501
Sobic.001G295600,GRMZM2G088524
Sobic.009G002400,GRMZM2G088531
Sobic.008G173000,GRMZM2G088565
Sobic.006G177400,GRMZM2G088601
Sobic.007G208300,GRMZM2G088627
Sobic.003G160000,GRMZM2G088653
Sobic.008G062200,GRMZM2G088689
Sobic.003G159600,GRMZM2G088727
Sobic.004G195500,GRMZM2G088747
Sobic.003G274000,GRMZM2G088783
Sobic.001G447000,GRMZM2G088843
Sobic.005G005500,GRMZM2G088847
Sobic.002G166400,GRMZM2G088849
Sobic.009G179000,GRMZM2G088861
Sobic.009G180400,GRMZM2G088861
Sobic.004G045400,GRMZM2G088880
Sobic.009G183500,GRMZM2G088961
Sobic.002G220600,GRMZM2G088964
Sobic.008G062300,GRMZM2G088974
Sobic.010G254900,GRMZM2G089050
Sobic.001G518300,GRMZM2G089056
Sobic.001G518200,GRMZM2G089092
Sobic.001G104400,GRMZM2G089118
Sobic.010G254801,GRMZM2G089119
Sobic.010G254700,GRMZM2G089132
Sobic.001G284200,GRMZM2G089147
Sobic.003G077700,GRMZM2G089149
Sobic.009G045200,GRMZM2G089163
Sobic.009G109000,GRMZM2G089231
Sobic.002G269900,GRMZM2G089241
Sobic.005G062600,GRMZM2G089259
Sobic.006G216700,GRMZM2G089273
Sobic.006G216900,GRMZM2G089282
Sobic.002G049400,GRMZM2G089288
Sobic.002G049500,GRMZM2G089288
Sobic.001G303600,GRMZM2G089291
Sobic.009G045000,GRMZM2G089296
Sobic.005G062700,GRMZM2G089317
Sobic.004G284700,GRMZM2G089396
Sobic.009G175600,GRMZM2G089461
Sobic.009G038900,GRMZM2G089484
Sobic.010G128000,GRMZM2G089506
Sobic.006G065200,GRMZM2G089507
Sobic.004G198100,GRMZM2G089517
Sobic.007G178500,GRMZM2G089528
Sobic.006G084201,GRMZM2G089619
Sobic.009G011200,GRMZM2G089662
Sobic.009G011300,GRMZM2G089662
Sobic.004G151200,GRMZM2G089676
Sobic.009G011400,GRMZM2G089688
Sobic.010G072300,GRMZM2G089713
Sobic.001G393600,GRMZM2G089720
Sobic.003G129200,GRMZM2G089743
Sobic.006G148700,GRMZM2G089767
Sobic.005G005600,GRMZM2G089783
Sobic.006G148600,GRMZM2G089806
Sobic.001G435500,GRMZM2G089812
Sobic.002G236400,GRMZM2G089854
Sobic.009G186600,GRMZM2G089895
Sobic.005G008700,GRMZM2G089936
Sobic.002G236500,GRMZM2G089948
Sobic.003G121400,GRMZM2G089949
Sobic.003G411200,GRMZM2G089952
Sobic.003G121200,GRMZM2G089959
Sobic.009G186700,GRMZM2G089962
Sobic.001G524400,GRMZM2G089976
Sobic.001G350000,GRMZM2G090018
Sobic.009G212700,GRMZM2G090034
Sobic.001G100700,GRMZM2G090043
Sobic.001G101200,GRMZM2G090043
Sobic.001G101400,GRMZM2G090043
Sobic.004G144400,GRMZM2G090068
Sobic.001G102700,GRMZM2G090070
Sobic.009G212600,GRMZM2G090087
Sobic.002G036400,GRMZM2G090104
Sobic.001G102800,GRMZM2G090112
Sobic.001G103000,GRMZM2G090124
Sobic.002G243400,GRMZM2G090149
Sobic.001G103100,GRMZM2G090152
Sobic.007G165701,GRMZM2G090177
Sobic.004G175700,GRMZM2G090213
Sobic.007G109000,GRMZM2G090264
Sobic.010G213700,GRMZM2G090266
Sobic.010G213800,GRMZM2G090266
Sobic.003G147401,GRMZM2G090269
Sobic.006G197700,GRMZM2G090271
Sobic.006G197600,GRMZM2G090279
Sobic.009G189400,GRMZM2G090338
Sobic.003G135500,GRMZM2G090374
Sobic.004G077400,GRMZM2G090480
Sobic.004G247500,GRMZM2G090505
Sobic.007G120800,GRMZM2G090542
Sobic.001G517700,GRMZM2G090568
Sobic.007G085300,GRMZM2G090594
Sobic.004G285400,GRMZM2G090595
Sobic.003G189700,GRMZM2G090647
Sobic.010G010300,GRMZM2G090697
Sobic.004G311100,GRMZM2G090718
Sobic.003G215500,GRMZM2G090725
Sobic.005G004800,GRMZM2G090728
Sobic.005G004900,GRMZM2G090728
Sobic.005G005100,GRMZM2G090728
Sobic.001G370000,GRMZM2G090733
Sobic.001G517600,GRMZM2G090738
Sobic.002G002000,GRMZM2G090744
Sobic.003G190500,GRMZM2G090779
Sobic.001G369900,GRMZM2G090788
Sobic.002G002100,GRMZM2G090824
Sobic.009G127500,GRMZM2G090905
Sobic.010G071800,GRMZM2G090980
Sobic.010G071900,GRMZM2G090980
Sobic.010G072000,GRMZM2G090980
Sobic.010G072100,GRMZM2G090980
Sobic.010G072200,GRMZM2G090980
Sobic.004G247100,GRMZM2G090981
Sobic.002G095200,GRMZM2G091031
Sobic.003G001500,GRMZM2G091047
Sobic.003G154700,GRMZM2G091088
Sobic.006G065900,GRMZM2G091124
Sobic.010G236400,GRMZM2G091151
Sobic.009G154200,GRMZM2G091201
Sobic.003G115200,GRMZM2G091232
Sobic.006G221700,GRMZM2G091251
Sobic.006G221900,GRMZM2G091251
Sobic.006G222000,GRMZM2G091251
Sobic.006G222200,GRMZM2G091251
Sobic.002G192500,GRMZM2G091265
Sobic.004G131100,GRMZM2G091293
Sobic.006G222100,GRMZM2G091302
Sobic.001G213832,GRMZM2G091320
Sobic.004G099500,GRMZM2G091383
Sobic.003G415200,GRMZM2G091445
Sobic.003G415600,GRMZM2G091445
Sobic.002G071500,GRMZM2G091449
Sobic.001G459100,GRMZM2G091511
Sobic.005G143500,GRMZM2G091560
Sobic.001G081100,GRMZM2G091578
Sobic.002G158900,GRMZM2G091643
Sobic.005G046250,GRMZM2G091656
Sobic.010G248400,GRMZM2G091672
Sobic.010G248500,GRMZM2G091672
Sobic.010G248600,GRMZM2G091696
Sobic.010G248700,GRMZM2G091696
Sobic.010G249000,GRMZM2G091696
Sobic.006G082700,GRMZM2G091717
Sobic.003G310600,GRMZM2G091756
Sobic.001G275400,GRMZM2G091782
Sobic.008G064100,GRMZM2G091819
Sobic.001G491400,GRMZM2G091822
Sobic.005G074200,GRMZM2G091839
Sobic.003G372900,GRMZM2G091845
Sobic.009G127400,GRMZM2G091900
Sobic.001G491300,GRMZM2G091916
Sobic.002G274600,GRMZM2G091919
Sobic.002G113900,GRMZM2G092129
Sobic.002G299100,GRMZM2G092131
Sobic.010G201200,GRMZM2G092146
Sobic.003G257000,GRMZM2G092152
Sobic.001G533800,GRMZM2G092165
Sobic.005G004600,GRMZM2G092167
Sobic.006G196300,GRMZM2G092190
Sobic.001G105400,GRMZM2G092198
Sobic.001G534000,GRMZM2G092232
Sobic.009G065200,GRMZM2G092244
Sobic.009G065100,GRMZM2G092258
Sobic.010G023900,GRMZM2G092296
Sobic.007G092000,GRMZM2G092363
Sobic.010G131700,GRMZM2G092379
Sobic.004G200200,GRMZM2G092447
Sobic.009G001400,GRMZM2G092468
Sobic.003G331700,GRMZM2G092474
Sobic.009G237100,GRMZM2G092475
Sobic.001G513800,GRMZM2G092481
Sobic.003G340100,GRMZM2G092517
Sobic.002G196900,GRMZM2G092525
Sobic.002G196800,GRMZM2G092550
Sobic.010G024100,GRMZM2G092568
Sobic.010G195000,GRMZM2G092586
Sobic.004G169000,GRMZM2G092588
Sobic.001G295800,GRMZM2G092590
Sobic.007G133000,GRMZM2G092595
Sobic.002G155400,GRMZM2G092604
Sobic.004G168800,GRMZM2G092609
Sobic.004G336200,GRMZM2G092632
Sobic.003G144300,GRMZM2G092661
Sobic.002G348700,GRMZM2G092669
Sobic.004G200100,GRMZM2G092672
Sobic.002G360200,GRMZM2G092739
Sobic.010G017900,GRMZM2G092797
Sobic.003G256500,GRMZM2G092867
Sobic.001G518500,GRMZM2G092923
Sobic.007G153600,GRMZM2G092925
Sobic.004G269200,GRMZM2G092959
Sobic.004G070700,GRMZM2G092988
Sobic.004G151300,GRMZM2G092991
Sobic.003G006600,GRMZM2G093090
Sobic.003G007200,GRMZM2G093090
Sobic.003G190000,GRMZM2G093098
Sobic.003G314400,GRMZM2G093101
Sobic.003G006833,GRMZM2G093104
Sobic.003G007300,GRMZM2G093104
Sobic.010G007700,GRMZM2G093195
Sobic.001G478600,GRMZM2G093197
Sobic.001G032400,GRMZM2G093210
Sobic.001G427400,GRMZM2G093217
Sobic.003G314300,GRMZM2G093239
Sobic.001G032300,GRMZM2G093246
Sobic.009G159400,GRMZM2G093272
Sobic.002G083200,GRMZM2G093276
Sobic.003G022000,GRMZM2G093278
Sobic.001G514700,GRMZM2G093286
Sobic.010G009466,GRMZM2G093291
Sobic.001G427600,GRMZM2G093305
Sobic.009G103700,GRMZM2G093325
Sobic.006G225100,GRMZM2G093341
Sobic.003G022300,GRMZM2G093405
Sobic.004G042600,GRMZM2G093490
Sobic.006G126000,GRMZM2G093557
Sobic.009G103800,GRMZM2G093595
Sobic.006G211500,GRMZM2G093603
Sobic.007G124500,GRMZM2G093666
Sobic.002G033200,GRMZM2G093705
Sobic.004G176400,GRMZM2G093716
Sobic.008G139600,GRMZM2G093736
Sobic.010G089900,GRMZM2G093772
Sobic.002G056800,GRMZM2G093815
Sobic.008G186600,GRMZM2G093828
Sobic.001G121100,GRMZM2G093849
Sobic.001G151600,GRMZM2G093855
Sobic.007G034100,GRMZM2G093858
Sobic.002G371100,GRMZM2G093902
Sobic.002G166800,GRMZM2G093947
Sobic.008G054000,GRMZM2G093950
Sobic.008G054150,GRMZM2G093950
Sobic.001G321800,GRMZM2G093962
Sobic.003G079700,GRMZM2G094028
Sobic.004G176600,GRMZM2G094067
Sobic.003G310300,GRMZM2G094090
Sobic.006G217000,GRMZM2G094255
Sobic.006G217100,GRMZM2G094328
Sobic.008G090800,GRMZM2G094375
Sobic.001G457200,GRMZM2G094444
Sobic.003G111800,GRMZM2G094523
Sobic.004G217200,GRMZM2G094563
Sobic.009G020500,GRMZM2G094581
Sobic.010G092801,GRMZM2G094586
Sobic.004G297400,GRMZM2G094655
Sobic.003G303300,GRMZM2G094712
Sobic.005G041500,GRMZM2G094716
Sobic.003G352000,GRMZM2G094771
Sobic.008G179600,GRMZM2G094850
Sobic.002G073900,GRMZM2G094867
Sobic.009G214700,GRMZM2G094892
Sobic.004G114800,GRMZM2G095082
Sobic.003G301400,GRMZM2G095084
Sobic.001G208200,GRMZM2G095126
Sobic.005G026100,GRMZM2G095141
Sobic.004G197700,GRMZM2G095144
Sobic.004G208500,GRMZM2G095194
Sobic.010G177400,GRMZM2G095206
Sobic.006G243700,GRMZM2G095209
Sobic.006G243800,GRMZM2G095209
Sobic.006G243900,GRMZM2G095209
Sobic.002G219500,GRMZM2G095254
Sobic.010G219700,GRMZM2G095287
Sobic.010G219600,GRMZM2G095302
Sobic.006G244100,GRMZM2G095305
Sobic.006G244300,GRMZM2G095308
Sobic.008G083000,GRMZM2G095323
Sobic.005G026200,GRMZM2G095326
Sobic.010G219500,GRMZM2G095333
Sobic.010G219300,GRMZM2G095337
Sobic.001G344600,GRMZM2G095411
Sobic.001G240900,GRMZM2G095452
Sobic.001G207800,GRMZM2G095492
Sobic.001G096200,GRMZM2G095511
Sobic.003G196200,GRMZM2G095534
Sobic.009G169400,GRMZM2G095588
Sobic.004G193200,GRMZM2G095782
Sobic.001G096400,GRMZM2G095798
Sobic.004G160950,GRMZM2G095811
Sobic.004G161200,GRMZM2G095811
Sobic.004G161400,GRMZM2G095811
Sobic.002G300100,GRMZM2G095839
Sobic.004G193100,GRMZM2G095861
Sobic.005G165900,GRMZM2G095873
Sobic.005G166100,GRMZM2G095898
Sobic.001G140800,GRMZM2G095899
Sobic.007G132200,GRMZM2G095931
Sobic.003G145900,GRMZM2G096010
Sobic.001G516600,GRMZM2G096020
Sobic.006G050300,GRMZM2G096048
Sobic.002G219900,GRMZM2G096092
Sobic.001G514100,GRMZM2G096153
Sobic.010G105400,GRMZM2G096184
Sobic.010G246000,GRMZM2G096211
Sobic.001G497800,GRMZM2G096252
Sobic.002G226300,GRMZM2G096271
Sobic.001G188900,GRMZM2G096303
Sobic.007G043000,GRMZM2G096367
Sobic.003G387800,GRMZM2G096391
Sobic.002G337400,GRMZM2G096412
Sobic.003G347300,GRMZM2G096470
Sobic.009G215700,GRMZM2G096475
Sobic.003G355900,GRMZM2G096518
Sobic.006G241900,GRMZM2G096546
Sobic.003G133900,GRMZM2G096548
Sobic.007G197200,GRMZM2G096585
Sobic.002G084400,GRMZM2G096602
Sobic.004G019500,GRMZM2G096665
Sobic.001G338500,GRMZM2G096682
Sobic.001G323600,GRMZM2G096683
Sobic.003G362500,GRMZM2G096802
Sobic.007G197100,GRMZM2G096806
Sobic.004G335700,GRMZM2G096815
Sobic.002G113700,GRMZM2G096831
Sobic.010G123300,GRMZM2G096909
Sobic.003G314900,GRMZM2G096920
Sobic.002G234400,GRMZM2G096952
Sobic.004G335800,GRMZM2G096962
Sobic.004G034700,GRMZM2G096972
Sobic.004G214400,GRMZM2G097015
Sobic.002G088000,GRMZM2G097030
Sobic.009G191400,GRMZM2G097040
Sobic.001G128500,GRMZM2G097137
Sobic.003G442100,GRMZM2G097182
Sobic.001G313600,GRMZM2G097188
Sobic.004G036800,GRMZM2G097207
Sobic.001G542200,GRMZM2G097229
Sobic.003G442000,GRMZM2G097258
Sobic.001G475600,GRMZM2G097283
Sobic.009G040600,GRMZM2G097289
Sobic.010G024500,GRMZM2G097313
Sobic.007G129201,GRMZM2G097342
Sobic.001G302300,GRMZM2G097404
Sobic.001G355100,GRMZM2G097426
Sobic.001G184100,GRMZM2G097505
Sobic.002G379300,GRMZM2G097593
Sobic.009G040800,GRMZM2G097605
Sobic.010G086300,GRMZM2G097620
Sobic.001G226700,GRMZM2G097640
Sobic.009G040900,GRMZM2G097641
Sobic.009G041000,GRMZM2G097641
Sobic.006G021800,GRMZM2G097674
Sobic.004G297600,GRMZM2G097704
Sobic.002G094900,GRMZM2G097719
Sobic.002G095000,GRMZM2G097719
Sobic.002G058300,GRMZM2G097726
Sobic.009G227100,GRMZM2G097738
Sobic.007G084200,GRMZM2G097739
Sobic.006G056100,GRMZM2G097747
Sobic.003G372200,GRMZM2G097821
Sobic.006G010800,GRMZM2G097827
Sobic.004G297950,GRMZM2G097884
Sobic.003G011900,GRMZM2G097959
Sobic.004G320500,GRMZM2G097977
Sobic.009G137500,GRMZM2G097989
Sobic.010G186000,GRMZM2G097995
Sobic.005G202300,GRMZM2G098047
Sobic.001G165100,GRMZM2G098063
Sobic.001G165200,GRMZM2G098063
Sobic.005G112400,GRMZM2G098102
Sobic.006G075400,GRMZM2G098128
Sobic.004G321000,GRMZM2G098167
Sobic.007G005600,GRMZM2G098182
Sobic.006G210900,GRMZM2G098187
Sobic.006G211000,GRMZM2G098239
Sobic.004G142800,GRMZM2G098298
Sobic.003G235700,GRMZM2G098305
Sobic.001G283600,GRMZM2G098331
Sobic.005G103300,GRMZM2G098346
Sobic.005G103500,GRMZM2G098346
Sobic.004G013500,GRMZM2G098370
Sobic.004G013600,GRMZM2G098420
Sobic.010G214100,GRMZM2G098423
Sobic.004G013800,GRMZM2G098438
Sobic.004G223100,GRMZM2G098474
Sobic.008G192900,GRMZM2G098494
Sobic.008G010000,GRMZM2G098603
Sobic.010G095100,GRMZM2G098643
Sobic.001G456300,GRMZM2G098667
Sobic.005G142800,GRMZM2G098674
Sobic.010G042100,GRMZM2G098721
Sobic.010G041900,GRMZM2G098750
Sobic.002G300500,GRMZM2G098764
Sobic.010G256600,GRMZM2G098793
Sobic.001G084300,GRMZM2G098890
Sobic.010G253200,GRMZM2G098900
Sobic.004G059900,GRMZM2G098904
Sobic.009G034200,GRMZM2G099002
Sobic.008G018500,GRMZM2G099005
Sobic.K006500,GRMZM2G099010
Sobic.001G163600,GRMZM2G099023
Sobic.003G341300,GRMZM2G099036
Sobic.001G163400,GRMZM2G099056
Sobic.008G018600,GRMZM2G099067
Sobic.008G018800,GRMZM2G099074
Sobic.003G278400,GRMZM2G099166
Sobic.006G127500,GRMZM2G099183
Sobic.010G250900,GRMZM2G099191
Sobic.002G387600,GRMZM2G099207
Sobic.002G387500,GRMZM2G099253
Sobic.001G079600,GRMZM2G099305
Sobic.010G052100,GRMZM2G099324
Sobic.008G152600,GRMZM2G099328
Sobic.004G161600,GRMZM2G099334
Sobic.004G161701,GRMZM2G099334
Sobic.005G178200,GRMZM2G099353
Sobic.008G188800,GRMZM2G099366
Sobic.007G108900,GRMZM2G099367
Sobic.005G179700,GRMZM2G099408
Sobic.005G179800,GRMZM2G099408
Sobic.005G179900,GRMZM2G099408
Sobic.005G180000,GRMZM2G099408
Sobic.005G180100,GRMZM2G099408
Sobic.005G180200,GRMZM2G099408
Sobic.005G180300,GRMZM2G099408
Sobic.005G180400,GRMZM2G099408
Sobic.010G250600,GRMZM2G099413
Sobic.010G250500,GRMZM2G099434
Sobic.003G040500,GRMZM2G099461
Sobic.001G314300,GRMZM2G099467
Sobic.009G165400,GRMZM2G099481
Sobic.001G441000,GRMZM2G099528
Sobic.009G255300,GRMZM2G099529
Sobic.008G173400,GRMZM2G099542
Sobic.002G110700,GRMZM2G099547
Sobic.005G180900,GRMZM2G099583
Sobic.009G255200,GRMZM2G099626
Sobic.010G184500,GRMZM2G099642
Sobic.005G181000,GRMZM2G099666
Sobic.003G007800,GRMZM2G099678
Sobic.003G007900,GRMZM2G099678
Sobic.010G262650,GRMZM2G099758
Sobic.010G262800,GRMZM2G099758
Sobic.001G455700,GRMZM2G099767
Sobic.001G450800,GRMZM2G099860
Sobic.004G210500,GRMZM2G099891
Sobic.001G088700,GRMZM2G099907
Sobic.003G108200,GRMZM2G099960
Sobic.010G119600,GRMZM2G099967
Sobic.010G119900,GRMZM2G099967
Sobic.001G008300,GRMZM2G099987
Sobic.001G008400,GRMZM2G100020
Sobic.002G191100,GRMZM2G100043
Sobic.002G275200,GRMZM2G100058
Sobic.001G423400,GRMZM2G100086
Sobic.002G173400,GRMZM2G100107
Sobic.003G044300,GRMZM2G100260
Sobic.006G122700,GRMZM2G100263
Sobic.006G122900,GRMZM2G100263
Sobic.006G122600,GRMZM2G100315
Sobic.006G122500,GRMZM2G100344
Sobic.003G044100,GRMZM2G100349
Sobic.005G166900,GRMZM2G100423
Sobic.001G355300,GRMZM2G100452
Sobic.003G378100,GRMZM2G100454
Sobic.001G355200,GRMZM2G100497
Sobic.009G084100,GRMZM2G100505
Sobic.004G237900,GRMZM2G100593
Sobic.001G442900,GRMZM2G100629
Sobic.009G151400,GRMZM2G100641
Sobic.002G000600,GRMZM2G100652
Sobic.001G501701,GRMZM2G100675
Sobic.001G501900,GRMZM2G100707
Sobic.001G442800,GRMZM2G100714
Sobic.006G195500,GRMZM2G100732
Sobic.002G347700,GRMZM2G100741
Sobic.006G125700,GRMZM2G100815
Sobic.010G211900,GRMZM2G100822
Sobic.003G072900,GRMZM2G100889
Sobic.001G013900,GRMZM2G100920
Sobic.007G131600,GRMZM2G101000
Sobic.007G131700,GRMZM2G101000
Sobic.006G095700,GRMZM2G101069
Sobic.007G106900,GRMZM2G101105
Sobic.007G107000,GRMZM2G101116
Sobic.007G107100,GRMZM2G101130
Sobic.007G107500,GRMZM2G101140
Sobic.003G398500,GRMZM2G101217
Sobic.007G149800,GRMZM2G101245
Sobic.007G149900,GRMZM2G101245
Sobic.009G207400,GRMZM2G101270
Sobic.004G307100,GRMZM2G101271
Sobic.009G207300,GRMZM2G101282
Sobic.004G267500,GRMZM2G101287
Sobic.006G170800,GRMZM2G101290
Sobic.006G178100,GRMZM2G101383
Sobic.003G276000,GRMZM2G101405
Sobic.006G178000,GRMZM2G101408
Sobic.007G149300,GRMZM2G101422
Sobic.007G149400,GRMZM2G101422
Sobic.004G307400,GRMZM2G101438
Sobic.005G111100,GRMZM2G101446
Sobic.009G207100,GRMZM2G101457
Sobic.001G105700,GRMZM2G101460
Sobic.004G307500,GRMZM2G101463
Sobic.004G349000,GRMZM2G101502
Sobic.004G196600,GRMZM2G101519
Sobic.004G196700,GRMZM2G101523
Sobic.004G196800,GRMZM2G101547
Sobic.004G349100,GRMZM2G101571
Sobic.004G196900,GRMZM2G101605
Sobic.003G328200,GRMZM2G101617
Sobic.009G020700,GRMZM2G101625
Sobic.003G066300,GRMZM2G101646
Sobic.001G051100,GRMZM2G101682
Sobic.003G309200,GRMZM2G101760
Sobic.004G122900,GRMZM2G102021
Sobic.003G065100,GRMZM2G102047
Sobic.003G431000,GRMZM2G102056
Sobic.002G281500,GRMZM2G102167
Sobic.002G254800,GRMZM2G102181
Sobic.006G127100,GRMZM2G102183
Sobic.003G064700,GRMZM2G102196
Sobic.007G088200,GRMZM2G102231
Sobic.007G090200,GRMZM2G102231
Sobic.010G158832,GRMZM2G102322
Sobic.006G258700,GRMZM2G102349
Sobic.006G258800,GRMZM2G102349
Sobic.006G111100,GRMZM2G102356
Sobic.006G257900,GRMZM2G102471
Sobic.001G435800,GRMZM2G102483
Sobic.001G368900,GRMZM2G102497
Sobic.001G368800,GRMZM2G102548
Sobic.004G143700,GRMZM2G102560
Sobic.003G018800,GRMZM2G102572
Sobic.010G042800,GRMZM2G102596
Sobic.009G234500,GRMZM2G102605
Sobic.003G056500,GRMZM2G102714
Sobic.009G234400,GRMZM2G102779
Sobic.002G380400,GRMZM2G102786
Sobic.003G017800,GRMZM2G102811
Sobic.003G066000,GRMZM2G102822
Sobic.003G066200,GRMZM2G102822
Sobic.003G067000,GRMZM2G102822
Sobic.004G037800,GRMZM2G102845
Sobic.010G185400,GRMZM2G102858
Sobic.004G037700,GRMZM2G102912
Sobic.003G017700,GRMZM2G102927
Sobic.010G096100,GRMZM2G102946
Sobic.002G031600,GRMZM2G102968
Sobic.005G060300,GRMZM2G103013
Sobic.005G060400,GRMZM2G103013
Sobic.004G309000,GRMZM2G103055
Sobic.004G309200,GRMZM2G103055
Sobic.004G073800,GRMZM2G103070
Sobic.004G308700,GRMZM2G103101
Sobic.006G108500,GRMZM2G103116
Sobic.004G308400,GRMZM2G103128
Sobic.003G325200,GRMZM2G103135
Sobic.010G043100,GRMZM2G103137
Sobic.007G168000,GRMZM2G103197
Sobic.003G098100,GRMZM2G103214
Sobic.007G087100,GRMZM2G103250
Sobic.003G436800,GRMZM2G103342
Sobic.004G272200,GRMZM2G103357
Sobic.002G278000,GRMZM2G103458
Sobic.008G057500,GRMZM2G103546
Sobic.001G156500,GRMZM2G103559
Sobic.001G449900,GRMZM2G103579
Sobic.002G104801,GRMZM2G103617
Sobic.002G104900,GRMZM2G103617
Sobic.010G218500,GRMZM2G103647
Sobic.001G156300,GRMZM2G103657
Sobic.008G057100,GRMZM2G103662
Sobic.003G295300,GRMZM2G103666
Sobic.001G155700,GRMZM2G103672
Sobic.008G056900,GRMZM2G103740
Sobic.005G089700,GRMZM2G103759
Sobic.005G090000,GRMZM2G103759
Sobic.003G144500,GRMZM2G103771
Sobic.001G172400,GRMZM2G103773
Sobic.002G248600,GRMZM2G103783
Sobic.001G172300,GRMZM2G103843
Sobic.004G128500,GRMZM2G103864
Sobic.002G283600,GRMZM2G103896
Sobic.010G218200,GRMZM2G103897
Sobic.010G218100,GRMZM2G103900
Sobic.002G248500,GRMZM2G103902
Sobic.008G125900,GRMZM2G103909
Sobic.001G208600,GRMZM2G103929
Sobic.004G072900,GRMZM2G103937
Sobic.002G333900,GRMZM2G103972
Sobic.008G135701,GRMZM2G104070
Sobic.003G035500,GRMZM2G104081
Sobic.003G035700,GRMZM2G104176
Sobic.003G238700,GRMZM2G104226
Sobic.002G110600,GRMZM2G104231
Sobic.002G110500,GRMZM2G104258
Sobic.010G039100,GRMZM2G104269
Sobic.010G039200,GRMZM2G104269
Sobic.010G039300,GRMZM2G104269
Sobic.010G039401,GRMZM2G104269
Sobic.010G041201,GRMZM2G104269
Sobic.008G039900,GRMZM2G104310
Sobic.002G248800,GRMZM2G104339
Sobic.010G199900,GRMZM2G104347
Sobic.005G157100,GRMZM2G104375
Sobic.009G000400,GRMZM2G104377
Sobic.004G045700,GRMZM2G104425
Sobic.004G045800,GRMZM2G104425
Sobic.004G045900,GRMZM2G104425
Sobic.002G393000,GRMZM2G104443
Sobic.001G402600,GRMZM2G104464
Sobic.002G275700,GRMZM2G104504
Sobic.007G172800,GRMZM2G104516
Sobic.006G260800,GRMZM2G104538
Sobic.002G275500,GRMZM2G104551
Sobic.002G275300,GRMZM2G104608
Sobic.008G013200,GRMZM2G104620
Sobic.002G271000,GRMZM2G104622
Sobic.003G162100,GRMZM2G104639
Sobic.008G013900,GRMZM2G104730
Sobic.008G014000,GRMZM2G104730
Sobic.008G014100,GRMZM2G104730
Sobic.010G051900,GRMZM2G104747
Sobic.010G053300,GRMZM2G104747
Sobic.007G014900,GRMZM2G104769
Sobic.005G087900,GRMZM2G104833
Sobic.009G023200,GRMZM2G104836
Sobic.005G156100,GRMZM2G104847
Sobic.010G200100,GRMZM2G104866
Sobic.010G200300,GRMZM2G104866
Sobic.007G157800,GRMZM2G104938
Sobic.009G193300,GRMZM2G104955
Sobic.001G335300,GRMZM2G104983
Sobic.001G079900,GRMZM2G105025
Sobic.006G169700,GRMZM2G105137
Sobic.003G381300,GRMZM2G105184
Sobic.001G182200,GRMZM2G105189
Sobic.001G182600,GRMZM2G105189
Sobic.002G284500,GRMZM2G105219
Sobic.008G113200,GRMZM2G105229
Sobic.003G381400,GRMZM2G105266
Sobic.003G343900,GRMZM2G105283
Sobic.002G283800,GRMZM2G105297
Sobic.003G343700,GRMZM2G105307
Sobic.006G265000,GRMZM2G105330
Sobic.004G078900,GRMZM2G105331
Sobic.001G429900,GRMZM2G105362
Sobic.010G111200,GRMZM2G105364
Sobic.004G089000,GRMZM2G105391
Sobic.004G187100,GRMZM2G105400
Sobic.009G208200,GRMZM2G105401
Sobic.001G527700,GRMZM2G105415
Sobic.004G187300,GRMZM2G105417
Sobic.003G294300,GRMZM2G105425
Sobic.010G248900,GRMZM2G105428
Sobic.004G187501,GRMZM2G105429
Sobic.001G527600,GRMZM2G105436
Sobic.004G187701,GRMZM2G105460
Sobic.009G207900,GRMZM2G105473
Sobic.004G125900,GRMZM2G105494
Sobic.004G238200,GRMZM2G105539
Sobic.006G095500,GRMZM2G105542
Sobic.001G522000,GRMZM2G105571
Sobic.004G238400,GRMZM2G105641
Sobic.004G238500,GRMZM2G105644
Sobic.002G003800,GRMZM2G105682
Sobic.002G313700,GRMZM2G105750
Sobic.004G238600,GRMZM2G105791
Sobic.004G238801,GRMZM2G105844
Sobic.001G181700,GRMZM2G105971
Sobic.002G411800,GRMZM2G105982
Sobic.002G078400,GRMZM2G105996
Sobic.009G014500,GRMZM2G106042
Sobic.006G231800,GRMZM2G106056
Sobic.004G285300,GRMZM2G106185
Sobic.009G154700,GRMZM2G106190
Sobic.002G039400,GRMZM2G106204
Sobic.004G285200,GRMZM2G106216
Sobic.009G154800,GRMZM2G106218
Sobic.002G039200,GRMZM2G106222
Sobic.009G066400,GRMZM2G106233
Sobic.001G383500,GRMZM2G106283
Sobic.010G214300,GRMZM2G106321
Sobic.006G231400,GRMZM2G106384
Sobic.006G230900,GRMZM2G106393
Sobic.001G383400,GRMZM2G106408
Sobic.004G194900,GRMZM2G106412
Sobic.006G230800,GRMZM2G106445
Sobic.006G231100,GRMZM2G106445
Sobic.006G231200,GRMZM2G106445
Sobic.006G231332,GRMZM2G106445
Sobic.001G140101,GRMZM2G106515
Sobic.003G408700,GRMZM2G106523
Sobic.002G342800,GRMZM2G106548
Sobic.007G132600,GRMZM2G106558
Sobic.006G230400,GRMZM2G106578
Sobic.002G008500,GRMZM2G106600
Sobic.003G416700,GRMZM2G106613
Sobic.008G095000,GRMZM2G106622
Sobic.004G209700,GRMZM2G106653
Sobic.010G034000,GRMZM2G106683
Sobic.002G420000,GRMZM2G106732
Sobic.005G120600,GRMZM2G106798
Sobic.006G186400,GRMZM2G106881
Sobic.002G161000,GRMZM2G106903
Sobic.006G186500,GRMZM2G106921
Sobic.007G166600,GRMZM2G106928
Sobic.003G425500,GRMZM2G106945
Sobic.002G160600,GRMZM2G106950
Sobic.007G054800,GRMZM2G106974
Sobic.006G110850,GRMZM2G107003
Sobic.007G182101,GRMZM2G107031
Sobic.005G222200,GRMZM2G107082
Sobic.002G043600,GRMZM2G107089
Sobic.003G187200,GRMZM2G107111
Sobic.002G309100,GRMZM2G107142
Sobic.006G260600,GRMZM2G107187
Sobic.006G114600,GRMZM2G107199
Sobic.005G222000,GRMZM2G107239
Sobic.005G221200,GRMZM2G107302
Sobic.002G043100,GRMZM2G107309
Sobic.004G115500,GRMZM2G107380
Sobic.002G048300,GRMZM2G107408
Sobic.010G249900,GRMZM2G107437
Sobic.002G043000,GRMZM2G107457
Sobic.001G507300,GRMZM2G107532
Sobic.002G345800,GRMZM2G107562
Sobic.001G219900,GRMZM2G107571
Sobic.001G377600,GRMZM2G107597
Sobic.010G025300,GRMZM2G107609
Sobic.010G025850,GRMZM2G107609
Sobic.001G078600,GRMZM2G107645
Sobic.010G024600,GRMZM2G107665
Sobic.001G507800,GRMZM2G107686
Sobic.004G081400,GRMZM2G107737
Sobic.001G304000,GRMZM2G107741
Sobic.005G104600,GRMZM2G107761
Sobic.005G104700,GRMZM2G107761
Sobic.001G460200,GRMZM2G107805
Sobic.001G460100,GRMZM2G107815
Sobic.001G408400,GRMZM2G107838
Sobic.001G271600,GRMZM2G107851
Sobic.001G273200,GRMZM2G107851
Sobic.001G408200,GRMZM2G107867
Sobic.003G202000,GRMZM2G107900
Sobic.010G043500,GRMZM2G107926
Sobic.002G290000,GRMZM2G107987
Sobic.002G027500,GRMZM2G108023
Sobic.001G439400,GRMZM2G108032
Sobic.006G277700,GRMZM2G108077
Sobic.006G277800,GRMZM2G108077
Sobic.004G178400,GRMZM2G108085
Sobic.004G269000,GRMZM2G108087
Sobic.010G192700,GRMZM2G108103
Sobic.002G261400,GRMZM2G108133
Sobic.002G261600,GRMZM2G108133
Sobic.008G190900,GRMZM2G108135
Sobic.001G439500,GRMZM2G108138
Sobic.006G277600,GRMZM2G108153
Sobic.002G428700,GRMZM2G108166
Sobic.010G172600,GRMZM2G108200
Sobic.006G277500,GRMZM2G108219
Sobic.006G277200,GRMZM2G108228
Sobic.006G053500,GRMZM2G108255
Sobic.004G162900,GRMZM2G108267
Sobic.007G126200,GRMZM2G108277
Sobic.002G330500,GRMZM2G108285
Sobic.006G053400,GRMZM2G108338
Sobic.001G242600,GRMZM2G108396
Sobic.001G242500,GRMZM2G108410
Sobic.001G365200,GRMZM2G108416
Sobic.008G157500,GRMZM2G108422
Sobic.008G157800,GRMZM2G108422
Sobic.003G273300,GRMZM2G108424
Sobic.004G006300,GRMZM2G108474
Sobic.009G249600,GRMZM2G108480
Sobic.008G110700,GRMZM2G108501
Sobic.001G255300,GRMZM2G108514
Sobic.001G365000,GRMZM2G108523
Sobic.001G364800,GRMZM2G108530
Sobic.002G185900,GRMZM2G108546
Sobic.010G195701,GRMZM2G108570
Sobic.001G364700,GRMZM2G108576
Sobic.009G099500,GRMZM2G108586
Sobic.002G007800,GRMZM2G108589
Sobic.006G027500,GRMZM2G108609
Sobic.002G315000,GRMZM2G108615
Sobic.006G277750,GRMZM2G108624
Sobic.006G277900,GRMZM2G108624
Sobic.002G008400,GRMZM2G108637
Sobic.006G012700,GRMZM2G108686
Sobic.009G165200,GRMZM2G108723
Sobic.002G155000,GRMZM2G108737
Sobic.002G375300,GRMZM2G108767
Sobic.010G262000,GRMZM2G108775
Sobic.003G111200,GRMZM2G108847
Sobic.003G111300,GRMZM2G108847
Sobic.002G315800,GRMZM2G108849
Sobic.002G315700,GRMZM2G108874
Sobic.002G115700,GRMZM2G108894
Sobic.003G037600,GRMZM2G108898
Sobic.001G212451,GRMZM2G108949
Sobic.005G155900,GRMZM2G108959
Sobic.005G155800,GRMZM2G108976
Sobic.004G270100,GRMZM2G108996
Sobic.010G211100,GRMZM2G108997
Sobic.005G155700,GRMZM2G109032
Sobic.009G035100,GRMZM2G109062
Sobic.004G034600,GRMZM2G109070
Sobic.005G147800,GRMZM2G109071
Sobic.009G035200,GRMZM2G109142
Sobic.004G034500,GRMZM2G109165
Sobic.001G362300,GRMZM2G109182
Sobic.001G362500,GRMZM2G109201
Sobic.006G162300,GRMZM2G109217
Sobic.001G362601,GRMZM2G109221
Sobic.002G115900,GRMZM2G109252
Sobic.006G162100,GRMZM2G109262
Sobic.004G301400,GRMZM2G109348
Sobic.009G125900,GRMZM2G109352
Sobic.002G275900,GRMZM2G109405
Sobic.003G386100,GRMZM2G109429
Sobic.001G479800,GRMZM2G109431
Sobic.001G517800,GRMZM2G109509
Sobic.007G073000,GRMZM2G109515
Sobic.003G386300,GRMZM2G109526
Sobic.008G088803,GRMZM2G109582
Sobic.001G479200,GRMZM2G109589
Sobic.001G479500,GRMZM2G109589
Sobic.010G065200,GRMZM2G109595
Sobic.002G227800,GRMZM2G109609
Sobic.010G064500,GRMZM2G109720
Sobic.002G111200,GRMZM2G109743
Sobic.004G067900,GRMZM2G109805
Sobic.001G265800,GRMZM2G109814
Sobic.004G061900,GRMZM2G109818
Sobic.001G422600,GRMZM2G109831
Sobic.001G422500,GRMZM2G109885
Sobic.004G197000,GRMZM2G109959
Sobic.003G264800,GRMZM2G109976
Sobic.001G403800,GRMZM2G110000
Sobic.001G341300,GRMZM2G110027
Sobic.002G354300,GRMZM2G110034
Sobic.002G354400,GRMZM2G110034
Sobic.003G379000,GRMZM2G110153
Sobic.009G149200,GRMZM2G110166
Sobic.003G378800,GRMZM2G110195
Sobic.001G270400,GRMZM2G110198
Sobic.003G041700,GRMZM2G110212
Sobic.010G099400,GRMZM2G110220
Sobic.003G378600,GRMZM2G110277
Sobic.006G110000,GRMZM2G110279
Sobic.003G163500,GRMZM2G110286
Sobic.010G098200,GRMZM2G110289
Sobic.001G175700,GRMZM2G110294
Sobic.001G062700,GRMZM2G110295
Sobic.001G175600,GRMZM2G110298
Sobic.010G098100,GRMZM2G110299
Sobic.001G175500,GRMZM2G110304
Sobic.008G097401,GRMZM2G110381
Sobic.003G378400,GRMZM2G110398
Sobic.001G246400,GRMZM2G110531
Sobic.004G301000,GRMZM2G110541
Sobic.010G162200,GRMZM2G110582
Sobic.001G515400,GRMZM2G110616
Sobic.004G326500,GRMZM2G110657
Sobic.001G247400,GRMZM2G110681
Sobic.010G223400,GRMZM2G110822
Sobic.010G094400,GRMZM2G110832
Sobic.001G008000,GRMZM2G110851
Sobic.003G177600,GRMZM2G110858
Sobic.003G370200,GRMZM2G110897
Sobic.010G130300,GRMZM2G110993
Sobic.009G213400,GRMZM2G111017
Sobic.004G128000,GRMZM2G111022
Sobic.003G203800,GRMZM2G111123
Sobic.003G203833,GRMZM2G111123
Sobic.003G204200,GRMZM2G111123
Sobic.009G042100,GRMZM2G111138
Sobic.003G108800,GRMZM2G111164
Sobic.001G461800,GRMZM2G111191
Sobic.003G108900,GRMZM2G111200
Sobic.004G049600,GRMZM2G111201
Sobic.001G345100,GRMZM2G111208
Sobic.002G077000,GRMZM2G111216
Sobic.001G159400,GRMZM2G111269
Sobic.002G301500,GRMZM2G111309
Sobic.002G301600,GRMZM2G111309
Sobic.002G301700,GRMZM2G111309
Sobic.004G009100,GRMZM2G111390
Sobic.003G288900,GRMZM2G111436
Sobic.003G289000,GRMZM2G111436
Sobic.003G289100,GRMZM2G111436
Sobic.003G289200,GRMZM2G111436
Sobic.003G289300,GRMZM2G111436
Sobic.005G044900,GRMZM2G111455
Sobic.003G288800,GRMZM2G111510
Sobic.004G107800,GRMZM2G111529
Sobic.005G003900,GRMZM2G111632
Sobic.003G305300,GRMZM2G111637
Sobic.001G045700,GRMZM2G111642
Sobic.003G305400,GRMZM2G111657
Sobic.003G273200,GRMZM2G111666
Sobic.002G398800,GRMZM2G111672
Sobic.009G198100,GRMZM2G111696
Sobic.006G053700,GRMZM2G111697
Sobic.002G398700,GRMZM2G111713
Sobic.005G004200,GRMZM2G111720
Sobic.002G240900,GRMZM2G111780
Sobic.004G153600,GRMZM2G111782
Sobic.004G155900,GRMZM2G111872
Sobic.010G046700,GRMZM2G111903
Sobic.003G361500,GRMZM2G111907
Sobic.010G126600,GRMZM2G111920
Sobic.005G019400,GRMZM2G111928
Sobic.006G140700,GRMZM2G111954
Sobic.006G089300,GRMZM2G112039
Sobic.003G279000,GRMZM2G112205
Sobic.003G278800,GRMZM2G112222
Sobic.004G287000,GRMZM2G112247
Sobic.004G287100,GRMZM2G112352
Sobic.007G164400,GRMZM2G112377
Sobic.006G133700,GRMZM2G112483
Sobic.001G400700,GRMZM2G112524
Sobic.001G400800,GRMZM2G112524
Sobic.001G400900,GRMZM2G112524
Sobic.001G401000,GRMZM2G112524
Sobic.001G401100,GRMZM2G112524
Sobic.001G401200,GRMZM2G112524
Sobic.001G401300,GRMZM2G112524
Sobic.006G133600,GRMZM2G112530
Sobic.006G133500,GRMZM2G112594
Sobic.004G275000,GRMZM2G112626
Sobic.003G102200,GRMZM2G112629
Sobic.010G240300,GRMZM2G112704
Sobic.007G089500,GRMZM2G112782
Sobic.005G110800,GRMZM2G112795
Sobic.010G279000,GRMZM2G112805
Sobic.004G293500,GRMZM2G112830
Sobic.010G279100,GRMZM2G112895
Sobic.004G293400,GRMZM2G112914
Sobic.002G426700,GRMZM2G113052
Sobic.004G198300,GRMZM2G113064
Sobic.008G039700,GRMZM2G113089
Sobic.008G039600,GRMZM2G113093
Sobic.003G442400,GRMZM2G113096
Sobic.001G021500,GRMZM2G113137
Sobic.009G105800,GRMZM2G113156
Sobic.001G020500,GRMZM2G113158
Sobic.009G223900,GRMZM2G113177
Sobic.007G219400,GRMZM2G113196
Sobic.009G224000,GRMZM2G113216
Sobic.008G038500,GRMZM2G113228
Sobic.007G219300,GRMZM2G113229
Sobic.005G085800,GRMZM2G113241
Sobic.001G021200,GRMZM2G113250
Sobic.001G158700,GRMZM2G113260
Sobic.004G179400,GRMZM2G113325
Sobic.004G164200,GRMZM2G113332
Sobic.001G478800,GRMZM2G113351
Sobic.009G255500,GRMZM2G113355
Sobic.003G179100,GRMZM2G113365
Sobic.009G224300,GRMZM2G113382
Sobic.003G323300,GRMZM2G113397
Sobic.004G179300,GRMZM2G113409
Sobic.003G323600,GRMZM2G113414
Sobic.004G310700,GRMZM2G113418
Sobic.002G333800,GRMZM2G113432
Sobic.002G334300,GRMZM2G113432
Sobic.004G174100,GRMZM2G113439
Sobic.005G091600,GRMZM2G113470
Sobic.010G135600,GRMZM2G113480
Sobic.003G152800,GRMZM2G113495
Sobic.006G073300,GRMZM2G113513
Sobic.010G138600,GRMZM2G113532
Sobic.001G130100,GRMZM2G113569
Sobic.004G181800,GRMZM2G113583
Sobic.004G181900,GRMZM2G113596
Sobic.010G238700,GRMZM2G113613
Sobic.003G047200,GRMZM2G113626
Sobic.002G128000,GRMZM2G113668
Sobic.007G219000,GRMZM2G113726
Sobic.001G309000,GRMZM2G113761
Sobic.001G474700,GRMZM2G113775
Sobic.001G475300,GRMZM2G113821
Sobic.006G021000,GRMZM2G113844
Sobic.007G219200,GRMZM2G113899
Sobic.005G012000,GRMZM2G113967
Sobic.003G230700,GRMZM2G114048
Sobic.007G125900,GRMZM2G114093
Sobic.010G028800,GRMZM2G114098
Sobic.007G091800,GRMZM2G114119
Sobic.006G187500,GRMZM2G114131
Sobic.001G463900,GRMZM2G114184
Sobic.006G187401,GRMZM2G114186
Sobic.006G187200,GRMZM2G114192
Sobic.006G187100,GRMZM2G114220
Sobic.001G463650,GRMZM2G114227
Sobic.001G463600,GRMZM2G114232
Sobic.001G463500,GRMZM2G114234
Sobic.004G174800,GRMZM2G114241
Sobic.001G407900,GRMZM2G114354
Sobic.001G408001,GRMZM2G114354
Sobic.001G266100,GRMZM2G114356
Sobic.001G266200,GRMZM2G114356
Sobic.004G237700,GRMZM2G114371
Sobic.003G221600,GRMZM2G114380
Sobic.003G221900,GRMZM2G114444
Sobic.002G374300,GRMZM2G114461
Sobic.001G540600,GRMZM2G114469
Sobic.009G244300,GRMZM2G114503
Sobic.006G108300,GRMZM2G114523
Sobic.001G197000,GRMZM2G114570
Sobic.009G244000,GRMZM2G114578
Sobic.006G108000,GRMZM2G114619
Sobic.002G208000,GRMZM2G114639
Sobic.002G207900,GRMZM2G114642
Sobic.001G024100,GRMZM2G114673
Sobic.010G189500,GRMZM2G114680
Sobic.002G354800,GRMZM2G114688
Sobic.001G024000,GRMZM2G114692
Sobic.002G296600,GRMZM2G114704
Sobic.002G296800,GRMZM2G114704
Sobic.002G201600,GRMZM2G114706
Sobic.001G302100,GRMZM2G114707
Sobic.007G194300,GRMZM2G114739
Sobic.002G296400,GRMZM2G114748
Sobic.002G207500,GRMZM2G114751
Sobic.002G207700,GRMZM2G114751
Sobic.001G023900,GRMZM2G114775
Sobic.007G194200,GRMZM2G114816
Sobic.006G226200,GRMZM2G114861
Sobic.003G391100,GRMZM2G114873
Sobic.004G002500,GRMZM2G114888
Sobic.001G019500,GRMZM2G114992
Sobic.001G481800,GRMZM2G115105
Sobic.001G492800,GRMZM2G115131
Sobic.010G028000,GRMZM2G115156
Sobic.004G002350,GRMZM2G115176
Sobic.003G033100,GRMZM2G115198
Sobic.004G140600,GRMZM2G115257
Sobic.010G136500,GRMZM2G115329
Sobic.002G055900,GRMZM2G115357
Sobic.001G009600,GRMZM2G115372
Sobic.006G088400,GRMZM2G115395
Sobic.007G209800,GRMZM2G115442
Sobic.004G165500,GRMZM2G115480
Sobic.004G165300,GRMZM2G115491
Sobic.005G016300,GRMZM2G115499
Sobic.004G165200,GRMZM2G115504
Sobic.010G211500,GRMZM2G115564
Sobic.003G044000,GRMZM2G115574
Sobic.008G160000,GRMZM2G115615
Sobic.007G129000,GRMZM2G115635
Sobic.002G384600,GRMZM2G115637
Sobic.002G385000,GRMZM2G115637
Sobic.001G231000,GRMZM2G115646
Sobic.010G219800,GRMZM2G115660
Sobic.006G230100,GRMZM2G115705
Sobic.006G230200,GRMZM2G115705
Sobic.010G168500,GRMZM2G115721
Sobic.007G161200,GRMZM2G115750
Sobic.004G205800,GRMZM2G115755
Sobic.002G255400,GRMZM2G115757
Sobic.001G252700,GRMZM2G115772
Sobic.002G161200,GRMZM2G115773
Sobic.005G048900,GRMZM2G115792
Sobic.006G038500,GRMZM2G115805
Sobic.003G034100,GRMZM2G115834
Sobic.003G136800,GRMZM2G115875
Sobic.002G120200,GRMZM2G115957
Sobic.001G367100,GRMZM2G115975
Sobic.007G216100,GRMZM2G115981
Sobic.001G065000,GRMZM2G116126
Sobic.010G277000,GRMZM2G116133
Sobic.003G196800,GRMZM2G116135
Sobic.009G074400,GRMZM2G116151
Sobic.010G261200,GRMZM2G116167
Sobic.004G241500,GRMZM2G116185
Sobic.010G261300,GRMZM2G116190
Sobic.009G180800,GRMZM2G116258
Sobic.003G279700,GRMZM2G116271
Sobic.001G444800,GRMZM2G116292
Sobic.009G180900,GRMZM2G116335
Sobic.001G228100,GRMZM2G116360
Sobic.005G045800,GRMZM2G116376
Sobic.008G135800,GRMZM2G116386
Sobic.010G263800,GRMZM2G116434
Sobic.010G264200,GRMZM2G116434
Sobic.010G065700,GRMZM2G116491
Sobic.002G204100,GRMZM2G116517
Sobic.001G228300,GRMZM2G116526
Sobic.003G422400,GRMZM2G116554
Sobic.003G422600,GRMZM2G116554
Sobic.003G422700,GRMZM2G116554
Sobic.004G285000,GRMZM2G116563
Sobic.003G196400,GRMZM2G116584
Sobic.003G320500,GRMZM2G116632
Sobic.002G270900,GRMZM2G116658
Sobic.003G320600,GRMZM2G116670
Sobic.002G204200,GRMZM2G116689
Sobic.006G049900,GRMZM2G116693
Sobic.003G320700,GRMZM2G116700
Sobic.008G162900,GRMZM2G116714
Sobic.001G444400,GRMZM2G116902
Sobic.001G043400,GRMZM2G116908
Sobic.008G073500,GRMZM2G117028
Sobic.003G153400,GRMZM2G117030
Sobic.006G180700,GRMZM2G117060
Sobic.005G054900,GRMZM2G117064
Sobic.004G209600,GRMZM2G117108
Sobic.002G073600,GRMZM2G117146
Sobic.004G300300,GRMZM2G117164
Sobic.007G155600,GRMZM2G117189
Sobic.008G162201,GRMZM2G117219
Sobic.001G342900,GRMZM2G117222
Sobic.002G211300,GRMZM2G117230
Sobic.002G231500,GRMZM2G117268
Sobic.009G129500,GRMZM2G117298
Sobic.007G055800,GRMZM2G117319
Sobic.009G179400,GRMZM2G117344
Sobic.007G158400,GRMZM2G117347
Sobic.009G111400,GRMZM2G117357
Sobic.002G058500,GRMZM2G117369
Sobic.007G158500,GRMZM2G117378
Sobic.009G179500,GRMZM2G117392
Sobic.009G179600,GRMZM2G117410
Sobic.002G017300,GRMZM2G117454
Sobic.001G343900,GRMZM2G117513
Sobic.004G066800,GRMZM2G117544
Sobic.009G179800,GRMZM2G117558
Sobic.009G235300,GRMZM2G117574
Sobic.005G139300,GRMZM2G117614
Sobic.009G139200,GRMZM2G117615
Sobic.002G317600,GRMZM2G117642
Sobic.001G222400,GRMZM2G117763
Sobic.001G306800,GRMZM2G117804
Sobic.007G090900,GRMZM2G117836
Sobic.003G244100,GRMZM2G117851
Sobic.009G180500,GRMZM2G117854
Sobic.001G337500,GRMZM2G117930
Sobic.001G274300,GRMZM2G117940
Sobic.005G169200,GRMZM2G117942
Sobic.005G169400,GRMZM2G117989
Sobic.001G123300,GRMZM2G118003
Sobic.001G017000,GRMZM2G118005
Sobic.010G131500,GRMZM2G118019
Sobic.009G149800,GRMZM2G118037
Sobic.010G164400,GRMZM2G118047
Sobic.001G231900,GRMZM2G118173
Sobic.001G428500,GRMZM2G118208
Sobic.003G045700,GRMZM2G118243
Sobic.008G051300,GRMZM2G118286
Sobic.008G051200,GRMZM2G118316
Sobic.009G056500,GRMZM2G118344
Sobic.006G148900,GRMZM2G118345
Sobic.003G388900,GRMZM2G118362
Sobic.003G340600,GRMZM2G118363
Sobic.007G008600,GRMZM2G118378
Sobic.005G158300,GRMZM2G118385
Sobic.003G242900,GRMZM2G118403
Sobic.001G231200,GRMZM2G118433
Sobic.005G158400,GRMZM2G118490
Sobic.001G444900,GRMZM2G118495
Sobic.001G445000,GRMZM2G118497
Sobic.009G085500,GRMZM2G118597
Sobic.007G076000,GRMZM2G118610
Sobic.005G098200,GRMZM2G118628
Sobic.003G152400,GRMZM2G118641
Sobic.008G172700,GRMZM2G118646
Sobic.010G021200,GRMZM2G118690
Sobic.004G295800,GRMZM2G118731
Sobic.001G142900,GRMZM2G118821
Sobic.004G172600,GRMZM2G118825
Sobic.010G120100,GRMZM2G118873
Sobic.010G121800,GRMZM2G118873
Sobic.001G239800,GRMZM2G118917
Sobic.009G073300,GRMZM2G118951
Sobic.006G143000,GRMZM2G118992
Sobic.001G465500,GRMZM2G119104
Sobic.001G471100,GRMZM2G119150
Sobic.001G423800,GRMZM2G119168
Sobic.005G034400,GRMZM2G119175
Sobic.005G034000,GRMZM2G119219
Sobic.008G139800,GRMZM2G119248
Sobic.008G134800,GRMZM2G119249
Sobic.006G008300,GRMZM2G119261
Sobic.006G048400,GRMZM2G119272
Sobic.003G355300,GRMZM2G119273
Sobic.005G168400,GRMZM2G119287
Sobic.007G071600,GRMZM2G119305
Sobic.003G355100,GRMZM2G119322
Sobic.008G170000,GRMZM2G119339
Sobic.010G013500,GRMZM2G119359
Sobic.010G013300,GRMZM2G119411
Sobic.001G524900,GRMZM2G119471
Sobic.004G294700,GRMZM2G119490
Sobic.001G525000,GRMZM2G119494
Sobic.001G514400,GRMZM2G119499
Sobic.002G254600,GRMZM2G119513
Sobic.004G176700,GRMZM2G119517
Sobic.001G240800,GRMZM2G119521
Sobic.001G249700,GRMZM2G119544
Sobic.004G176800,GRMZM2G119566
Sobic.009G029700,GRMZM2G119583
Sobic.001G205200,GRMZM2G119657
Sobic.004G328400,GRMZM2G119691
Sobic.006G067600,GRMZM2G119703
Sobic.002G362400,GRMZM2G119705
Sobic.001G525400,GRMZM2G119736
Sobic.002G362300,GRMZM2G119740
Sobic.003G120300,GRMZM2G119749
Sobic.006G272500,GRMZM2G119759
Sobic.001G311800,GRMZM2G119766
Sobic.004G328000,GRMZM2G119769
Sobic.006G255900,GRMZM2G119773
Sobic.003G120700,GRMZM2G119778
Sobic.004G327800,GRMZM2G119782
Sobic.005G160200,GRMZM2G119791
Sobic.007G176300,GRMZM2G119812
Sobic.007G176400,GRMZM2G119812
Sobic.001G381100,GRMZM2G119850
Sobic.001G486700,GRMZM2G119852
Sobic.003G139200,GRMZM2G119855
Sobic.003G148300,GRMZM2G119864
Sobic.001G417800,GRMZM2G119886
Sobic.006G255800,GRMZM2G119916
Sobic.004G069400,GRMZM2G119921
Sobic.005G160400,GRMZM2G119930
Sobic.001G486500,GRMZM2G119933
Sobic.006G255600,GRMZM2G119941
Sobic.009G097100,GRMZM2G119970
Sobic.006G174000,GRMZM2G120016
Sobic.001G140900,GRMZM2G120021
Sobic.004G274700,GRMZM2G120035
Sobic.001G258100,GRMZM2G120085
Sobic.005G100600,GRMZM2G120167
Sobic.009G195300,GRMZM2G120175
Sobic.003G038600,GRMZM2G120271
Sobic.010G083900,GRMZM2G120302
Sobic.003G105700,GRMZM2G120304
Sobic.001G029800,GRMZM2G120440
Sobic.006G084400,GRMZM2G120517
Sobic.008G111800,GRMZM2G120530
Sobic.004G015400,GRMZM2G120539
Sobic.002G006500,GRMZM2G120563
Sobic.002G006300,GRMZM2G120572
Sobic.002G006100,GRMZM2G120574
Sobic.002G005700,GRMZM2G120575
Sobic.004G016000,GRMZM2G120578
Sobic.001G061200,GRMZM2G120596
Sobic.001G061400,GRMZM2G120657
Sobic.005G063300,GRMZM2G120938
Sobic.005G063400,GRMZM2G120938
Sobic.002G209400,GRMZM2G120942
Sobic.002G394500,GRMZM2G120954
Sobic.002G371700,GRMZM2G121022
Sobic.005G063000,GRMZM2G121034
Sobic.006G210700,GRMZM2G121063
Sobic.006G226300,GRMZM2G121074
Sobic.007G084300,GRMZM2G121096
Sobic.009G039000,GRMZM2G121111
Sobic.004G203200,GRMZM2G121115
Sobic.007G036300,GRMZM2G121137
Sobic.010G158400,GRMZM2G121143
Sobic.004G203301,GRMZM2G121160
Sobic.004G203400,GRMZM2G121166
Sobic.002G197500,GRMZM2G121200
Sobic.009G213600,GRMZM2G121208
Sobic.006G136700,GRMZM2G121256
Sobic.009G213950,GRMZM2G121262
Sobic.006G136500,GRMZM2G121264
Sobic.001G170700,GRMZM2G121293
Sobic.004G099600,GRMZM2G121309
Sobic.007G211400,GRMZM2G121312
Sobic.003G197600,GRMZM2G121313
Sobic.003G119000,GRMZM2G121404
Sobic.004G179600,GRMZM2G121468
Sobic.009G138300,GRMZM2G121514
Sobic.002G351200,GRMZM2G121516
Sobic.002G351100,GRMZM2G121543
Sobic.009G138200,GRMZM2G121565
Sobic.001G158600,GRMZM2G121570
Sobic.010G196400,GRMZM2G121621
Sobic.002G221700,GRMZM2G121649
Sobic.006G118400,GRMZM2G121700
Sobic.001G468900,GRMZM2G121706
Sobic.001G394900,GRMZM2G121957
Sobic.001G394800,GRMZM2G121960
Sobic.001G129700,GRMZM2G122018
Sobic.005G047000,GRMZM2G122039
Sobic.008G059500,GRMZM2G122053
Sobic.003G287600,GRMZM2G122072
Sobic.005G229100,GRMZM2G122073
Sobic.001G028500,GRMZM2G122108
Sobic.007G179900,GRMZM2G122126
Sobic.001G073500,GRMZM2G122139
Sobic.001G028700,GRMZM2G122148
Sobic.004G197100,GRMZM2G122276
Sobic.010G161525,GRMZM2G122290
Sobic.005G128100,GRMZM2G122324
Sobic.007G004900,GRMZM2G122357
Sobic.003G248200,GRMZM2G122362
Sobic.003G442500,GRMZM2G122431
Sobic.010G194200,GRMZM2G122476
Sobic.009G108700,GRMZM2G122479
Sobic.005G171200,GRMZM2G122484
Sobic.003G255100,GRMZM2G122584
Sobic.003G115800,GRMZM2G122666
Sobic.005G172800,GRMZM2G122706
Sobic.009G153900,GRMZM2G122709
Sobic.001G500800,GRMZM2G122787
Sobic.010G076800,GRMZM2G122793
Sobic.002G073700,GRMZM2G122810
Sobic.008G091557,GRMZM2G122818
Sobic.005G191900,GRMZM2G122869
Sobic.005G192000,GRMZM2G122873
Sobic.005G114400,GRMZM2G122935
Sobic.009G034600,GRMZM2G122943
Sobic.007G163500,GRMZM2G123016
Sobic.009G034700,GRMZM2G123029
Sobic.007G153300,GRMZM2G123094
Sobic.002G139400,GRMZM2G123119
Sobic.006G280300,GRMZM2G123122
Sobic.001G126100,GRMZM2G123128
Sobic.001G286700,GRMZM2G123140
Sobic.001G126200,GRMZM2G123159
Sobic.001G126300,GRMZM2G123204
Sobic.004G242900,GRMZM2G123262
Sobic.005G144500,GRMZM2G123355
Sobic.003G134900,GRMZM2G123407
Sobic.007G039814,GRMZM2G123411
Sobic.007G039900,GRMZM2G123411
Sobic.003G157900,GRMZM2G123428
Sobic.004G227800,GRMZM2G123452
Sobic.008G191800,GRMZM2G123461
Sobic.008G191700,GRMZM2G123489
Sobic.009G108400,GRMZM2G123503
Sobic.001G008100,GRMZM2G123527
Sobic.001G298800,GRMZM2G123585
Sobic.010G138500,GRMZM2G123604
Sobic.007G059200,GRMZM2G123654
Sobic.005G064600,GRMZM2G123667
Sobic.001G191400,GRMZM2G123791
Sobic.003G097300,GRMZM2G123870
Sobic.001G029400,GRMZM2G123876
Sobic.001G191300,GRMZM2G123884
Sobic.001G191200,GRMZM2G123896
Sobic.003G246800,GRMZM2G123909
Sobic.001G013400,GRMZM2G123920
Sobic.001G016200,GRMZM2G123920
Sobic.006G058000,GRMZM2G123940
Sobic.007G032600,GRMZM2G123963
Sobic.007G033100,GRMZM2G123963
Sobic.003G348400,GRMZM2G123977
Sobic.007G032700,GRMZM2G123981
Sobic.005G194300,GRMZM2G123996
Sobic.004G155200,GRMZM2G124026
Sobic.001G493300,GRMZM2G124042
Sobic.001G493200,GRMZM2G124051
Sobic.003G105500,GRMZM2G124066
Sobic.004G157600,GRMZM2G124070
Sobic.004G298000,GRMZM2G124136
Sobic.001G493001,GRMZM2G124143
Sobic.007G134100,GRMZM2G124203
Sobic.001G385000,GRMZM2G124209
Sobic.007G140100,GRMZM2G124281
Sobic.009G025200,GRMZM2G124297
Sobic.001G229300,GRMZM2G124301
Sobic.007G140200,GRMZM2G124307
Sobic.001G488200,GRMZM2G124353
Sobic.006G275500,GRMZM2G124371
Sobic.004G319900,GRMZM2G124377
Sobic.004G320000,GRMZM2G124416
Sobic.007G195100,GRMZM2G124417
Sobic.001G247600,GRMZM2G124434
Sobic.007G195000,GRMZM2G124436
Sobic.004G320100,GRMZM2G124460
Sobic.006G077400,GRMZM2G124473
Sobic.004G320300,GRMZM2G124477
Sobic.009G002900,GRMZM2G124509
Sobic.001G533700,GRMZM2G124550
Sobic.007G208000,GRMZM2G124557
Sobic.004G358301,GRMZM2G124563
Sobic.005G101400,GRMZM2G124593
Sobic.005G101300,GRMZM2G124644
Sobic.010G161450,GRMZM2G124872
Sobic.009G069500,GRMZM2G124890
Sobic.009G173300,GRMZM2G125034
Sobic.007G019600,GRMZM2G125081
Sobic.001G258200,GRMZM2G125140
Sobic.002G128900,GRMZM2G125175
Sobic.003G233500,GRMZM2G125193
Sobic.003G413900,GRMZM2G125216
Sobic.001G315800,GRMZM2G125266
Sobic.006G188500,GRMZM2G125494
Sobic.002G072700,GRMZM2G125516
Sobic.003G381200,GRMZM2G125531
Sobic.007G148200,GRMZM2G125557
Sobic.001G199500,GRMZM2G125617
Sobic.001G199632,GRMZM2G125649
Sobic.001G199700,GRMZM2G125649
Sobic.006G202500,GRMZM2G125669
Sobic.006G202300,GRMZM2G125704
Sobic.006G202200,GRMZM2G125728
Sobic.001G253700,GRMZM2G125762
Sobic.002G203300,GRMZM2G125853
Sobic.002G203500,GRMZM2G125867
Sobic.002G075600,GRMZM2G125918
Sobic.008G096700,GRMZM2G125931
Sobic.002G051900,GRMZM2G125969
Sobic.009G030800,GRMZM2G125977
Sobic.008G096900,GRMZM2G125985
Sobic.008G097000,GRMZM2G126002
Sobic.009G030701,GRMZM2G126007
Sobic.001G115900,GRMZM2G126032
Sobic.003G348500,GRMZM2G126077
Sobic.009G210600,GRMZM2G126079
Sobic.005G047200,GRMZM2G126148
Sobic.007G018000,GRMZM2G126196
Sobic.001G532501,GRMZM2G126199
Sobic.001G532600,GRMZM2G126218
Sobic.003G235900,GRMZM2G126239
Sobic.003G235800,GRMZM2G126260
Sobic.003G412300,GRMZM2G126266
Sobic.002G217700,GRMZM2G126290
Sobic.004G315500,GRMZM2G126292
Sobic.009G139500,GRMZM2G126302
Sobic.001G090500,GRMZM2G126338
Sobic.003G416800,GRMZM2G126386
Sobic.003G338700,GRMZM2G126397
Sobic.002G185100,GRMZM2G126412
Sobic.002G185200,GRMZM2G126413
Sobic.009G075800,GRMZM2G126435
Sobic.005G207500,GRMZM2G126453
Sobic.003G405500,GRMZM2G126468
Sobic.009G057900,GRMZM2G126484
Sobic.005G207300,GRMZM2G126541
Sobic.005G206700,GRMZM2G126552
Sobic.002G196100,GRMZM2G126566
Sobic.009G075900,GRMZM2G126582
Sobic.005G206500,GRMZM2G126601
Sobic.003G377200,GRMZM2G126664
Sobic.002G389900,GRMZM2G126706
Sobic.004G036100,GRMZM2G126772
Sobic.004G036200,GRMZM2G126772
Sobic.002G389800,GRMZM2G126774
Sobic.002G166500,GRMZM2G126832
Sobic.010G168800,GRMZM2G126900
Sobic.004G163900,GRMZM2G126922
Sobic.003G157600,GRMZM2G126975
Sobic.002G257600,GRMZM2G127015
Sobic.002G372800,GRMZM2G127031
Sobic.003G347560,GRMZM2G127034
Sobic.002G372900,GRMZM2G127035
Sobic.001G309200,GRMZM2G127067
Sobic.004G206600,GRMZM2G127121
Sobic.001G433200,GRMZM2G127123
Sobic.001G357600,GRMZM2G127138
Sobic.001G357650,GRMZM2G127138
Sobic.005G088300,GRMZM2G127143
Sobic.001G357500,GRMZM2G127150
Sobic.009G060100,GRMZM2G127160
Sobic.005G088700,GRMZM2G127162
Sobic.005G088800,GRMZM2G127162
Sobic.003G364800,GRMZM2G127180
Sobic.005G039500,GRMZM2G127230
Sobic.007G064800,GRMZM2G127336
Sobic.009G172500,GRMZM2G127350
Sobic.007G116700,GRMZM2G127361
Sobic.007G116600,GRMZM2G127374
Sobic.008G021800,GRMZM2G127379
Sobic.008G103700,GRMZM2G127386
Sobic.008G021700,GRMZM2G127393
Sobic.007G116500,GRMZM2G127396
Sobic.001G243300,GRMZM2G127421
Sobic.003G296100,GRMZM2G127431
Sobic.001G155500,GRMZM2G127546
Sobic.006G280600,GRMZM2G127581
Sobic.006G280500,GRMZM2G127591
Sobic.005G129201,GRMZM2G127598
Sobic.010G073700,GRMZM2G127609
Sobic.004G240800,GRMZM2G127632
Sobic.001G467800,GRMZM2G127635
Sobic.009G198700,GRMZM2G127648
Sobic.001G116900,GRMZM2G127656
Sobic.009G198800,GRMZM2G127680
Sobic.003G300200,GRMZM2G127695
Sobic.008G150000,GRMZM2G127739
Sobic.003G394200,GRMZM2G127756
Sobic.003G426500,GRMZM2G127789
Sobic.004G265200,GRMZM2G127846
Sobic.010G073900,GRMZM2G127893
Sobic.010G074800,GRMZM2G127909
Sobic.010G074432,GRMZM2G127911
Sobic.010G074500,GRMZM2G127911
Sobic.010G074700,GRMZM2G127911
Sobic.003G361300,GRMZM2G127949
Sobic.004G184900,GRMZM2G127963
Sobic.010G067300,GRMZM2G127990
Sobic.004G055000,GRMZM2G128012
Sobic.001G085900,GRMZM2G128016
Sobic.004G185300,GRMZM2G128029
Sobic.004G185400,GRMZM2G128029
Sobic.010G067500,GRMZM2G128056
Sobic.004G323900,GRMZM2G128131
Sobic.004G178100,GRMZM2G128146
Sobic.003G156400,GRMZM2G128171
Sobic.002G405800,GRMZM2G128176
Sobic.004G178200,GRMZM2G128189
Sobic.001G426200,GRMZM2G128206
Sobic.004G324100,GRMZM2G128214
Sobic.004G178300,GRMZM2G128228
Sobic.002G218900,GRMZM2G128233
Sobic.001G074601,GRMZM2G128256
Sobic.009G174100,GRMZM2G128315
Sobic.004G324900,GRMZM2G128358
Sobic.005G055600,GRMZM2G128426
Sobic.002G161400,GRMZM2G128434
Sobic.001G426300,GRMZM2G128444
Sobic.009G235000,GRMZM2G128477
Sobic.003G306000,GRMZM2G128531
Sobic.001G093000,GRMZM2G128564
Sobic.001G282700,GRMZM2G128641
Sobic.001G455500,GRMZM2G128665
Sobic.003G297800,GRMZM2G128688
Sobic.001G455600,GRMZM2G128744
Sobic.007G094900,GRMZM2G128876
Sobic.004G257700,GRMZM2G128922
Sobic.004G004400,GRMZM2G128929
Sobic.010G269800,GRMZM2G128938
Sobic.004G257800,GRMZM2G128969
Sobic.002G089200,GRMZM2G129092
Sobic.001G201601,GRMZM2G129135
Sobic.004G208700,GRMZM2G129189
Sobic.006G010900,GRMZM2G129208
Sobic.009G051700,GRMZM2G129218
Sobic.009G152000,GRMZM2G129234
Sobic.002G036000,GRMZM2G129246
Sobic.001G201800,GRMZM2G129266
Sobic.009G152200,GRMZM2G129288
Sobic.002G340000,GRMZM2G129311
Sobic.002G340100,GRMZM2G129354
Sobic.003G375700,GRMZM2G129361
Sobic.006G190850,GRMZM2G129386
Sobic.006G190600,GRMZM2G129399
Sobic.001G267100,GRMZM2G129413
Sobic.003G375200,GRMZM2G129444
Sobic.006G190500,GRMZM2G129450
Sobic.010G047700,GRMZM2G129451
Sobic.008G115600,GRMZM2G129457
Sobic.006G117500,GRMZM2G129493
Sobic.007G166200,GRMZM2G129513
Sobic.007G166300,GRMZM2G129513
Sobic.001G174700,GRMZM2G129540
Sobic.004G106000,GRMZM2G129543
Sobic.002G163301,GRMZM2G129646
Sobic.002G163600,GRMZM2G129646
Sobic.001G481600,GRMZM2G129674
Sobic.002G391100,GRMZM2G129761
Sobic.008G029800,GRMZM2G129775
Sobic.008G029850,GRMZM2G129775
Sobic.008G029900,GRMZM2G129775
Sobic.008G030000,GRMZM2G129804
Sobic.007G146700,GRMZM2G129879
Sobic.008G011300,GRMZM2G129907
Sobic.004G191300,GRMZM2G129929
Sobic.008G012300,GRMZM2G129954
Sobic.001G165801,GRMZM2G130016
Sobic.001G166900,GRMZM2G130016
Sobic.008G153400,GRMZM2G130034
Sobic.004G151400,GRMZM2G130046
Sobic.008G012400,GRMZM2G130062
Sobic.006G106400,GRMZM2G130085
Sobic.008G153500,GRMZM2G130095
Sobic.004G274200,GRMZM2G130167
Sobic.010G105500,GRMZM2G130191
Sobic.004G274000,GRMZM2G130213
Sobic.006G126300,GRMZM2G130230
Sobic.005G071500,GRMZM2G130256
Sobic.003G196700,GRMZM2G130305
Sobic.003G196900,GRMZM2G130305
Sobic.003G230200,GRMZM2G130333
Sobic.003G134300,GRMZM2G130348
Sobic.003G197000,GRMZM2G130356
Sobic.003G230400,GRMZM2G130358
Sobic.003G197100,GRMZM2G130375
Sobic.004G056000,GRMZM2G130382
Sobic.005G094900,GRMZM2G130389
Sobic.005G095500,GRMZM2G130389
Sobic.005G095660,GRMZM2G130389
Sobic.004G119700,GRMZM2G130425
Sobic.004G296500,GRMZM2G130432
Sobic.004G237100,GRMZM2G130459
Sobic.004G237200,GRMZM2G130548
Sobic.002G109600,GRMZM2G130651
Sobic.002G109700,GRMZM2G130686
Sobic.002G109800,GRMZM2G130686
Sobic.002G109900,GRMZM2G130686
Sobic.009G013800,GRMZM2G130699
Sobic.009G164900,GRMZM2G130746
Sobic.009G072700,GRMZM2G130749
Sobic.003G093400,GRMZM2G130868
Sobic.002G424200,GRMZM2G130950
Sobic.002G260400,GRMZM2G130959
Sobic.001G156200,GRMZM2G131012
Sobic.003G129800,GRMZM2G131024
Sobic.003G275900,GRMZM2G131099
Sobic.008G040700,GRMZM2G131120
Sobic.007G142100,GRMZM2G131165
Sobic.007G142200,GRMZM2G131165
Sobic.002G366800,GRMZM2G131167
Sobic.006G082000,GRMZM2G131177
Sobic.006G082100,GRMZM2G131202
Sobic.007G141200,GRMZM2G131205
Sobic.002G366100,GRMZM2G131243
Sobic.002G366200,GRMZM2G131243
Sobic.007G142700,GRMZM2G131266
Sobic.002G302800,GRMZM2G131275
Sobic.002G260800,GRMZM2G131281
Sobic.006G095200,GRMZM2G131321
Sobic.003G353000,GRMZM2G131347
Sobic.005G216900,GRMZM2G131409
Sobic.007G141100,GRMZM2G131434
Sobic.005G217200,GRMZM2G131442
Sobic.006G095100,GRMZM2G131448
Sobic.001G278800,GRMZM2G131476
Sobic.010G139000,GRMZM2G131482
Sobic.002G159100,GRMZM2G131489
Sobic.001G204300,GRMZM2G131591
Sobic.006G013100,GRMZM2G131597
Sobic.009G060700,GRMZM2G131609
Sobic.009G060800,GRMZM2G131650
Sobic.001G216300,GRMZM2G131683
Sobic.009G155800,GRMZM2G131733
Sobic.004G193900,GRMZM2G131746
Sobic.009G061400,GRMZM2G131749
Sobic.001G203500,GRMZM2G131817
Sobic.010G246300,GRMZM2G131822
Sobic.010G156601,GRMZM2G131850
Sobic.008G148101,GRMZM2G131897
Sobic.006G014400,GRMZM2G131912
Sobic.007G138800,GRMZM2G131937
Sobic.010G278700,GRMZM2G131988
Sobic.001G517100,GRMZM2G132019
Sobic.008G135500,GRMZM2G132077
Sobic.002G274100,GRMZM2G132101
Sobic.008G072300,GRMZM2G132140
Sobic.005G173532,GRMZM2G132162
Sobic.009G203600,GRMZM2G132212
Sobic.008G055100,GRMZM2G132273
Sobic.010G270800,GRMZM2G132331
Sobic.010G270900,GRMZM2G132331
Sobic.008G144000,GRMZM2G132450
Sobic.008G144300,GRMZM2G132450
Sobic.009G121900,GRMZM2G132461
Sobic.003G122500,GRMZM2G132465
Sobic.009G121600,GRMZM2G132478
Sobic.003G419300,GRMZM2G132509
Sobic.002G051700,GRMZM2G132568
Sobic.007G211800,GRMZM2G132607
Sobic.007G211700,GRMZM2G132623
Sobic.004G098200,GRMZM2G132632
Sobic.004G098300,GRMZM2G132632
Sobic.007G200400,GRMZM2G132667
Sobic.001G316400,GRMZM2G132690
Sobic.003G086600,GRMZM2G132693
Sobic.007G211600,GRMZM2G132704
Sobic.004G191000,GRMZM2G132706
Sobic.004G191100,GRMZM2G132706
Sobic.007G200500,GRMZM2G132712
Sobic.007G211500,GRMZM2G132748
Sobic.010G156800,GRMZM2G132751
Sobic.007G212000,GRMZM2G132763
Sobic.006G171400,GRMZM2G132774
Sobic.006G170200,GRMZM2G132777
Sobic.001G327900,GRMZM2G132794
Sobic.010G138900,GRMZM2G132847
Sobic.005G038400,GRMZM2G132880
Sobic.001G282900,GRMZM2G132898
Sobic.003G118500,GRMZM2G132913
Sobic.003G118600,GRMZM2G132913
Sobic.009G242400,GRMZM2G132929
Sobic.005G038500,GRMZM2G132956
Sobic.001G118900,GRMZM2G132958
Sobic.001G057700,GRMZM2G132971
Sobic.009G106800,GRMZM2G132995
Sobic.009G106900,GRMZM2G132995
Sobic.009G106960,GRMZM2G132995
Sobic.009G106700,GRMZM2G133006
Sobic.006G152000,GRMZM2G133012
Sobic.009G137900,GRMZM2G133021
Sobic.001G057600,GRMZM2G133023
Sobic.003G120800,GRMZM2G133028
Sobic.009G106400,GRMZM2G133032
Sobic.004G039300,GRMZM2G133048
Sobic.010G125100,GRMZM2G133050
Sobic.002G242800,GRMZM2G133057
Sobic.002G237100,GRMZM2G133113
Sobic.003G028600,GRMZM2G133121
Sobic.003G333800,GRMZM2G133213
Sobic.010G256800,GRMZM2G133262
Sobic.010G257000,GRMZM2G133262
Sobic.002G401400,GRMZM2G133275
Sobic.003G365800,GRMZM2G133291
Sobic.003G365900,GRMZM2G133311
Sobic.002G401100,GRMZM2G133358
Sobic.003G333700,GRMZM2G133359
Sobic.002G122600,GRMZM2G133396
Sobic.003G398200,GRMZM2G133398
Sobic.007G160300,GRMZM2G133413
Sobic.010G245500,GRMZM2G133434
Sobic.007G056900,GRMZM2G133512
Sobic.007G030900,GRMZM2G133529
Sobic.001G445800,GRMZM2G133573
Sobic.008G079200,GRMZM2G133588
Sobic.002G222800,GRMZM2G133613
Sobic.001G134900,GRMZM2G133633
Sobic.001G097500,GRMZM2G133652
Sobic.005G177800,GRMZM2G133675
Sobic.001G097400,GRMZM2G133749
Sobic.005G177700,GRMZM2G133756
Sobic.004G357000,GRMZM2G133764
Sobic.005G177100,GRMZM2G133781
Sobic.005G177400,GRMZM2G133781
Sobic.005G177500,GRMZM2G133781
Sobic.005G177600,GRMZM2G133781
Sobic.002G280100,GRMZM2G133819
Sobic.004G356700,GRMZM2G133919
Sobic.001G320200,GRMZM2G133943
Sobic.001G374900,GRMZM2G133978
Sobic.001G374800,GRMZM2G133986
Sobic.002G331700,GRMZM2G134047
Sobic.001G013800,GRMZM2G134054
Sobic.004G356400,GRMZM2G134067
Sobic.003G110600,GRMZM2G134178
Sobic.003G110700,GRMZM2G134182
Sobic.003G110800,GRMZM2G134192
Sobic.003G111000,GRMZM2G134192
Sobic.006G065400,GRMZM2G134235
Sobic.001G453600,GRMZM2G134251
Sobic.002G430300,GRMZM2G134284
Sobic.005G143900,GRMZM2G134313
Sobic.002G429800,GRMZM2G134341
Sobic.010G137300,GRMZM2G134382
Sobic.010G137400,GRMZM2G134382
Sobic.002G429700,GRMZM2G134396
Sobic.004G103600,GRMZM2G134402
Sobic.004G070400,GRMZM2G134439
Sobic.002G428800,GRMZM2G134480
Sobic.002G185600,GRMZM2G134496
Sobic.003G198200,GRMZM2G134628
Sobic.001G372700,GRMZM2G134671
Sobic.002G307600,GRMZM2G134711
Sobic.002G307400,GRMZM2G134716
Sobic.002G307500,GRMZM2G134716
Sobic.001G222600,GRMZM2G134747
Sobic.002G306900,GRMZM2G134797
Sobic.009G196001,GRMZM2G134846
Sobic.001G152000,GRMZM2G134982
Sobic.005G117100,GRMZM2G135019
Sobic.003G317500,GRMZM2G135027
Sobic.002G306800,GRMZM2G135029
Sobic.010G004200,GRMZM2G135044
Sobic.008G131100,GRMZM2G135045
Sobic.010G004300,GRMZM2G135052
Sobic.002G057400,GRMZM2G135062
Sobic.009G055300,GRMZM2G135108
Sobic.009G150000,GRMZM2G135165
Sobic.009G150500,GRMZM2G135165
Sobic.004G283500,GRMZM2G135175
Sobic.001G003300,GRMZM2G135199
Sobic.001G097100,GRMZM2G135283
Sobic.004G299700,GRMZM2G135291
Sobic.001G404900,GRMZM2G135337
Sobic.002G426100,GRMZM2G135341
Sobic.001G405000,GRMZM2G135359
Sobic.004G299850,GRMZM2G135385
Sobic.006G121500,GRMZM2G135387
Sobic.006G121600,GRMZM2G135387
Sobic.006G121800,GRMZM2G135387
Sobic.006G122000,GRMZM2G135387
Sobic.006G121400,GRMZM2G135396
Sobic.002G226700,GRMZM2G135400
Sobic.006G121300,GRMZM2G135410
Sobic.002G226800,GRMZM2G135444
Sobic.001G075101,GRMZM2G135447
Sobic.010G068700,GRMZM2G135476
Sobic.010G074600,GRMZM2G135501
Sobic.010G257700,GRMZM2G135570
Sobic.010G257800,GRMZM2G135570
Sobic.010G257900,GRMZM2G135570
Sobic.007G191900,GRMZM2G135617
Sobic.002G294800,GRMZM2G135651
Sobic.010G251700,GRMZM2G135674
Sobic.004G138800,GRMZM2G135691
Sobic.003G367000,GRMZM2G135713
Sobic.002G004900,GRMZM2G135739
Sobic.002G214900,GRMZM2G135763
Sobic.002G277200,GRMZM2G135782
Sobic.002G004800,GRMZM2G135808
Sobic.004G183600,GRMZM2G135816
Sobic.001G338800,GRMZM2G135834
Sobic.002G004600,GRMZM2G135839
Sobic.001G204200,GRMZM2G135849
Sobic.001G446800,GRMZM2G135877
Sobic.001G334200,GRMZM2G135913
Sobic.006G085100,GRMZM2G135935
Sobic.010G087500,GRMZM2G135960
Sobic.010G087600,GRMZM2G135960
Sobic.010G087700,GRMZM2G135960
Sobic.010G087800,GRMZM2G135960
Sobic.001G393700,GRMZM2G135968
Sobic.006G084800,GRMZM2G136023
Sobic.006G084900,GRMZM2G136023
Sobic.010G087900,GRMZM2G136032
Sobic.001G495600,GRMZM2G136081
Sobic.003G148400,GRMZM2G136106
Sobic.009G091000,GRMZM2G136170
Sobic.009G226800,GRMZM2G136219
Sobic.008G168200,GRMZM2G136237
Sobic.001G413800,GRMZM2G136268
Sobic.004G160700,GRMZM2G136296
Sobic.007G226500,GRMZM2G136313
Sobic.009G030400,GRMZM2G136341
Sobic.007G226000,GRMZM2G136347
Sobic.007G115400,GRMZM2G136353
Sobic.006G074200,GRMZM2G136364
Sobic.006G074300,GRMZM2G136364
Sobic.007G225800,GRMZM2G136366
Sobic.007G115100,GRMZM2G136426
Sobic.007G115200,GRMZM2G136426
Sobic.007G159900,GRMZM2G136443
Sobic.007G190200,GRMZM2G136453
Sobic.009G003900,GRMZM2G136455
Sobic.006G157900,GRMZM2G136486
Sobic.002G401800,GRMZM2G136522
Sobic.007G192300,GRMZM2G136534
Sobic.004G061800,GRMZM2G136599
Sobic.003G435100,GRMZM2G136635
Sobic.003G315700,GRMZM2G136665
Sobic.007G027000,GRMZM2G136680
Sobic.003G315600,GRMZM2G136710
Sobic.002G406700,GRMZM2G136794
Sobic.002G407000,GRMZM2G136803
Sobic.003G420300,GRMZM2G136830
Sobic.010G095800,GRMZM2G136831
Sobic.010G008900,GRMZM2G136838
Sobic.009G000900,GRMZM2G136857
Sobic.001G528300,GRMZM2G136859
Sobic.010G268900,GRMZM2G136879
Sobic.002G367900,GRMZM2G136884
Sobic.008G049200,GRMZM2G136910
Sobic.002G368000,GRMZM2G136918
Sobic.003G044600,GRMZM2G136977
Sobic.003G156900,GRMZM2G137037
Sobic.004G085600,GRMZM2G137046
Sobic.002G406400,GRMZM2G137064
Sobic.002G246400,GRMZM2G137077
Sobic.009G153800,GRMZM2G137118
Sobic.002G246200,GRMZM2G137139
Sobic.009G135500,GRMZM2G137151
Sobic.006G106700,GRMZM2G137161
Sobic.003G389400,GRMZM2G137174
Sobic.002G246000,GRMZM2G137211
Sobic.001G519000,GRMZM2G137312
Sobic.001G051600,GRMZM2G137321
Sobic.001G535600,GRMZM2G137329
Sobic.001G051400,GRMZM2G137338
Sobic.004G283201,GRMZM2G137341
Sobic.001G535400,GRMZM2G137352
Sobic.001G051300,GRMZM2G137358
Sobic.001G518900,GRMZM2G137374
Sobic.004G207700,GRMZM2G137375
Sobic.004G207500,GRMZM2G137399
Sobic.004G207600,GRMZM2G137399
Sobic.004G207800,GRMZM2G137399
Sobic.004G207400,GRMZM2G137409
Sobic.004G207200,GRMZM2G137426
Sobic.009G119300,GRMZM2G137498
Sobic.004G072400,GRMZM2G137507
Sobic.008G103500,GRMZM2G137510
Sobic.009G119200,GRMZM2G137535
Sobic.006G265700,GRMZM2G137566
Sobic.006G265800,GRMZM2G137574
Sobic.005G036500,GRMZM2G137710
Sobic.007G214300,GRMZM2G137861
Sobic.007G213700,GRMZM2G137868
Sobic.006G017900,GRMZM2G137883
Sobic.006G018000,GRMZM2G137883
Sobic.001G104600,GRMZM2G137891
Sobic.007G006800,GRMZM2G137894
Sobic.009G016000,GRMZM2G137930
Sobic.003G216700,GRMZM2G137961
Sobic.001G005800,GRMZM2G137968
Sobic.002G167500,GRMZM2G137971
Sobic.002G367600,GRMZM2G138008
Sobic.002G167400,GRMZM2G138012
Sobic.001G005900,GRMZM2G138053
Sobic.009G192100,GRMZM2G138067
Sobic.003G327800,GRMZM2G138074
Sobic.009G192200,GRMZM2G138076
Sobic.003G122400,GRMZM2G138097
Sobic.001G434400,GRMZM2G138103
Sobic.006G281400,GRMZM2G138125
Sobic.003G287400,GRMZM2G138152
Sobic.003G377800,GRMZM2G138161
Sobic.010G172200,GRMZM2G138248
Sobic.003G431900,GRMZM2G138258
Sobic.001G044300,GRMZM2G138340
Sobic.004G081100,GRMZM2G138349
Sobic.004G190300,GRMZM2G138365
Sobic.004G190400,GRMZM2G138365
Sobic.010G155300,GRMZM2G138370
Sobic.004G102800,GRMZM2G138423
Sobic.007G190000,GRMZM2G138425
Sobic.006G055700,GRMZM2G138431
Sobic.002G003500,GRMZM2G138450
Sobic.002G003601,GRMZM2G138450
Sobic.001G252800,GRMZM2G138455
Sobic.007G125700,GRMZM2G138475
Sobic.004G060400,GRMZM2G138516
Sobic.004G060500,GRMZM2G138527
Sobic.002G211501,GRMZM2G138689
Sobic.002G260100,GRMZM2G138693
Sobic.006G130400,GRMZM2G138731
Sobic.006G130501,GRMZM2G138731
Sobic.006G130600,GRMZM2G138731
Sobic.003G048200,GRMZM2G138750
Sobic.003G362000,GRMZM2G138888
Sobic.005G168600,GRMZM2G138907
Sobic.005G010500,GRMZM2G138936
Sobic.002G081900,GRMZM2G138943
Sobic.005G010100,GRMZM2G138949
Sobic.005G150600,GRMZM2G138964
Sobic.007G086900,GRMZM2G138997
Sobic.006G128800,GRMZM2G139022
Sobic.004G175300,GRMZM2G139031
Sobic.004G175200,GRMZM2G139035
Sobic.010G215100,GRMZM2G139082
Sobic.008G124700,GRMZM2G139085
Sobic.001G029100,GRMZM2G139123
Sobic.009G244600,GRMZM2G139174
Sobic.009G244800,GRMZM2G139199
Sobic.002G300700,GRMZM2G139210
Sobic.001G038300,GRMZM2G139250
Sobic.004G166700,GRMZM2G139300
Sobic.007G139300,GRMZM2G139355
Sobic.007G139500,GRMZM2G139360
Sobic.010G135700,GRMZM2G139406
Sobic.010G135800,GRMZM2G139406
Sobic.005G100900,GRMZM2G139441
Sobic.006G169500,GRMZM2G139463
Sobic.005G100800,GRMZM2G139533
Sobic.004G202300,GRMZM2G139614
Sobic.003G408800,GRMZM2G139617
Sobic.002G116100,GRMZM2G139639
Sobic.004G074300,GRMZM2G139650
Sobic.007G166400,GRMZM2G139683
Sobic.004G032400,GRMZM2G139689
Sobic.003G331000,GRMZM2G139691
Sobic.007G166500,GRMZM2G139695
Sobic.003G330900,GRMZM2G139710
Sobic.001G186300,GRMZM2G139744
Sobic.005G064000,GRMZM2G139760
Sobic.004G227300,GRMZM2G139773
Sobic.006G119600,GRMZM2G139811
Sobic.005G204700,GRMZM2G139828
Sobic.001G502700,GRMZM2G139834
Sobic.004G227100,GRMZM2G139837
Sobic.006G119900,GRMZM2G139846
Sobic.001G470200,GRMZM2G139852
Sobic.005G205000,GRMZM2G139872
Sobic.001G341700,GRMZM2G139878
Sobic.003G147500,GRMZM2G139892
Sobic.005G110523,GRMZM2G139894
Sobic.005G110535,GRMZM2G139894
Sobic.004G296300,GRMZM2G139920
Sobic.004G296400,GRMZM2G139920
Sobic.002G313900,GRMZM2G139931
Sobic.010G203300,GRMZM2G139973
Sobic.005G029000,GRMZM2G140011
Sobic.003G068000,GRMZM2G140032
Sobic.004G242700,GRMZM2G140070
Sobic.010G203200,GRMZM2G140082
Sobic.005G029600,GRMZM2G140094
Sobic.009G106100,GRMZM2G140170
Sobic.003G293800,GRMZM2G140201
Sobic.002G383400,GRMZM2G140288
Sobic.002G383500,GRMZM2G140293
Sobic.001G396000,GRMZM2G140432
Sobic.010G236100,GRMZM2G140443
Sobic.003G290500,GRMZM2G140455
Sobic.002G230500,GRMZM2G140559
Sobic.004G117300,GRMZM2G140582
Sobic.009G166600,GRMZM2G140587
Sobic.001G177200,GRMZM2G140594
Sobic.004G240700,GRMZM2G140635
Sobic.004G301100,GRMZM2G140669
Sobic.010G046300,GRMZM2G140689
Sobic.009G181200,GRMZM2G140721
Sobic.008G103300,GRMZM2G140737
Sobic.009G181300,GRMZM2G140752
Sobic.002G282400,GRMZM2G140758
Sobic.009G181400,GRMZM2G140763
Sobic.009G181800,GRMZM2G140817
Sobic.002G282800,GRMZM2G140824
Sobic.002G282900,GRMZM2G140824
Sobic.001G363700,GRMZM2G140915
Sobic.009G184100,GRMZM2G140932
Sobic.001G363200,GRMZM2G140989
Sobic.001G451100,GRMZM2G140991
Sobic.009G024200,GRMZM2G140998
Sobic.007G057500,GRMZM2G141071
Sobic.003G369400,GRMZM2G141185
Sobic.009G136200,GRMZM2G141202
Sobic.009G136000,GRMZM2G141208
Sobic.007G122400,GRMZM2G141214
Sobic.002G206400,GRMZM2G141219
Sobic.010G201700,GRMZM2G141241
Sobic.009G236400,GRMZM2G141252
Sobic.002G385700,GRMZM2G141289
Sobic.010G048200,GRMZM2G141303
Sobic.010G048300,GRMZM2G141303
Sobic.007G211900,GRMZM2G141320
Sobic.002G385500,GRMZM2G141322
Sobic.002G385601,GRMZM2G141322
Sobic.001G161800,GRMZM2G141332
Sobic.003G342100,GRMZM2G141350
Sobic.003G342200,GRMZM2G141350
Sobic.003G342300,GRMZM2G141350
Sobic.010G171800,GRMZM2G141376
Sobic.010G171900,GRMZM2G141376
Sobic.001G161900,GRMZM2G141379
Sobic.003G341800,GRMZM2G141392
Sobic.007G068200,GRMZM2G141399
Sobic.004G223900,GRMZM2G141411
Sobic.001G062200,GRMZM2G141460
Sobic.001G105800,GRMZM2G141472
Sobic.002G027600,GRMZM2G141517
Sobic.005G146300,GRMZM2G141584
Sobic.003G390400,GRMZM2G141600
Sobic.007G158200,GRMZM2G141607
Sobic.001G499400,GRMZM2G141624
Sobic.003G390500,GRMZM2G141632
Sobic.007G158300,GRMZM2G141634
Sobic.001G499300,GRMZM2G141636
Sobic.003G390600,GRMZM2G141638
Sobic.004G314700,GRMZM2G141642
Sobic.003G035900,GRMZM2G141665
Sobic.002G184400,GRMZM2G141679
Sobic.007G116100,GRMZM2G141707
Sobic.009G199800,GRMZM2G141731
Sobic.009G101300,GRMZM2G141760
Sobic.009G200100,GRMZM2G141762
Sobic.009G071700,GRMZM2G141776
Sobic.007G205800,GRMZM2G141784
Sobic.001G424300,GRMZM2G141799
Sobic.009G060300,GRMZM2G141810
Sobic.009G259900,GRMZM2G141818
Sobic.004G021400,GRMZM2G141911
Sobic.009G260000,GRMZM2G141925
Sobic.002G117400,GRMZM2G141941
Sobic.009G254600,GRMZM2G141999
Sobic.009G254700,GRMZM2G141999
Sobic.010G245300,GRMZM2G142011
Sobic.008G052300,GRMZM2G142019
Sobic.002G035200,GRMZM2G142063
Sobic.009G254500,GRMZM2G142068
Sobic.010G245200,GRMZM2G142093
Sobic.001G027600,GRMZM2G142097
Sobic.006G080000,GRMZM2G142111
Sobic.002G296100,GRMZM2G142150
Sobic.003G251000,GRMZM2G142207
Sobic.003G251200,GRMZM2G142207
Sobic.009G192800,GRMZM2G142217
Sobic.007G119800,GRMZM2G142249
Sobic.003G410900,GRMZM2G142315
Sobic.005G139600,GRMZM2G142342
Sobic.005G139400,GRMZM2G142344
Sobic.007G194900,GRMZM2G142357
Sobic.007G194700,GRMZM2G142383
Sobic.001G341600,GRMZM2G142390
Sobic.003G042100,GRMZM2G142413
Sobic.001G487100,GRMZM2G142557
Sobic.007G068000,GRMZM2G142565
Sobic.006G179000,GRMZM2G142664
Sobic.002G029700,GRMZM2G142721
Sobic.010G188900,GRMZM2G142735
Sobic.002G181000,GRMZM2G142740
Sobic.005G026600,GRMZM2G142777
Sobic.005G026800,GRMZM2G142777
Sobic.004G244300,GRMZM2G142779
Sobic.002G206200,GRMZM2G142873
Sobic.002G205600,GRMZM2G142875
Sobic.003G200100,GRMZM2G142913
Sobic.002G206100,GRMZM2G142918
Sobic.002G206000,GRMZM2G142924
Sobic.007G152300,GRMZM2G142962
Sobic.001G353600,GRMZM2G143086
Sobic.001G122100,GRMZM2G143160
Sobic.003G030700,GRMZM2G143165
Sobic.001G308200,GRMZM2G143202
Sobic.001G084000,GRMZM2G143204
Sobic.003G030600,GRMZM2G143235
Sobic.003G030500,GRMZM2G143246
Sobic.002G113600,GRMZM2G143253
Sobic.003G232800,GRMZM2G143328
Sobic.010G190900,GRMZM2G143377
Sobic.004G080300,GRMZM2G143433
Sobic.002G186600,GRMZM2G143494
Sobic.002G186800,GRMZM2G143494
Sobic.006G173700,GRMZM2G143512
Sobic.004G315300,GRMZM2G143535
Sobic.007G071200,GRMZM2G143568
Sobic.001G521100,GRMZM2G143588
Sobic.001G280700,GRMZM2G143625
Sobic.004G344500,GRMZM2G143627
Sobic.007G015300,GRMZM2G143646
Sobic.004G344800,GRMZM2G143651
Sobic.010G173000,GRMZM2G143688
Sobic.009G194801,GRMZM2G143714
Sobic.009G165100,GRMZM2G143745
Sobic.008G107800,GRMZM2G143788
Sobic.009G070200,GRMZM2G143817
Sobic.001G292800,GRMZM2G143858
Sobic.001G221200,GRMZM2G143883
Sobic.007G173800,GRMZM2G143917
Sobic.002G088600,GRMZM2G144002
Sobic.002G257100,GRMZM2G144034
Sobic.008G043700,GRMZM2G144051
Sobic.004G085100,GRMZM2G144081
Sobic.006G173800,GRMZM2G144083
Sobic.004G284600,GRMZM2G144097
Sobic.001G533500,GRMZM2G144101
Sobic.010G197400,GRMZM2G144142
Sobic.001G281300,GRMZM2G144155
Sobic.004G204200,GRMZM2G144166
Sobic.001G533600,GRMZM2G144197
Sobic.010G027700,GRMZM2G144421
Sobic.007G123900,GRMZM2G144547
Sobic.010G118900,GRMZM2G144610
Sobic.003G039900,GRMZM2G144615
Sobic.002G046300,GRMZM2G144645
Sobic.003G039700,GRMZM2G144668
Sobic.002G046900,GRMZM2G144705
Sobic.001G230700,GRMZM2G144782
Sobic.001G142300,GRMZM2G144813
Sobic.001G371000,GRMZM2G144868
Sobic.007G018500,GRMZM2G144873
Sobic.005G146900,GRMZM2G144911
Sobic.002G406200,GRMZM2G144950
Sobic.003G302400,GRMZM2G144960
Sobic.001G387900,GRMZM2G144997
Sobic.001G388000,GRMZM2G145008
Sobic.001G388200,GRMZM2G145024
Sobic.010G275700,GRMZM2G145041
Sobic.002G111000,GRMZM2G145063
Sobic.001G319500,GRMZM2G145069
Sobic.001G319600,GRMZM2G145069
Sobic.001G319700,GRMZM2G145069
Sobic.006G148400,GRMZM2G145075
Sobic.006G148500,GRMZM2G145075
Sobic.010G275500,GRMZM2G145088
Sobic.004G353600,GRMZM2G145107
Sobic.010G275400,GRMZM2G145112
Sobic.007G052000,GRMZM2G145123
Sobic.007G052201,GRMZM2G145123
Sobic.004G354000,GRMZM2G145128
Sobic.007G051900,GRMZM2G145130
Sobic.004G354400,GRMZM2G145133
Sobic.004G354600,GRMZM2G145133
Sobic.002G229900,GRMZM2G145152
Sobic.005G183200,GRMZM2G145213
Sobic.006G056400,GRMZM2G145407
Sobic.004G070900,GRMZM2G145444
Sobic.003G124300,GRMZM2G145449
Sobic.004G356000,GRMZM2G145473
Sobic.004G356200,GRMZM2G145482
Sobic.004G356300,GRMZM2G145504
Sobic.009G237800,GRMZM2G145527
Sobic.009G237900,GRMZM2G145552
Sobic.008G104200,GRMZM2G145578
Sobic.002G020400,GRMZM2G145633
Sobic.003G418600,GRMZM2G145715
Sobic.010G115600,GRMZM2G145720
Sobic.005G229000,GRMZM2G145725
Sobic.003G338200,GRMZM2G145753
Sobic.006G100600,GRMZM2G145758
Sobic.006G262900,GRMZM2G145775
Sobic.003G418700,GRMZM2G145814
Sobic.006G263000,GRMZM2G145816
Sobic.006G263100,GRMZM2G145825
Sobic.003G418900,GRMZM2G145840
Sobic.007G086600,GRMZM2G145870
Sobic.004G165700,GRMZM2G145958
Sobic.006G179800,GRMZM2G145968
Sobic.001G088600,GRMZM2G145974
Sobic.001G088500,GRMZM2G146000
Sobic.001G083500,GRMZM2G146015
Sobic.003G022400,GRMZM2G146089
Sobic.007G118000,GRMZM2G146111
Sobic.007G071700,GRMZM2G146115
Sobic.003G022500,GRMZM2G146130
Sobic.009G162300,GRMZM2G146152
Sobic.009G162800,GRMZM2G146152
Sobic.003G022600,GRMZM2G146161
Sobic.005G211500,GRMZM2G146192
Sobic.009G162900,GRMZM2G146219
Sobic.005G035300,GRMZM2G146222
Sobic.002G196500,GRMZM2G146225
Sobic.002G293500,GRMZM2G146240
Sobic.003G416300,GRMZM2G146246
Sobic.007G117800,GRMZM2G146278
Sobic.010G130900,GRMZM2G146308
Sobic.010G069200,GRMZM2G146315
Sobic.002G123200,GRMZM2G146331
Sobic.004G027000,GRMZM2G146354
Sobic.010G069400,GRMZM2G146358
Sobic.002G123100,GRMZM2G146463
Sobic.003G425701,GRMZM2G146475
Sobic.003G426200,GRMZM2G146475
Sobic.001G178300,GRMZM2G146486
Sobic.010G033600,GRMZM2G146490
Sobic.005G036900,GRMZM2G146502
Sobic.004G122000,GRMZM2G146511
Sobic.005G024200,GRMZM2G146553
Sobic.001G153200,GRMZM2G146616
Sobic.003G036700,GRMZM2G146644
Sobic.002G173300,GRMZM2G146665
Sobic.002G206300,GRMZM2G146673
Sobic.004G104700,GRMZM2G146677
Sobic.003G055400,GRMZM2G146740
Sobic.009G059600,GRMZM2G146750
Sobic.004G104800,GRMZM2G146794
Sobic.001G178600,GRMZM2G146819
Sobic.006G192900,GRMZM2G146866
Sobic.003G264700,GRMZM2G146878
Sobic.003G264600,GRMZM2G146887
Sobic.003G264500,GRMZM2G146913
Sobic.004G122200,GRMZM2G147172
Sobic.002G226900,GRMZM2G147191
Sobic.002G227000,GRMZM2G147191
Sobic.010G023600,GRMZM2G147319
Sobic.004G156800,GRMZM2G147335
Sobic.001G219200,GRMZM2G147346
Sobic.001G251800,GRMZM2G147402
Sobic.001G206400,GRMZM2G147418
Sobic.002G276700,GRMZM2G147454
Sobic.004G059400,GRMZM2G147614
Sobic.006G080300,GRMZM2G147619
Sobic.007G108400,GRMZM2G147629
Sobic.006G080400,GRMZM2G147667
Sobic.007G065000,GRMZM2G147683
Sobic.006G080500,GRMZM2G147685
Sobic.001G358900,GRMZM2G147698
Sobic.003G229000,GRMZM2G147752
Sobic.003G229100,GRMZM2G147774
Sobic.006G269800,GRMZM2G147854
Sobic.010G199800,GRMZM2G147856
Sobic.006G119200,GRMZM2G147884
Sobic.004G086100,GRMZM2G147894
Sobic.001G099200,GRMZM2G147900
Sobic.001G099300,GRMZM2G147917
Sobic.001G482500,GRMZM2G147920
Sobic.001G439800,GRMZM2G147942
Sobic.009G139300,GRMZM2G147961
Sobic.002G214200,GRMZM2G147966
Sobic.004G068600,GRMZM2G148052
Sobic.002G123400,GRMZM2G148056
Sobic.010G168400,GRMZM2G148060
Sobic.007G097700,GRMZM2G148078
Sobic.010G027200,GRMZM2G148106
Sobic.002G400600,GRMZM2G148176
Sobic.005G098300,GRMZM2G148188
Sobic.006G119300,GRMZM2G148211
Sobic.002G394200,GRMZM2G148249
Sobic.002G318100,GRMZM2G148272
Sobic.002G318200,GRMZM2G148272
Sobic.004G216600,GRMZM2G148387
Sobic.010G155500,GRMZM2G148400
Sobic.008G041900,GRMZM2G148404
Sobic.008G041700,GRMZM2G148411
Sobic.003G224000,GRMZM2G148532
Sobic.002G008200,GRMZM2G148605
Sobic.002G008300,GRMZM2G148605
Sobic.007G195201,GRMZM2G148648
Sobic.010G177300,GRMZM2G148702
Sobic.009G056200,GRMZM2G148709
Sobic.003G004600,GRMZM2G148723
Sobic.004G063200,GRMZM2G148772
Sobic.010G231200,GRMZM2G148790
Sobic.010G231300,GRMZM2G148807
Sobic.009G056300,GRMZM2G148810
Sobic.010G109600,GRMZM2G148811
Sobic.001G482100,GRMZM2G148855
Sobic.002G299900,GRMZM2G148864
Sobic.007G162200,GRMZM2G148867
Sobic.010G181300,GRMZM2G148872
Sobic.007G033300,GRMZM2G148884
Sobic.007G033400,GRMZM2G148884
Sobic.001G234300,GRMZM2G148908
Sobic.001G324800,GRMZM2G148925
Sobic.010G181200,GRMZM2G148940
Sobic.005G213400,GRMZM2G148941
Sobic.001G138200,GRMZM2G149024
Sobic.002G418100,GRMZM2G149040
Sobic.002G239900,GRMZM2G149073
Sobic.002G240000,GRMZM2G149073
Sobic.002G240200,GRMZM2G149073
Sobic.002G240300,GRMZM2G149073
Sobic.005G120700,GRMZM2G149108
Sobic.004G150200,GRMZM2G149115
Sobic.010G062400,GRMZM2G149126
Sobic.010G048000,GRMZM2G149130
Sobic.010G048700,GRMZM2G149130
Sobic.010G049300,GRMZM2G149130
Sobic.010G062500,GRMZM2G149132
Sobic.004G213500,GRMZM2G149189
Sobic.007G092400,GRMZM2G149216
Sobic.001G343000,GRMZM2G149224
Sobic.001G509000,GRMZM2G149254
Sobic.002G167600,GRMZM2G149295
Sobic.001G113700,GRMZM2G149315
Sobic.009G241600,GRMZM2G149347
Sobic.001G340600,GRMZM2G149383
Sobic.007G172300,GRMZM2G149414
Sobic.007G172500,GRMZM2G149442
Sobic.001G232200,GRMZM2G149446
Sobic.001G232500,GRMZM2G149446
Sobic.004G311000,GRMZM2G149452
Sobic.007G202700,GRMZM2G149474
Sobic.007G202800,GRMZM2G149480
Sobic.001G439000,GRMZM2G149481
Sobic.008G116300,GRMZM2G149534
Sobic.007G124400,GRMZM2G149553
Sobic.006G065100,GRMZM2G149567
Sobic.001G106600,GRMZM2G149576
Sobic.003G128800,GRMZM2G149605
Sobic.003G368400,GRMZM2G149617
Sobic.002G268000,GRMZM2G149619
Sobic.001G438000,GRMZM2G149647
Sobic.006G201500,GRMZM2G149649
Sobic.001G094600,GRMZM2G149681
Sobic.008G178800,GRMZM2G149751
Sobic.003G369100,GRMZM2G149756
Sobic.007G036700,GRMZM2G149786
Sobic.003G369200,GRMZM2G149802
Sobic.003G401800,GRMZM2G149837
Sobic.004G177100,GRMZM2G149865
Sobic.004G316100,GRMZM2G149869
Sobic.007G079700,GRMZM2G149894
Sobic.001G278700,GRMZM2G149903
Sobic.001G094400,GRMZM2G149923
Sobic.004G316000,GRMZM2G149930
Sobic.006G266400,GRMZM2G149940
Sobic.001G188700,GRMZM2G149946
Sobic.007G080100,GRMZM2G149969
Sobic.006G266800,GRMZM2G149996
Sobic.001G188600,GRMZM2G150030
Sobic.002G058000,GRMZM2G150091
Sobic.004G257300,GRMZM2G150172
Sobic.001G221700,GRMZM2G150179
Sobic.009G054301,GRMZM2G150187
Sobic.003G231800,GRMZM2G150260
Sobic.003G231600,GRMZM2G150280
Sobic.006G141700,GRMZM2G150295
Sobic.004G268600,GRMZM2G150374
Sobic.004G268800,GRMZM2G150374
Sobic.010G116400,GRMZM2G150406
Sobic.006G251200,GRMZM2G150468
Sobic.003G248500,GRMZM2G150631
Sobic.003G248800,GRMZM2G150631
Sobic.010G081900,GRMZM2G150656
Sobic.002G277700,GRMZM2G150674
Sobic.007G055300,GRMZM2G150680
Sobic.002G387100,GRMZM2G150683
Sobic.001G170301,GRMZM2G150688
Sobic.005G120500,GRMZM2G150691
Sobic.001G416300,GRMZM2G150697
Sobic.001G416500,GRMZM2G150729
Sobic.002G391800,GRMZM2G150731
Sobic.002G387000,GRMZM2G150758
Sobic.001G170100,GRMZM2G150772
Sobic.002G320700,GRMZM2G150791
Sobic.003G205000,GRMZM2G150823
Sobic.001G430500,GRMZM2G150827
Sobic.002G189800,GRMZM2G150832
Sobic.002G388700,GRMZM2G150841
Sobic.004G063000,GRMZM2G150864
Sobic.003G083900,GRMZM2G150866
Sobic.004G339000,GRMZM2G150876
Sobic.010G001000,GRMZM2G150884
Sobic.003G052300,GRMZM2G150906
Sobic.004G339100,GRMZM2G150912
Sobic.001G503700,GRMZM2G150925
Sobic.003G052200,GRMZM2G150941
Sobic.003G241900,GRMZM2G150952
Sobic.004G245100,GRMZM2G151204
Sobic.004G318000,GRMZM2G151237
Sobic.001G050100,GRMZM2G151249
Sobic.001G049800,GRMZM2G151266
Sobic.003G396800,GRMZM2G151285
Sobic.002G221600,GRMZM2G151299
Sobic.003G184500,GRMZM2G151319
Sobic.010G133400,GRMZM2G151414
Sobic.004G314400,GRMZM2G151425
Sobic.004G314500,GRMZM2G151440
Sobic.003G040800,GRMZM2G151444
Sobic.010G214200,GRMZM2G151496
Sobic.009G037200,GRMZM2G151553
Sobic.009G037300,GRMZM2G151553
Sobic.007G073400,GRMZM2G151567
Sobic.007G073600,GRMZM2G151580
Sobic.002G113200,GRMZM2G151651
Sobic.002G113300,GRMZM2G151651
Sobic.003G150100,GRMZM2G151653
Sobic.005G100500,GRMZM2G151706
Sobic.010G220200,GRMZM2G151734
Sobic.005G111900,GRMZM2G151863
Sobic.010G067950,GRMZM2G151887
Sobic.008G019400,GRMZM2G151903
Sobic.010G068100,GRMZM2G151913
Sobic.002G193900,GRMZM2G151921
Sobic.010G068400,GRMZM2G151923
Sobic.007G142900,GRMZM2G151955
Sobic.001G038000,GRMZM2G151967
Sobic.008G019532,GRMZM2G151977
Sobic.001G038900,GRMZM2G151997
Sobic.001G039000,GRMZM2G151997
Sobic.006G127700,GRMZM2G152000
Sobic.006G129600,GRMZM2G152000
Sobic.008G019600,GRMZM2G152007
Sobic.010G005600,GRMZM2G152025
Sobic.009G054900,GRMZM2G152040
Sobic.010G269400,GRMZM2G152056
Sobic.003G266900,GRMZM2G152057
Sobic.002G001100,GRMZM2G152059
Sobic.006G026700,GRMZM2G152079
Sobic.006G026600,GRMZM2G152089
Sobic.010G269600,GRMZM2G152111
Sobic.010G208800,GRMZM2G152120
Sobic.010G208900,GRMZM2G152126
Sobic.003G258200,GRMZM2G152127
Sobic.003G086500,GRMZM2G152140
Sobic.006G094000,GRMZM2G152141
Sobic.001G511400,GRMZM2G152172
Sobic.010G233400,GRMZM2G152175
Sobic.010G083000,GRMZM2G152177
Sobic.002G369400,GRMZM2G152179
Sobic.002G369500,GRMZM2G152179
Sobic.001G442700,GRMZM2G152360
Sobic.003G036800,GRMZM2G152370
Sobic.010G009100,GRMZM2G152373
Sobic.010G090000,GRMZM2G152411
Sobic.001G442100,GRMZM2G152447
Sobic.003G307801,GRMZM2G152451
Sobic.007G137900,GRMZM2G152457
Sobic.007G138300,GRMZM2G152485
Sobic.007G221400,GRMZM2G152555
Sobic.010G247300,GRMZM2G152587
Sobic.005G041800,GRMZM2G152591
Sobic.002G253100,GRMZM2G152599
Sobic.003G244700,GRMZM2G152686
Sobic.002G121000,GRMZM2G152732
Sobic.008G062400,GRMZM2G152757
Sobic.002G120700,GRMZM2G152799
Sobic.004G310100,GRMZM2G152801
Sobic.001G350900,GRMZM2G152877
Sobic.001G236200,GRMZM2G152901
Sobic.001G068700,GRMZM2G152921
Sobic.001G350600,GRMZM2G152925
Sobic.004G027100,GRMZM2G152929
Sobic.001G263900,GRMZM2G152975
Sobic.001G264000,GRMZM2G152981
Sobic.009G143300,GRMZM2G153075
Sobic.009G128800,GRMZM2G153119
Sobic.003G008100,GRMZM2G153127
Sobic.001G069200,GRMZM2G153141
Sobic.004G216800,GRMZM2G153227
Sobic.006G069100,GRMZM2G153275
Sobic.009G143400,GRMZM2G153333
Sobic.009G143500,GRMZM2G153358
Sobic.004G222500,GRMZM2G153359
Sobic.004G222400,GRMZM2G153368
Sobic.006G188400,GRMZM2G153378
Sobic.008G048300,GRMZM2G153409
Sobic.001G122300,GRMZM2G153444
Sobic.001G122400,GRMZM2G153476
Sobic.004G222300,GRMZM2G153488
Sobic.002G195800,GRMZM2G153527
Sobic.001G447500,GRMZM2G153536
Sobic.K006800,GRMZM2G153594
Sobic.003G239100,GRMZM2G153672
Sobic.002G118600,GRMZM2G153683
Sobic.001G122500,GRMZM2G153706
Sobic.004G223600,GRMZM2G153725
Sobic.002G050700,GRMZM2G153754
Sobic.001G469200,GRMZM2G153769
Sobic.010G002100,GRMZM2G153792
Sobic.001G176800,GRMZM2G153887
Sobic.001G176700,GRMZM2G153928
Sobic.007G186100,GRMZM2G153945
Sobic.010G266100,GRMZM2G153987
Sobic.001G475800,GRMZM2G154007
Sobic.001G496500,GRMZM2G154036
Sobic.003G135700,GRMZM2G154078
Sobic.010G001600,GRMZM2G154093
Sobic.007G115600,GRMZM2G154114
Sobic.007G173300,GRMZM2G154124
Sobic.003G293400,GRMZM2G154165
Sobic.005G187500,GRMZM2G154169
Sobic.002G124400,GRMZM2G154178
Sobic.002G124500,GRMZM2G154178
Sobic.010G198900,GRMZM2G154209
Sobic.001G496800,GRMZM2G154211
Sobic.001G277800,GRMZM2G154216
Sobic.006G064200,GRMZM2G154223
Sobic.003G184100,GRMZM2G154245
Sobic.007G152900,GRMZM2G154267
Sobic.004G311600,GRMZM2G154301
Sobic.005G187300,GRMZM2G154366
Sobic.005G187200,GRMZM2G154394
Sobic.005G187000,GRMZM2G154414
Sobic.005G186500,GRMZM2G154417
Sobic.005G186600,GRMZM2G154417
Sobic.005G186800,GRMZM2G154417
Sobic.002G278300,GRMZM2G154449
Sobic.002G278500,GRMZM2G154460
Sobic.001G298600,GRMZM2G154487
Sobic.005G186100,GRMZM2G154523
Sobic.005G186200,GRMZM2G154523
Sobic.005G186400,GRMZM2G154523
Sobic.001G309300,GRMZM2G154549
Sobic.002G317200,GRMZM2G154574
Sobic.009G240700,GRMZM2G154595
Sobic.003G356200,GRMZM2G154641
Sobic.009G233800,GRMZM2G154648
Sobic.010G242100,GRMZM2G154652
Sobic.010G100900,GRMZM2G154664
Sobic.009G240600,GRMZM2G154687
Sobic.002G118300,GRMZM2G154747
Sobic.002G220500,GRMZM2G154752
Sobic.004G088000,GRMZM2G154789
Sobic.003G205100,GRMZM2G154839
Sobic.001G141200,GRMZM2G154890
Sobic.009G126700,GRMZM2G154946
Sobic.003G362100,GRMZM2G154958
Sobic.004G097800,GRMZM2G154987
Sobic.005G125300,GRMZM2G155002
Sobic.001G141100,GRMZM2G155043
Sobic.005G080200,GRMZM2G155058
Sobic.004G097200,GRMZM2G155220
Sobic.005G056400,GRMZM2G155253
Sobic.003G333600,GRMZM2G155285
Sobic.001G094000,GRMZM2G155312
Sobic.008G155600,GRMZM2G155314
Sobic.008G155700,GRMZM2G155314
Sobic.008G155800,GRMZM2G155314
Sobic.008G155900,GRMZM2G155314
Sobic.008G156100,GRMZM2G155314
Sobic.007G153100,GRMZM2G155340
Sobic.003G420800,GRMZM2G155348
Sobic.007G079400,GRMZM2G155357
Sobic.007G079500,GRMZM2G155392
Sobic.001G293900,GRMZM2G155417
Sobic.009G034100,GRMZM2G155512
Sobic.003G380500,GRMZM2G155532
Sobic.001G036300,GRMZM2G155580
Sobic.006G083000,GRMZM2G155593
Sobic.006G083100,GRMZM2G155626
Sobic.001G374200,GRMZM2G155680
Sobic.009G230800,GRMZM2G155686
Sobic.004G349125,GRMZM2G155699
Sobic.007G075500,GRMZM2G155729
Sobic.007G143700,GRMZM2G155753
Sobic.004G112200,GRMZM2G155816
Sobic.009G032300,GRMZM2G155836
Sobic.010G178200,GRMZM2G155868
Sobic.002G311900,GRMZM2G155911
Sobic.001G016000,GRMZM2G155935
Sobic.003G346000,GRMZM2G155954
Sobic.003G007500,GRMZM2G156035
Sobic.008G032000,GRMZM2G156150
Sobic.003G222700,GRMZM2G156158
Sobic.006G204000,GRMZM2G156227
Sobic.003G163100,GRMZM2G156251
Sobic.002G205300,GRMZM2G156296
Sobic.006G204400,GRMZM2G156356
Sobic.006G204500,GRMZM2G156365
Sobic.003G307400,GRMZM2G156377
Sobic.008G045600,GRMZM2G156490
Sobic.008G045450,GRMZM2G156506
Sobic.001G025400,GRMZM2G156516
Sobic.001G025700,GRMZM2G156543
Sobic.006G204800,GRMZM2G156581
Sobic.004G299500,GRMZM2G156599
Sobic.004G299600,GRMZM2G156599
Sobic.009G241000,GRMZM2G156620
Sobic.010G223900,GRMZM2G156648
Sobic.002G068000,GRMZM2G156684
Sobic.001G026100,GRMZM2G156729
Sobic.001G026300,GRMZM2G156739
Sobic.009G251300,GRMZM2G156765
Sobic.002G091800,GRMZM2G156794
Sobic.010G174700,GRMZM2G156818
Sobic.009G251800,GRMZM2G156905
Sobic.001G030200,GRMZM2G156937
Sobic.009G001300,GRMZM2G156956
Sobic.006G218300,GRMZM2G156977
Sobic.007G159500,GRMZM2G157010
Sobic.007G159700,GRMZM2G157018
Sobic.004G025300,GRMZM2G157026
Sobic.009G258500,GRMZM2G157034
Sobic.004G025200,GRMZM2G157046
Sobic.005G195900,GRMZM2G157057
Sobic.005G196000,GRMZM2G157057
Sobic.004G025000,GRMZM2G157068
Sobic.006G136100,GRMZM2G157102
Sobic.001G328800,GRMZM2G157164
Sobic.001G441400,GRMZM2G157177
Sobic.006G155400,GRMZM2G157196
Sobic.006G155500,GRMZM2G157207
Sobic.009G230600,GRMZM2G157218
Sobic.009G230700,GRMZM2G157219
Sobic.005G175800,GRMZM2G157241
Sobic.005G175300,GRMZM2G157247
Sobic.009G178200,GRMZM2G157263
Sobic.009G178300,GRMZM2G157267
Sobic.006G064600,GRMZM2G157269
Sobic.007G013500,GRMZM2G157296
Sobic.007G204400,GRMZM2G157350
Sobic.002G117200,GRMZM2G157379
Sobic.002G164300,GRMZM2G157422
Sobic.009G178500,GRMZM2G157536
Sobic.003G212400,GRMZM2G157574
Sobic.001G453500,GRMZM2G157580
Sobic.003G212500,GRMZM2G157588
Sobic.009G178600,GRMZM2G157596
Sobic.002G371600,GRMZM2G157598
Sobic.003G212600,GRMZM2G157605
Sobic.003G212800,GRMZM2G157616
Sobic.003G352600,GRMZM2G157679
Sobic.004G181500,GRMZM2G157817
Sobic.005G080600,GRMZM2G157845
Sobic.003G236800,GRMZM2G157912
Sobic.002G163700,GRMZM2G157953
Sobic.002G330700,GRMZM2G158009
Sobic.003G278600,GRMZM2G158013
Sobic.002G383800,GRMZM2G158021
Sobic.006G015800,GRMZM2G158043
Sobic.010G265800,GRMZM2G158045
Sobic.006G136800,GRMZM2G158083
Sobic.006G136900,GRMZM2G158083
Sobic.010G265700,GRMZM2G158103
Sobic.010G265500,GRMZM2G158131
Sobic.006G008700,GRMZM2G158147
Sobic.003G040100,GRMZM2G158194
Sobic.003G040000,GRMZM2G158228
Sobic.002G278600,GRMZM2G158237
Sobic.001G408600,GRMZM2G158261
Sobic.005G018400,GRMZM2G158316
Sobic.003G337800,GRMZM2G158328
Sobic.001G539200,GRMZM2G158378
Sobic.002G278800,GRMZM2G158394
Sobic.003G415700,GRMZM2G158407
Sobic.002G347400,GRMZM2G158429
Sobic.002G347600,GRMZM2G158452
Sobic.002G060900,GRMZM2G158489
Sobic.003G405600,GRMZM2G158496
Sobic.009G178900,GRMZM2G158526
Sobic.003G289400,GRMZM2G158562
Sobic.010G132600,GRMZM2G158595
Sobic.003G289500,GRMZM2G158645
Sobic.006G170300,GRMZM2G158657
Sobic.001G376900,GRMZM2G158676
Sobic.001G307700,GRMZM2G158682
Sobic.002G386300,GRMZM2G158789
Sobic.003G304000,GRMZM2G158807
Sobic.001G182100,GRMZM2G158831
Sobic.004G235500,GRMZM2G158854
Sobic.007G175200,GRMZM2G158890
Sobic.009G211200,GRMZM2G158901
Sobic.009G211400,GRMZM2G158972
Sobic.001G285000,GRMZM2G158976
Sobic.009G247400,GRMZM2G158998
Sobic.009G211600,GRMZM2G159008
Sobic.004G006200,GRMZM2G159013
Sobic.009G247100,GRMZM2G159016
Sobic.009G246950,GRMZM2G159028
Sobic.002G386800,GRMZM2G159034
Sobic.006G232400,GRMZM2G159082
Sobic.002G200300,GRMZM2G159094
Sobic.003G291000,GRMZM2G159105
Sobic.004G005200,GRMZM2G159142
Sobic.003G054200,GRMZM2G159145
Sobic.001G127700,GRMZM2G159149
Sobic.004G084300,GRMZM2G159155
Sobic.002G200200,GRMZM2G159160
Sobic.006G232700,GRMZM2G159161
Sobic.008G035700,GRMZM2G159208
Sobic.002G200100,GRMZM2G159221
Sobic.001G095000,GRMZM2G159295
Sobic.001G012000,GRMZM2G159353
Sobic.001G012200,GRMZM2G159353
Sobic.009G051600,GRMZM2G159369
Sobic.007G193300,GRMZM2G159397
Sobic.009G211800,GRMZM2G159404
Sobic.001G526000,GRMZM2G159477
Sobic.003G245900,GRMZM2G159498
Sobic.004G231600,GRMZM2G159542
Sobic.004G231700,GRMZM2G159547
Sobic.009G054600,GRMZM2G159570
Sobic.007G181400,GRMZM2G159581
Sobic.010G180100,GRMZM2G159641
Sobic.004G198800,GRMZM2G159660
Sobic.006G038200,GRMZM2G159678
Sobic.003G280900,GRMZM2G159724
Sobic.009G182700,GRMZM2G159741
Sobic.001G032550,GRMZM2G159766
Sobic.001G033900,GRMZM2G159766
Sobic.001G034000,GRMZM2G159766
Sobic.003G076700,GRMZM2G159807
Sobic.003G076800,GRMZM2G159807
Sobic.010G060100,GRMZM2G159822
Sobic.010G060166,GRMZM2G159822
Sobic.010G060300,GRMZM2G159822
Sobic.010G060400,GRMZM2G159822
Sobic.004G106700,GRMZM2G159849
Sobic.005G143000,GRMZM2G159854
Sobic.005G143100,GRMZM2G159854
Sobic.004G224300,GRMZM2G159904
Sobic.003G272000,GRMZM2G159935
Sobic.003G272200,GRMZM2G159937
Sobic.001G199900,GRMZM2G159975
Sobic.001G279900,GRMZM2G159992
Sobic.007G189800,GRMZM2G159996
Sobic.010G073600,GRMZM2G160005
Sobic.005G110553,GRMZM2G160013
Sobic.003G230600,GRMZM2G160032
Sobic.009G032700,GRMZM2G160062
Sobic.009G032900,GRMZM2G160062
Sobic.003G164700,GRMZM2G160113
Sobic.003G222000,GRMZM2G160151
Sobic.006G277100,GRMZM2G160175
Sobic.001G459400,GRMZM2G160224
Sobic.008G098700,GRMZM2G160279
Sobic.001G039600,GRMZM2G160304
Sobic.002G205000,GRMZM2G160364
Sobic.001G424600,GRMZM2G160452
Sobic.001G290200,GRMZM2G160454
Sobic.001G390400,GRMZM2G160466
Sobic.010G051000,GRMZM2G160496
Sobic.001G424500,GRMZM2G160506
Sobic.006G267300,GRMZM2G160527
Sobic.002G388600,GRMZM2G160569
Sobic.006G242100,GRMZM2G160585
Sobic.002G169300,GRMZM2G160614
Sobic.004G195800,GRMZM2G160710
Sobic.010G202700,GRMZM2G160730
Sobic.002G203900,GRMZM2G160738
Sobic.003G109300,GRMZM2G160747
Sobic.002G204000,GRMZM2G160770
Sobic.006G134500,GRMZM2G160801
Sobic.010G055600,GRMZM2G160842
Sobic.009G029100,GRMZM2G160853
Sobic.010G081700,GRMZM2G160887
Sobic.002G300400,GRMZM2G160922
Sobic.005G042300,GRMZM2G160924
Sobic.005G042400,GRMZM2G160924
Sobic.005G042600,GRMZM2G160924
Sobic.009G072000,GRMZM2G160925
Sobic.007G139600,GRMZM2G160927
Sobic.003G153000,GRMZM2G160958
Sobic.010G081200,GRMZM2G160964
Sobic.002G388200,GRMZM2G160983
Sobic.006G100000,GRMZM2G160994
Sobic.007G210300,GRMZM2G161004
Sobic.002G053900,GRMZM2G161097
Sobic.004G305100,GRMZM2G161146
Sobic.005G192500,GRMZM2G161169
Sobic.004G305200,GRMZM2G161175
Sobic.003G093300,GRMZM2G161202
Sobic.008G118300,GRMZM2G161212
Sobic.003G412900,GRMZM2G161295
Sobic.004G097400,GRMZM2G161299
Sobic.002G244100,GRMZM2G161302
Sobic.001G427700,GRMZM2G161337
Sobic.007G137800,GRMZM2G161368
Sobic.002G243800,GRMZM2G161377
Sobic.003G413000,GRMZM2G161380
Sobic.004G097700,GRMZM2G161435
Sobic.001G302800,GRMZM2G161459
Sobic.001G541900,GRMZM2G161483
Sobic.010G235200,GRMZM2G161514
Sobic.009G156200,GRMZM2G161534
Sobic.001G541601,GRMZM2G161540
Sobic.001G541500,GRMZM2G161560
Sobic.007G081701,GRMZM2G161569
Sobic.002G127550,GRMZM2G161587
Sobic.002G219700,GRMZM2G161619
Sobic.004G256800,GRMZM2G161641
Sobic.003G116700,GRMZM2G161658
Sobic.001G449000,GRMZM2G161780
Sobic.002G311200,GRMZM2G161809
Sobic.005G085700,GRMZM2G161852
Sobic.006G185000,GRMZM2G161902
Sobic.006G184900,GRMZM2G161913
Sobic.006G086800,GRMZM2G161932
Sobic.010G248100,GRMZM2G162065
Sobic.002G299400,GRMZM2G162082
Sobic.005G231500,GRMZM2G162200
Sobic.006G200400,GRMZM2G162230
Sobic.004G239100,GRMZM2G162233
Sobic.001G315400,GRMZM2G162251
Sobic.005G231600,GRMZM2G162282
Sobic.003G302100,GRMZM2G162290
Sobic.001G315500,GRMZM2G162292
Sobic.002G113400,GRMZM2G162316
Sobic.006G172000,GRMZM2G162333
Sobic.001G398600,GRMZM2G162356
Sobic.002G055600,GRMZM2G162359
Sobic.002G054600,GRMZM2G162382
Sobic.002G121600,GRMZM2G162409
Sobic.010G048400,GRMZM2G162420
Sobic.005G020200,GRMZM2G162434
Sobic.006G194800,GRMZM2G162447
Sobic.006G194900,GRMZM2G162447
Sobic.003G132500,GRMZM2G162453
Sobic.004G158100,GRMZM2G162461
Sobic.001G247900,GRMZM2G162505
Sobic.003G070600,GRMZM2G162527
Sobic.001G307200,GRMZM2G162537
Sobic.002G224700,GRMZM2G162616
Sobic.003G070200,GRMZM2G162622
Sobic.004G161900,GRMZM2G162663
Sobic.009G104700,GRMZM2G162672
Sobic.004G301700,GRMZM2G162688
Sobic.001G322500,GRMZM2G162690
Sobic.009G184900,GRMZM2G162699
Sobic.001G489900,GRMZM2G162749
Sobic.001G489800,GRMZM2G162764
Sobic.003G305601,GRMZM2G162768
Sobic.004G301900,GRMZM2G162786
Sobic.005G131301,GRMZM2G162829
Sobic.005G131600,GRMZM2G162829
Sobic.003G033900,GRMZM2G163015
Sobic.001G455200,GRMZM2G163043
Sobic.002G310800,GRMZM2G163045
Sobic.001G455100,GRMZM2G163116
Sobic.009G066600,GRMZM2G163136
Sobic.001G454900,GRMZM2G163154
Sobic.004G337700,GRMZM2G163195
Sobic.009G239800,GRMZM2G163283
Sobic.003G059200,GRMZM2G163291
Sobic.001G070800,GRMZM2G163296
Sobic.003G058001,GRMZM2G163323
Sobic.009G238700,GRMZM2G163359
Sobic.005G229400,GRMZM2G163427
Sobic.001G230000,GRMZM2G163436
Sobic.009G176300,GRMZM2G163440
Sobic.009G176000,GRMZM2G163468
Sobic.006G121200,GRMZM2G163494
Sobic.002G183800,GRMZM2G163535
Sobic.010G233900,GRMZM2G163544
Sobic.003G206900,GRMZM2G163578
Sobic.004G092600,GRMZM2G163713
Sobic.007G148500,GRMZM2G163745
Sobic.001G137200,GRMZM2G163761
Sobic.001G137400,GRMZM2G163796
Sobic.001G137500,GRMZM2G163796
Sobic.001G137600,GRMZM2G163796
Sobic.001G137800,GRMZM2G163796
Sobic.009G246400,GRMZM2G163809
Sobic.010G000300,GRMZM2G163877
Sobic.010G000100,GRMZM2G163914
Sobic.003G067300,GRMZM2G163939
Sobic.003G067500,GRMZM2G163939
Sobic.001G055400,GRMZM2G164082
Sobic.008G038400,GRMZM2G164113
Sobic.003G366400,GRMZM2G164141
Sobic.003G396200,GRMZM2G164165
Sobic.004G016500,GRMZM2G164202
Sobic.004G016800,GRMZM2G164242
Sobic.001G087900,GRMZM2G164249
Sobic.006G225400,GRMZM2G164277
Sobic.004G147300,GRMZM2G164314
Sobic.006G188100,GRMZM2G164340
Sobic.006G188000,GRMZM2G164378
Sobic.006G187800,GRMZM2G164413
Sobic.003G398300,GRMZM2G164475
Sobic.001G077900,GRMZM2G164493
Sobic.003G445900,GRMZM2G164502
Sobic.003G162700,GRMZM2G164542
Sobic.001G010400,GRMZM2G164547
Sobic.001G078000,GRMZM2G164558
Sobic.001G078100,GRMZM2G164580
Sobic.003G255800,GRMZM2G164628
Sobic.003G255850,GRMZM2G164628
Sobic.003G255400,GRMZM2G164674
Sobic.009G213100,GRMZM2G164676
Sobic.001G540900,GRMZM2G164696
Sobic.001G242100,GRMZM2G164715
Sobic.001G242000,GRMZM2G164761
Sobic.001G221000,GRMZM2G164787
Sobic.001G221100,GRMZM2G164787
Sobic.004G262600,GRMZM2G164912
Sobic.004G262300,GRMZM2G164948
Sobic.004G099200,GRMZM2G164950
Sobic.001G453300,GRMZM2G164965
Sobic.002G168700,GRMZM2G164967
Sobic.002G168750,GRMZM2G164967
Sobic.002G168800,GRMZM2G164967
Sobic.001G170900,GRMZM2G165005
Sobic.007G162500,GRMZM2G165011
Sobic.001G158900,GRMZM2G165042
Sobic.002G366600,GRMZM2G165069
Sobic.002G082000,GRMZM2G165098
Sobic.005G195400,GRMZM2G165188
Sobic.002G301300,GRMZM2G165195
Sobic.002G232700,GRMZM2G165234
Sobic.002G271100,GRMZM2G165272
Sobic.004G223800,GRMZM2G165290
Sobic.007G194400,GRMZM2G165301
Sobic.005G195100,GRMZM2G165325
Sobic.005G195200,GRMZM2G165325
Sobic.010G279700,GRMZM2G165351
Sobic.005G194900,GRMZM2G165383
Sobic.010G070200,GRMZM2G165390
Sobic.001G222800,GRMZM2G165413
Sobic.001G525500,GRMZM2G165422
Sobic.010G070100,GRMZM2G165433
Sobic.005G194800,GRMZM2G165461
Sobic.K008000,GRMZM2G165506
Sobic.004G287600,GRMZM2G165530
Sobic.006G271500,GRMZM2G165535
Sobic.006G000600,GRMZM2G165597
Sobic.001G074300,GRMZM2G165619
Sobic.004G174700,GRMZM2G165631
Sobic.006G122300,GRMZM2G165633
Sobic.002G325300,GRMZM2G165681
Sobic.009G234200,GRMZM2G165694
Sobic.004G114600,GRMZM2G165726
Sobic.006G116500,GRMZM2G165755
Sobic.007G054500,GRMZM2G165757
Sobic.006G116801,GRMZM2G165836
Sobic.006G116900,GRMZM2G165844
Sobic.004G044100,GRMZM2G165945
Sobic.001G331500,GRMZM2G165960
Sobic.001G217900,GRMZM2G165963
Sobic.001G496200,GRMZM2G165972
Sobic.001G496300,GRMZM2G165998
Sobic.004G317401,GRMZM2G166027
Sobic.008G132400,GRMZM2G166166
Sobic.005G183700,GRMZM2G166203
Sobic.005G036000,GRMZM2G166218
Sobic.004G130500,GRMZM2G166330
Sobic.007G203100,GRMZM2G166407
Sobic.009G185501,GRMZM2G166452
Sobic.010G138400,GRMZM2G166459
Sobic.003G100200,GRMZM2G166524
Sobic.003G100400,GRMZM2G166524
Sobic.003G017400,GRMZM2G166597
Sobic.003G035801,GRMZM2G166603
Sobic.009G044400,GRMZM2G166639
Sobic.009G044600,GRMZM2G166639
Sobic.003G017601,GRMZM2G166642
Sobic.003G034900,GRMZM2G166646
Sobic.009G044700,GRMZM2G166665
Sobic.002G417500,GRMZM2G166738
Sobic.003G285800,GRMZM2G166759
Sobic.005G151100,GRMZM2G166853
Sobic.006G026500,GRMZM2G166888
Sobic.002G261700,GRMZM2G166897
Sobic.004G282800,GRMZM2G166906
Sobic.001G052600,GRMZM2G166931
Sobic.010G246700,GRMZM2G166944
Sobic.003G305000,GRMZM2G166946
Sobic.002G200600,GRMZM2G166963
Sobic.004G282900,GRMZM2G166976
Sobic.003G238600,GRMZM2G166987
Sobic.007G071000,GRMZM2G167018
Sobic.005G095600,GRMZM2G167049
Sobic.005G095680,GRMZM2G167049
Sobic.003G177800,GRMZM2G167072
Sobic.001G443900,GRMZM2G167138
Sobic.001G443600,GRMZM2G167151
Sobic.010G059200,GRMZM2G167156
Sobic.003G037200,GRMZM2G167164
Sobic.010G058900,GRMZM2G167207
Sobic.010G058700,GRMZM2G167212
Sobic.010G058800,GRMZM2G167212
Sobic.003G372700,GRMZM2G167247
Sobic.003G375800,GRMZM2G167253
Sobic.006G099800,GRMZM2G167262
Sobic.001G020600,GRMZM2G167428
Sobic.001G221900,GRMZM2G167438
Sobic.002G368300,GRMZM2G167497
Sobic.002G368100,GRMZM2G167520
Sobic.007G168500,GRMZM2G167548
Sobic.001G529500,GRMZM2G167568
Sobic.010G119200,GRMZM2G167576
Sobic.002G184100,GRMZM2G167580
Sobic.002G184200,GRMZM2G167580
Sobic.K005400,GRMZM2G167584
Sobic.006G014700,GRMZM2G167613
Sobic.003G376900,GRMZM2G167637
Sobic.007G119200,GRMZM2G167651
Sobic.006G014800,GRMZM2G167658
Sobic.007G119300,GRMZM2G167669
Sobic.009G176400,GRMZM2G167673
Sobic.007G119400,GRMZM2G167694
Sobic.001G369401,GRMZM2G167698
Sobic.001G369600,GRMZM2G167698
Sobic.008G152700,GRMZM2G167728
Sobic.009G254400,GRMZM2G167786
Sobic.003G275600,GRMZM2G167809
Sobic.005G166500,GRMZM2G167812
Sobic.007G168600,GRMZM2G167836
Sobic.003G280300,GRMZM2G167856
Sobic.002G030500,GRMZM2G167892
Sobic.002G359900,GRMZM2G167932
Sobic.010G018500,GRMZM2G167966
Sobic.001G254800,GRMZM2G167986
Sobic.001G022700,GRMZM2G168016
Sobic.009G256400,GRMZM2G168096
Sobic.008G179200,GRMZM2G168108
Sobic.010G005500,GRMZM2G168143
Sobic.002G074200,GRMZM2G168149
Sobic.008G179000,GRMZM2G168170
Sobic.010G005401,GRMZM2G168214
Sobic.002G252200,GRMZM2G168261
Sobic.004G291400,GRMZM2G168301
Sobic.002G252000,GRMZM2G168364
Sobic.002G251900,GRMZM2G168397
Sobic.009G028600,GRMZM2G168441
Sobic.006G174300,GRMZM2G168474
Sobic.006G174400,GRMZM2G168474
Sobic.006G174500,GRMZM2G168474
Sobic.006G174600,GRMZM2G168474
Sobic.002G286700,GRMZM2G168588
Sobic.004G008600,GRMZM2G168603
Sobic.002G286632,GRMZM2G168614
Sobic.002G286566,GRMZM2G168618
Sobic.006G076000,GRMZM2G168651
Sobic.004G008400,GRMZM2G168674
Sobic.010G199100,GRMZM2G168690
Sobic.003G031500,GRMZM2G168704
Sobic.003G429700,GRMZM2G168707
Sobic.004G029900,GRMZM2G168747
Sobic.004G158000,GRMZM2G168807
Sobic.001G050300,GRMZM2G168833
Sobic.002G295100,GRMZM2G168858
Sobic.010G252700,GRMZM2G168886
Sobic.010G243400,GRMZM2G168890
Sobic.007G206000,GRMZM2G168893
Sobic.009G199601,GRMZM2G168898
Sobic.009G199700,GRMZM2G168909
Sobic.002G295500,GRMZM2G168913
Sobic.010G243200,GRMZM2G168920
Sobic.010G243300,GRMZM2G168920
Sobic.006G108900,GRMZM2G168968
Sobic.004G275800,GRMZM2G168980
Sobic.001G286400,GRMZM2G168987
Sobic.004G275900,GRMZM2G169000
Sobic.004G276000,GRMZM2G169018
Sobic.004G276100,GRMZM2G169044
Sobic.008G109900,GRMZM2G169064
Sobic.003G079300,GRMZM2G169121
Sobic.002G202800,GRMZM2G169149
Sobic.005G184300,GRMZM2G169160
Sobic.007G119500,GRMZM2G169198
Sobic.007G119700,GRMZM2G169227
Sobic.001G494200,GRMZM2G169280
Sobic.001G494500,GRMZM2G169320
Sobic.004G274400,GRMZM2G169326
Sobic.002G196000,GRMZM2G169356
Sobic.003G148600,GRMZM2G169382
Sobic.001G149600,GRMZM2G169432
Sobic.007G224300,GRMZM2G169449
Sobic.008G192000,GRMZM2G169451
Sobic.004G300800,GRMZM2G169458
Sobic.003G103200,GRMZM2G169486
Sobic.008G192100,GRMZM2G169535
Sobic.004G300600,GRMZM2G169558
Sobic.005G014000,GRMZM2G169564
Sobic.004G300500,GRMZM2G169580
Sobic.002G372100,GRMZM2G169636
Sobic.001G093900,GRMZM2G169671
Sobic.004G012900,GRMZM2G169699
Sobic.001G264800,GRMZM2G169704
Sobic.001G497600,GRMZM2G169747
Sobic.003G316850,GRMZM2G169773
Sobic.003G317000,GRMZM2G169782
Sobic.007G203500,GRMZM2G169820
Sobic.001G096900,GRMZM2G169825
Sobic.003G417700,GRMZM2G169884
Sobic.002G110800,GRMZM2G169914
Sobic.003G051000,GRMZM2G169929
Sobic.009G171400,GRMZM2G169943
Sobic.003G102300,GRMZM2G169947
Sobic.003G010800,GRMZM2G169951
Sobic.009G171500,GRMZM2G169953
Sobic.009G171600,GRMZM2G169966
Sobic.004G227900,GRMZM2G169967
Sobic.003G010700,GRMZM2G169973
Sobic.004G228100,GRMZM2G169994
Sobic.003G010600,GRMZM2G170013
Sobic.004G304800,GRMZM2G170016
Sobic.003G010500,GRMZM2G170035
Sobic.002G070200,GRMZM2G170044
Sobic.003G139600,GRMZM2G170099
Sobic.006G138800,GRMZM2G170101
Sobic.003G139500,GRMZM2G170120
Sobic.001G020100,GRMZM2G170137
Sobic.006G138900,GRMZM2G170152
Sobic.007G083300,GRMZM2G170201
Sobic.007G031300,GRMZM2G170291
Sobic.009G113100,GRMZM2G170365
Sobic.001G436300,GRMZM2G170382
Sobic.005G090100,GRMZM2G170385
Sobic.009G218900,GRMZM2G170400
Sobic.004G332100,GRMZM2G170413
Sobic.001G047700,GRMZM2G170489
Sobic.006G171801,GRMZM2G170509
Sobic.006G171700,GRMZM2G170516
Sobic.006G171600,GRMZM2G170520
Sobic.001G436400,GRMZM2G170532
Sobic.004G094600,GRMZM2G170559
Sobic.001G507200,GRMZM2G170567
Sobic.004G295900,GRMZM2G170591
Sobic.004G264900,GRMZM2G170595
Sobic.004G265000,GRMZM2G170602
Sobic.006G058500,GRMZM2G170612
Sobic.009G190700,GRMZM2G170625
Sobic.001G072800,GRMZM2G170727
Sobic.002G135800,GRMZM2G170734
Sobic.004G159733,GRMZM2G170742
Sobic.010G253400,GRMZM2G170805
Sobic.010G205500,GRMZM2G170927
Sobic.007G087600,GRMZM2G170958
Sobic.001G334600,GRMZM2G171022
Sobic.005G215200,GRMZM2G171036
Sobic.001G469100,GRMZM2G171073
Sobic.002G338250,GRMZM2G171096
Sobic.001G175900,GRMZM2G171118
Sobic.001G176300,GRMZM2G171118
Sobic.001G176400,GRMZM2G171118
Sobic.001G176600,GRMZM2G171118
Sobic.009G155500,GRMZM2G171139
Sobic.010G071700,GRMZM2G171179
Sobic.007G051300,GRMZM2G171187
Sobic.001G091500,GRMZM2G171248
Sobic.006G100266,GRMZM2G171254
Sobic.006G100200,GRMZM2G171277
Sobic.006G101300,GRMZM2G171296
Sobic.001G510700,GRMZM2G171324
Sobic.001G510600,GRMZM2G171333
Sobic.004G031900,GRMZM2G171349
Sobic.003G280400,GRMZM2G171373
Sobic.002G202500,GRMZM2G171408
Sobic.006G154100,GRMZM2G171410
Sobic.003G436500,GRMZM2G171430
Sobic.004G298100,GRMZM2G171444
Sobic.003G436600,GRMZM2G171478
Sobic.008G078300,GRMZM2G171518
Sobic.006G173600,GRMZM2G171556
Sobic.001G202900,GRMZM2G171559
Sobic.004G176300,GRMZM2G171565
Sobic.002G081300,GRMZM2G171569
Sobic.003G407200,GRMZM2G171600
Sobic.005G025300,GRMZM2G171605
Sobic.006G142500,GRMZM2G171620
Sobic.003G406800,GRMZM2G171650
Sobic.004G352700,GRMZM2G171662
Sobic.003G103000,GRMZM2G171677
Sobic.006G058800,GRMZM2G171688
Sobic.005G025900,GRMZM2G171702
Sobic.008G134100,GRMZM2G171713
Sobic.010G090301,GRMZM2G171752
Sobic.004G352600,GRMZM2G171801
Sobic.008G170500,GRMZM2G171822
Sobic.002G298800,GRMZM2G171871
Sobic.002G298900,GRMZM2G171884
Sobic.007G167300,GRMZM2G171934
Sobic.002G105800,GRMZM2G171967
Sobic.001G278100,GRMZM2G172081
Sobic.008G000100,GRMZM2G172098
Sobic.007G037700,GRMZM2G172139
Sobic.010G138000,GRMZM2G172152
Sobic.004G162600,GRMZM2G172158
Sobic.001G543900,GRMZM2G172183
Sobic.004G162400,GRMZM2G172230
Sobic.004G225500,GRMZM2G172239
Sobic.009G256200,GRMZM2G172274
Sobic.001G495200,GRMZM2G172322
Sobic.002G308400,GRMZM2G172327
Sobic.010G216200,GRMZM2G172357
Sobic.001G495300,GRMZM2G172410
Sobic.001G197100,GRMZM2G172451
Sobic.001G171001,GRMZM2G172512
Sobic.001G171200,GRMZM2G172512
Sobic.001G418500,GRMZM2G172574
Sobic.001G171100,GRMZM2G172584
Sobic.008G020800,GRMZM2G172596
Sobic.001G228900,GRMZM2G172602
Sobic.007G043300,GRMZM2G172642
Sobic.006G018900,GRMZM2G172695
Sobic.003G420700,GRMZM2G172710
Sobic.007G207800,GRMZM2G172723
Sobic.001G511100,GRMZM2G172751
Sobic.004G198000,GRMZM2G172900
Sobic.006G170100,GRMZM2G172936
Sobic.005G117600,GRMZM2G173085
Sobic.005G118400,GRMZM2G173085
Sobic.005G118500,GRMZM2G173085
Sobic.005G117700,GRMZM2G173103
Sobic.005G118300,GRMZM2G173103
Sobic.005G119900,GRMZM2G173105
Sobic.004G004500,GRMZM2G173192
Sobic.008G084100,GRMZM2G173209
Sobic.008G084600,GRMZM2G173209
Sobic.005G045900,GRMZM2G173257
Sobic.006G142400,GRMZM2G173309
Sobic.005G105500,GRMZM2G173317
Sobic.006G250900,GRMZM2G173341
Sobic.005G106200,GRMZM2G173354
Sobic.010G207900,GRMZM2G173358
Sobic.001G513700,GRMZM2G173372
Sobic.001G379900,GRMZM2G173387
Sobic.001G158500,GRMZM2G173425
Sobic.003G412200,GRMZM2G173534
Sobic.006G047000,GRMZM2G173536
Sobic.009G102100,GRMZM2G173563
Sobic.010G032900,GRMZM2G173641
Sobic.003G321300,GRMZM2G173647
Sobic.003G321101,GRMZM2G173654
Sobic.010G033400,GRMZM2G173693
Sobic.008G009100,GRMZM2G173724
Sobic.004G123100,GRMZM2G173729
Sobic.006G037100,GRMZM2G173738
Sobic.008G009200,GRMZM2G173742
Sobic.002G208200,GRMZM2G173759
Sobic.002G124600,GRMZM2G173777
Sobic.003G211100,GRMZM2G173805
Sobic.002G332200,GRMZM2G173910
Sobic.002G161800,GRMZM2G173943
Sobic.007G013300,GRMZM2G173962
Sobic.002G082900,GRMZM2G173967
Sobic.009G016100,GRMZM2G174031
Sobic.010G085800,GRMZM2G174048
Sobic.002G207400,GRMZM2G174099
Sobic.004G103400,GRMZM2G174128
Sobic.003G440700,GRMZM2G174196
Sobic.001G434200,GRMZM2G174236
Sobic.004G311200,GRMZM2G174240
Sobic.004G311300,GRMZM2G174240
Sobic.003G440900,GRMZM2G174249
Sobic.003G441000,GRMZM2G174274
Sobic.007G122500,GRMZM2G174310
Sobic.003G188600,GRMZM2G174335
Sobic.008G072700,GRMZM2G174427
Sobic.010G220900,GRMZM2G174444
Sobic.004G129900,GRMZM2G174458
Sobic.003G442200,GRMZM2G174479
Sobic.001G186800,GRMZM2G174549
Sobic.008G190600,GRMZM2G174554
Sobic.008G099000,GRMZM2G174565
Sobic.004G130400,GRMZM2G174572
Sobic.001G187000,GRMZM2G174574
Sobic.009G175800,GRMZM2G174610
Sobic.001G432500,GRMZM2G174615
Sobic.002G066300,GRMZM2G174625
Sobic.001G287400,GRMZM2G174650
Sobic.001G387700,GRMZM2G174680
Sobic.001G330500,GRMZM2G174708
Sobic.009G007800,GRMZM2G174716
Sobic.005G020400,GRMZM2G174739
Sobic.001G291800,GRMZM2G174757
Sobic.002G045000,GRMZM2G174766
Sobic.005G020800,GRMZM2G174782
Sobic.004G065100,GRMZM2G174785
Sobic.005G020900,GRMZM2G174797
Sobic.006G176700,GRMZM2G174807
Sobic.008G118100,GRMZM2G174830
Sobic.002G324100,GRMZM2G174855
Sobic.009G007100,GRMZM2G174883
Sobic.001G390200,GRMZM2G174896
Sobic.009G217400,GRMZM2G174949
Sobic.003G153600,GRMZM2G174975
Sobic.009G006900,GRMZM2G175000
Sobic.001G390000,GRMZM2G175019
Sobic.003G004100,GRMZM2G175031
Sobic.001G389900,GRMZM2G175038
Sobic.003G003700,GRMZM2G175065
Sobic.001G310300,GRMZM2G175134
Sobic.001G483600,GRMZM2G175164
Sobic.007G047000,GRMZM2G175165
Sobic.004G224100,GRMZM2G175177
Sobic.007G047100,GRMZM2G175207
Sobic.006G257400,GRMZM2G175343
Sobic.007G065600,GRMZM2G175401
Sobic.007G181600,GRMZM2G175423
Sobic.004G075000,GRMZM2G175425
Sobic.003G281600,GRMZM2G175444
Sobic.006G204100,GRMZM2G175447
Sobic.005G045000,GRMZM2G175453
Sobic.006G176800,GRMZM2G175504
Sobic.009G074900,GRMZM2G175513
Sobic.009G075000,GRMZM2G175513
Sobic.006G185700,GRMZM2G175728
Sobic.002G310200,GRMZM2G175799
Sobic.002G310600,GRMZM2G175812
Sobic.006G168300,GRMZM2G175816
Sobic.007G181500,GRMZM2G175856
Sobic.009G146400,GRMZM2G175860
Sobic.004G248900,GRMZM2G175875
Sobic.002G188900,GRMZM2G175910
Sobic.007G016600,GRMZM2G175989
Sobic.007G015600,GRMZM2G175995
Sobic.008G171900,GRMZM2G176047
Sobic.010G096200,GRMZM2G176081
Sobic.002G083600,GRMZM2G176175
Sobic.004G099700,GRMZM2G176206
Sobic.001G195800,GRMZM2G176209
Sobic.004G193000,GRMZM2G176253
Sobic.004G257600,GRMZM2G176270
Sobic.006G038100,GRMZM2G176274
Sobic.004G188000,GRMZM2G176358
Sobic.009G195700,GRMZM2G176396
Sobic.003G068300,GRMZM2G176446
Sobic.003G068600,GRMZM2G176446
Sobic.003G068800,GRMZM2G176446
Sobic.003G068900,GRMZM2G176446
Sobic.003G068950,GRMZM2G176446
Sobic.003G069000,GRMZM2G176446
Sobic.003G069200,GRMZM2G176446
Sobic.003G069300,GRMZM2G176446
Sobic.009G008600,GRMZM2G176455
Sobic.009G008701,GRMZM2G176455
Sobic.009G121100,GRMZM2G176465
Sobic.008G123100,GRMZM2G176472
Sobic.009G121200,GRMZM2G176495
Sobic.001G512900,GRMZM2G176499
Sobic.003G037300,GRMZM2G176506
Sobic.003G390800,GRMZM2G176542
Sobic.008G010800,GRMZM2G176546
Sobic.001G523866,GRMZM2G176548
Sobic.003G390700,GRMZM2G176576
Sobic.006G179900,GRMZM2G176647
Sobic.001G050700,GRMZM2G176662
Sobic.006G281900,GRMZM2G176677
Sobic.005G104500,GRMZM2G176698
Sobic.003G297700,GRMZM2G176699
Sobic.002G185500,GRMZM2G176721
Sobic.001G114000,GRMZM2G176735
Sobic.002G185400,GRMZM2G176759
Sobic.002G185300,GRMZM2G176780
Sobic.001G527100,GRMZM2G176820
Sobic.001G527000,GRMZM2G176840
Sobic.006G281700,GRMZM2G176881
Sobic.001G181600,GRMZM2G176905
Sobic.009G056800,GRMZM2G176910
Sobic.003G283300,GRMZM2G176912
Sobic.004G128200,GRMZM2G176922
Sobic.007G223000,GRMZM2G176962
Sobic.003G154100,GRMZM2G176963
Sobic.009G118300,GRMZM2G176995
Sobic.009G118400,GRMZM2G177001
Sobic.009G054700,GRMZM2G177026
Sobic.006G111600,GRMZM2G177070
Sobic.010G133000,GRMZM2G177084
Sobic.010G070500,GRMZM2G177098
Sobic.002G003100,GRMZM2G177104
Sobic.006G243000,GRMZM2G177145
Sobic.003G393200,GRMZM2G177198
Sobic.010G070750,GRMZM2G177218
Sobic.003G393400,GRMZM2G177227
Sobic.003G393500,GRMZM2G177227
Sobic.002G249500,GRMZM2G177229
Sobic.010G071100,GRMZM2G177231
Sobic.003G062000,GRMZM2G177242
Sobic.003G393600,GRMZM2G177244
Sobic.003G313400,GRMZM2G177259
Sobic.006G209500,GRMZM2G177263
Sobic.006G282200,GRMZM2G177273
Sobic.004G160500,GRMZM2G177298
Sobic.004G160300,GRMZM2G177356
Sobic.003G231300,GRMZM2G177384
Sobic.001G307900,GRMZM2G177400
Sobic.001G031000,GRMZM2G177490
Sobic.001G374000,GRMZM2G177532
Sobic.010G241900,GRMZM2G177535
Sobic.002G119100,GRMZM2G177539
Sobic.006G031300,GRMZM2G177575
Sobic.006G031400,GRMZM2G177596
Sobic.007G051400,GRMZM2G177621
Sobic.010G199200,GRMZM2G177659
Sobic.002G389200,GRMZM2G177715
Sobic.006G155700,GRMZM2G177812
Sobic.001G088400,GRMZM2G177867
Sobic.006G157700,GRMZM2G177923
Sobic.001G088200,GRMZM2G177928
Sobic.006G157600,GRMZM2G177937
Sobic.001G140700,GRMZM2G177947
Sobic.003G292300,GRMZM2G177970
Sobic.007G050800,GRMZM2G178014
Sobic.005G216600,GRMZM2G178046
Sobic.004G338000,GRMZM2G178074
Sobic.002G115200,GRMZM2G178140
Sobic.007G009200,GRMZM2G178192
Sobic.003G047500,GRMZM2G178209
Sobic.003G047600,GRMZM2G178209
Sobic.003G258900,GRMZM2G178227
Sobic.001G059100,GRMZM2G178415
Sobic.003G122300,GRMZM2G178460
Sobic.006G036400,GRMZM2G178486
Sobic.004G226200,GRMZM2G178497
Sobic.002G198300,GRMZM2G178522
Sobic.003G355600,GRMZM2G178533
Sobic.001G506000,GRMZM2G178571
Sobic.001G295100,GRMZM2G178576
Sobic.004G225300,GRMZM2G178595
Sobic.006G149800,GRMZM2G178681
Sobic.006G150100,GRMZM2G178693
Sobic.003G325100,GRMZM2G178704
Sobic.006G150200,GRMZM2G178709
Sobic.008G014700,GRMZM2G178734
Sobic.003G082800,GRMZM2G178769
Sobic.003G082900,GRMZM2G178769
Sobic.007G085001,GRMZM2G178807
Sobic.007G085000,GRMZM2G178807
Sobic.003G111100,GRMZM2G178875
Sobic.004G334100,GRMZM2G178887
Sobic.004G334000,GRMZM2G178892
Sobic.001G455300,GRMZM2G178894
Sobic.007G150200,GRMZM2G178913
Sobic.004G329300,GRMZM2G178958
Sobic.004G329400,GRMZM2G178996
Sobic.006G160900,GRMZM2G178998
Sobic.007G055500,GRMZM2G179092
Sobic.007G055600,GRMZM2G179092
Sobic.007G055700,GRMZM2G179092
Sobic.001G322600,GRMZM2G179220
Sobic.006G111300,GRMZM2G179253
Sobic.006G111400,GRMZM2G179268
Sobic.009G018200,GRMZM2G179270
Sobic.009G018900,GRMZM2G179270
Sobic.009G019200,GRMZM2G179270
Sobic.009G129700,GRMZM2G179279
Sobic.008G138500,GRMZM2G179281
Sobic.010G259100,GRMZM2G179292
Sobic.004G202400,GRMZM2G179294
Sobic.009G130400,GRMZM2G179346
Sobic.007G221100,GRMZM2G179351
Sobic.007G197000,GRMZM2G179354
Sobic.001G409500,GRMZM2G179411
Sobic.002G003000,GRMZM2G179429
Sobic.004G065500,GRMZM2G179454
Sobic.001G409400,GRMZM2G179462
Sobic.003G435700,GRMZM2G179465
Sobic.001G106900,GRMZM2G179473
Sobic.001G339100,GRMZM2G179521
Sobic.007G173200,GRMZM2G179677
Sobic.002G298300,GRMZM2G179689
Sobic.007G165800,GRMZM2G179703
Sobic.003G445100,GRMZM2G179715
Sobic.003G445400,GRMZM2G179732
Sobic.004G243300,GRMZM2G179761
Sobic.004G243000,GRMZM2G179768
Sobic.009G219900,GRMZM2G179793
Sobic.009G220000,GRMZM2G179797
Sobic.004G150400,GRMZM2G179802
Sobic.006G090300,GRMZM2G179827
Sobic.006G090400,GRMZM2G179827
Sobic.009G131200,GRMZM2G179848
Sobic.001G103200,GRMZM2G179906
Sobic.003G126700,GRMZM2G179910
Sobic.004G130800,GRMZM2G179981
Sobic.003G114700,GRMZM2G180065
Sobic.002G319400,GRMZM2G180080
Sobic.002G319500,GRMZM2G180080
Sobic.002G319600,GRMZM2G180080
Sobic.002G319700,GRMZM2G180080
Sobic.002G319766,GRMZM2G180080
Sobic.002G319832,GRMZM2G180080
Sobic.002G319900,GRMZM2G180080
Sobic.006G201700,GRMZM2G180160
Sobic.008G017100,GRMZM2G180166
Sobic.007G047500,GRMZM2G180168
Sobic.008G017200,GRMZM2G180205
Sobic.001G101700,GRMZM2G180246
Sobic.008G018400,GRMZM2G180262
Sobic.009G142200,GRMZM2G180328
Sobic.004G333500,GRMZM2G180384
Sobic.004G333400,GRMZM2G180418
Sobic.004G333100,GRMZM2G180422
Sobic.001G447900,GRMZM2G180458
Sobic.002G358100,GRMZM2G180490
Sobic.003G376400,GRMZM2G180509
Sobic.007G173000,GRMZM2G180575
Sobic.008G042300,GRMZM2G180596
Sobic.003G098900,GRMZM2G180605
Sobic.006G065600,GRMZM2G180612
Sobic.003G099166,GRMZM2G180620
Sobic.003G226000,GRMZM2G180714
Sobic.003G226200,GRMZM2G180732
Sobic.003G226300,GRMZM2G180732
Sobic.005G059600,GRMZM2G180811
Sobic.003G231900,GRMZM2G180815
Sobic.010G193600,GRMZM2G180863
Sobic.006G228100,GRMZM2G180870
Sobic.001G389800,GRMZM2G180889
Sobic.001G294400,GRMZM2G180916
Sobic.004G261300,GRMZM2G180922
Sobic.004G261400,GRMZM2G180926
Sobic.001G521500,GRMZM2G180951
Sobic.004G263200,GRMZM2G180983
Sobic.001G529400,GRMZM2G181153
Sobic.009G145000,GRMZM2G181206
Sobic.001G195100,GRMZM2G181236
Sobic.001G195200,GRMZM2G181236
Sobic.001G195300,GRMZM2G181236
Sobic.001G195500,GRMZM2G181236
Sobic.009G157300,GRMZM2G181259
Sobic.004G275600,GRMZM2G181273
Sobic.002G408400,GRMZM2G181284
Sobic.002G236700,GRMZM2G181390
Sobic.005G080900,GRMZM2G181422
Sobic.005G132300,GRMZM2G181456
Sobic.004G246200,GRMZM2G181505
Sobic.004G246300,GRMZM2G181507
Sobic.005G103800,GRMZM2G181536
Sobic.008G019100,GRMZM2G181546
Sobic.002G421400,GRMZM2G181605
Sobic.002G421600,GRMZM2G181607
Sobic.004G268900,GRMZM2G181637
Sobic.010G267700,GRMZM2G300133
Sobic.010G267600,GRMZM2G300135
Sobic.010G060000,GRMZM2G300408
Sobic.002G390800,GRMZM2G300709
Sobic.004G206900,GRMZM2G300771
Sobic.008G176900,GRMZM2G300786
Sobic.008G176800,GRMZM2G300788
Sobic.001G498500,GRMZM2G300801
Sobic.004G209100,GRMZM2G300812
Sobic.004G115800,GRMZM2G300841
Sobic.003G412100,GRMZM2G300862
Sobic.004G007900,GRMZM2G300866
Sobic.008G118700,GRMZM2G300965
Sobic.008G119501,GRMZM2G300969
Sobic.001G096000,GRMZM2G301071
Sobic.001G095700,GRMZM2G301089
Sobic.008G047300,GRMZM2G301122
Sobic.006G112800,GRMZM2G301194
Sobic.001G357700,GRMZM2G301271
Sobic.001G357800,GRMZM2G301271
Sobic.002G262700,GRMZM2G301536
Sobic.007G029700,GRMZM2G301803
Sobic.001G396300,GRMZM2G301823
Sobic.007G029500,GRMZM2G301884
Sobic.002G246700,GRMZM2G301904
Sobic.010G200700,GRMZM2G301909
Sobic.002G395200,GRMZM2G301932
Sobic.002G395300,GRMZM2G301934
Sobic.003G349400,GRMZM2G302171
Sobic.002G117600,GRMZM2G302553
Sobic.002G208900,GRMZM2G302673
Sobic.002G102200,GRMZM2G302778
Sobic.008G104400,GRMZM2G302883
Sobic.009G110400,GRMZM2G302912
Sobic.001G313400,GRMZM2G303007
Sobic.008G166400,GRMZM2G303010
Sobic.008G166550,GRMZM2G303010
Sobic.008G167300,GRMZM2G303010
Sobic.008G167500,GRMZM2G303010
Sobic.007G178000,GRMZM2G303149
Sobic.007G177300,GRMZM2G303157
Sobic.007G177901,GRMZM2G303157
Sobic.004G056201,GRMZM2G303241
Sobic.001G487500,GRMZM2G303361
Sobic.005G176000,GRMZM2G303431
Sobic.008G098900,GRMZM2G303655
Sobic.003G103701,GRMZM2G303661
Sobic.010G173600,GRMZM2G303707
Sobic.003G058800,GRMZM2G303752
Sobic.010G013100,GRMZM2G303775
Sobic.001G236900,GRMZM2G303965
Sobic.007G034600,GRMZM2G304010
Sobic.009G100900,GRMZM2G304108
Sobic.001G307000,GRMZM2G304132
Sobic.010G054800,GRMZM2G304378
Sobic.001G333400,GRMZM2G304442
Sobic.006G160000,GRMZM2G304745
Sobic.001G280300,GRMZM2G304897
Sobic.008G028400,GRMZM2G304965
Sobic.006G235400,GRMZM2G305007
Sobic.003G021500,GRMZM2G305048
Sobic.003G021600,GRMZM2G305060
Sobic.004G020600,GRMZM2G305124
Sobic.010G253500,GRMZM2G305148
Sobic.010G254000,GRMZM2G305148
Sobic.009G183200,GRMZM2G305159
Sobic.002G349200,GRMZM2G305196
Sobic.002G350000,GRMZM2G305196
Sobic.001G349600,GRMZM2G305400
Sobic.002G220900,GRMZM2G305406
Sobic.003G240400,GRMZM2G305439
Sobic.001G422300,GRMZM2G305526
Sobic.010G174500,GRMZM2G305822
Sobic.003G067700,GRMZM2G305834
Sobic.009G124000,GRMZM2G305851
Sobic.009G016600,GRMZM2G305856
Sobic.001G281700,GRMZM2G306079
Sobic.001G281800,GRMZM2G306104
Sobic.003G323700,GRMZM2G306143
Sobic.003G194500,GRMZM2G306357
Sobic.006G213400,GRMZM2G306374
Sobic.008G133900,GRMZM2G306616
Sobic.001G425400,GRMZM2G306732
Sobic.005G017566,GRMZM2G306734
Sobic.005G017700,GRMZM2G306734
Sobic.006G151200,GRMZM2G306741
Sobic.004G078400,GRMZM2G306771
Sobic.010G188500,GRMZM2G306915
Sobic.002G182000,GRMZM2G306935
Sobic.003G380900,GRMZM2G307152
Sobic.010G042300,GRMZM2G307495
Sobic.001G466800,GRMZM2G307529
Sobic.001G181000,GRMZM2G307908
Sobic.001G404500,GRMZM2G307992
Sobic.006G021300,GRMZM2G308046
Sobic.006G021400,GRMZM2G308046
Sobic.006G021500,GRMZM2G308046
Sobic.005G096000,GRMZM2G308064
Sobic.005G096201,GRMZM2G308064
Sobic.004G003401,GRMZM2G308106
Sobic.004G205200,GRMZM2G308189
Sobic.004G205500,GRMZM2G308203
Sobic.009G061700,GRMZM2G308440
Sobic.002G219400,GRMZM2G308503
Sobic.003G005700,GRMZM2G308619
Sobic.001G369500,GRMZM2G308666
Sobic.001G065800,GRMZM2G308687
Sobic.001G065900,GRMZM2G308687
Sobic.001G066000,GRMZM2G308687
Sobic.009G126000,GRMZM2G308707
Sobic.005G225800,GRMZM2G308860
Sobic.010G222900,GRMZM2G308884
Sobic.002G334900,GRMZM2G309025
Sobic.003G005100,GRMZM2G309063
Sobic.009G115300,GRMZM2G309071
Sobic.009G115400,GRMZM2G309071
Sobic.003G004800,GRMZM2G309152
Sobic.002G326650,GRMZM2G309258
Sobic.002G326800,GRMZM2G309258
Sobic.004G210200,GRMZM2G309368
Sobic.002G326500,GRMZM2G309380
Sobic.002G312600,GRMZM2G309441
Sobic.003G438600,GRMZM2G309512
Sobic.003G299500,GRMZM2G309660
Sobic.007G188701,GRMZM2G309731
Sobic.003G083500,GRMZM2G309897
Sobic.007G047600,GRMZM2G309933
Sobic.003G428600,GRMZM2G310069
Sobic.002G383600,GRMZM2G310283
Sobic.010G177200,GRMZM2G310362
Sobic.007G032300,GRMZM2G310453
Sobic.009G210900,GRMZM2G310739
Sobic.009G211100,GRMZM2G310758
Sobic.003G281900,GRMZM2G311003
Sobic.007G063200,GRMZM2G311316
Sobic.005G063100,GRMZM2G311500
Sobic.002G420300,GRMZM2G311665
Sobic.006G122400,GRMZM2G311756
Sobic.004G109000,GRMZM2G311919
Sobic.001G054100,GRMZM2G311961
Sobic.001G054000,GRMZM2G312091
Sobic.001G242300,GRMZM2G312165
Sobic.003G334200,GRMZM2G312201
Sobic.004G156300,GRMZM2G312274
Sobic.001G529800,GRMZM2G312438
Sobic.004G022950,GRMZM2G312597
Sobic.003G379900,GRMZM2G312672
Sobic.010G073000,GRMZM2G312732
Sobic.002G047500,GRMZM2G312839
Sobic.004G158500,GRMZM2G312871
Sobic.002G047400,GRMZM2G312910
Sobic.004G254600,GRMZM2G312944
Sobic.002G380100,GRMZM2G312954
Sobic.009G008200,GRMZM2G312970
Sobic.001G339400,GRMZM2G313009
Sobic.006G201900,GRMZM2G313020
Sobic.009G187900,GRMZM2G313058
Sobic.009G187600,GRMZM2G313068
Sobic.009G187500,GRMZM2G313078
Sobic.009G187300,GRMZM2G313101
Sobic.001G339200,GRMZM2G313104
Sobic.001G339300,GRMZM2G313104
Sobic.005G069000,GRMZM2G313181
Sobic.005G069332,GRMZM2G313181
Sobic.005G069800,GRMZM2G313181
Sobic.005G069900,GRMZM2G313181
Sobic.007G014200,GRMZM2G313184
Sobic.005G068900,GRMZM2G313199
Sobic.005G069166,GRMZM2G313199
Sobic.005G069500,GRMZM2G313199
Sobic.005G069700,GRMZM2G313199
Sobic.005G070000,GRMZM2G313199
Sobic.005G070200,GRMZM2G313199
Sobic.007G008400,GRMZM2G313316
Sobic.010G278100,GRMZM2G313341
Sobic.009G025400,GRMZM2G313448
Sobic.002G363700,GRMZM2G313553
Sobic.004G103700,GRMZM2G313703
Sobic.003G025700,GRMZM2G313867
Sobic.003G158500,GRMZM2G314075
Sobic.010G134000,GRMZM2G314094
Sobic.006G192700,GRMZM2G314386
Sobic.006G192400,GRMZM2G314412
Sobic.003G294400,GRMZM2G314520
Sobic.003G114400,GRMZM2G314563
Sobic.007G084800,GRMZM2G314593
Sobic.004G209800,GRMZM2G314656
Sobic.001G534300,GRMZM2G314660
Sobic.008G033900,GRMZM2G314661
Sobic.003G152300,GRMZM2G314667
Sobic.002G232400,GRMZM2G314679
Sobic.003G037800,GRMZM2G314898
Sobic.004G302500,GRMZM2G315121
Sobic.004G263400,GRMZM2G315127
Sobic.004G263600,GRMZM2G315176
Sobic.005G098800,GRMZM2G315264
Sobic.001G481201,GRMZM2G315321
Sobic.007G163800,GRMZM2G315375
Sobic.002G188700,GRMZM2G315431
Sobic.001G492700,GRMZM2G315601
Sobic.004G252300,GRMZM2G315723
Sobic.004G252400,GRMZM2G315726
Sobic.007G076100,GRMZM2G315767
Sobic.003G339800,GRMZM2G315769
Sobic.001G500600,GRMZM2G315806
Sobic.008G140100,GRMZM2G315848
Sobic.008G140300,GRMZM2G315848
Sobic.009G066100,GRMZM2G316030
Sobic.002G381300,GRMZM2G316033
Sobic.010G188000,GRMZM2G316232
Sobic.008G113800,GRMZM2G316593
Sobic.003G231100,GRMZM2G316635
Sobic.008G113900,GRMZM2G316665
Sobic.006G086000,GRMZM2G316840
Sobic.002G104300,GRMZM2G317051
Sobic.007G084100,GRMZM2G317098
Sobic.001G392700,GRMZM2G317160
Sobic.003G294200,GRMZM2G317285
Sobic.008G012700,GRMZM2G317287
Sobic.001G446500,GRMZM2G317317
Sobic.001G299400,GRMZM2G317386
Sobic.004G253300,GRMZM2G317450
Sobic.004G253400,GRMZM2G317451
Sobic.005G059300,GRMZM2G317696
Sobic.007G188100,GRMZM2G317770
Sobic.003G089000,GRMZM2G317835
Sobic.010G253300,GRMZM2G317900
Sobic.009G073000,GRMZM2G318213
Sobic.002G215600,GRMZM2G318319
Sobic.007G152400,GRMZM2G318475
Sobic.003G214200,GRMZM2G318526
Sobic.006G191900,GRMZM2G318527
Sobic.004G093800,GRMZM2G318633
Sobic.004G327700,GRMZM2G318635
Sobic.001G378300,GRMZM2G318780
Sobic.007G161700,GRMZM2G318794
Sobic.002G387400,GRMZM2G318843
Sobic.002G296000,GRMZM2G318849
Sobic.003G013400,GRMZM2G318862
Sobic.001G190500,GRMZM2G318882
Sobic.001G522600,GRMZM2G319022
Sobic.009G000100,GRMZM2G319104
Sobic.009G125400,GRMZM2G319109
Sobic.005G161000,GRMZM2G319123
Sobic.003G052800,GRMZM2G319169
Sobic.008G102800,GRMZM2G319262
Sobic.001G141700,GRMZM2G319281
Sobic.007G171400,GRMZM2G319357
Sobic.008G057600,GRMZM2G319435
Sobic.006G010301,GRMZM2G319445
Sobic.006G010700,GRMZM2G319454
Sobic.004G035300,GRMZM2G319573
Sobic.001G409300,GRMZM2G319781
Sobic.002G194500,GRMZM2G319798
Sobic.003G308200,GRMZM2G320013
Sobic.008G055200,GRMZM2G320023
Sobic.001G256700,GRMZM2G320085
Sobic.001G531400,GRMZM2G320099
Sobic.001G531100,GRMZM2G320111
Sobic.001G189000,GRMZM2G320269
Sobic.004G160100,GRMZM2G320287
Sobic.004G266400,GRMZM2G320307
Sobic.004G266500,GRMZM2G320307
Sobic.001G382800,GRMZM2G320325
Sobic.009G222000,GRMZM2G320373
Sobic.009G222200,GRMZM2G320399
Sobic.003G078400,GRMZM2G320521
Sobic.002G095700,GRMZM2G320703
Sobic.007G169000,GRMZM2G320708
Sobic.002G092300,GRMZM2G320920
Sobic.006G064500,GRMZM2G320941
Sobic.006G064700,GRMZM2G320941
Sobic.002G117000,GRMZM2G320949
Sobic.001G423500,GRMZM2G320960
Sobic.007G115700,GRMZM2G321010
Sobic.001G520400,GRMZM2G321041
Sobic.001G520800,GRMZM2G321053
Sobic.005G096400,GRMZM2G321153
Sobic.006G251100,GRMZM2G321394
Sobic.008G139300,GRMZM2G321747
Sobic.008G139400,GRMZM2G321747
Sobic.001G400500,GRMZM2G321753
Sobic.009G245700,GRMZM2G321778
Sobic.003G320800,GRMZM2G321839
Sobic.001G400400,GRMZM2G321870
Sobic.001G280500,GRMZM2G321940
Sobic.008G132900,GRMZM2G322024
Sobic.004G054000,GRMZM2G322129
Sobic.009G136800,GRMZM2G322220
Sobic.002G174900,GRMZM2G322314
Sobic.002G243100,GRMZM2G322351
Sobic.002G415500,GRMZM2G322413
Sobic.004G038100,GRMZM2G322493
Sobic.002G416100,GRMZM2G322547
Sobic.003G319500,GRMZM2G322728
Sobic.007G183500,GRMZM2G322748
Sobic.006G177800,GRMZM2G322819
Sobic.006G120200,GRMZM2G323309
Sobic.003G026900,GRMZM2G323353
Sobic.002G002600,GRMZM2G323499
Sobic.004G076400,GRMZM2G323553
Sobic.004G076600,GRMZM2G323553
Sobic.004G076666,GRMZM2G323553
Sobic.006G134900,GRMZM2G323679
Sobic.009G131400,GRMZM2G323757
Sobic.006G087200,GRMZM2G323844
Sobic.009G064000,GRMZM2G323888
Sobic.009G173900,GRMZM2G323938
Sobic.001G139700,GRMZM2G323943
Sobic.008G051500,GRMZM2G324131
Sobic.008G034000,GRMZM2G324231
Sobic.002G216900,GRMZM2G324254
Sobic.010G160400,GRMZM2G324297
Sobic.002G314500,GRMZM2G325008
Sobic.004G269600,GRMZM2G325019
Sobic.007G118400,GRMZM2G325026
Sobic.004G269500,GRMZM2G325038
Sobic.005G165700,GRMZM2G325118
Sobic.006G101100,GRMZM2G325139
Sobic.006G101400,GRMZM2G325139
Sobic.001G523000,GRMZM2G325462
Sobic.006G169900,GRMZM2G325513
Sobic.005G004500,GRMZM2G325575
Sobic.004G191400,GRMZM2G325683
Sobic.006G017100,GRMZM2G325749
Sobic.009G112800,GRMZM2G325804
Sobic.007G039100,GRMZM2G325907
Sobic.004G162000,GRMZM2G326111
Sobic.005G097600,GRMZM2G326114
Sobic.001G359900,GRMZM2G326248
Sobic.002G403500,GRMZM2G326263
Sobic.002G403700,GRMZM2G326328
Sobic.003G080300,GRMZM2G326465
Sobic.003G080400,GRMZM2G326465
Sobic.003G081500,GRMZM2G326465
Sobic.003G081601,GRMZM2G326465
Sobic.010G207400,GRMZM2G326472
Sobic.004G077000,GRMZM2G326545
Sobic.007G217600,GRMZM2G326627
Sobic.002G373700,GRMZM2G326788
Sobic.002G423400,GRMZM2G327042
Sobic.001G525900,GRMZM2G327059
Sobic.007G106800,GRMZM2G327174
Sobic.003G253200,GRMZM2G327189
Sobic.006G016700,GRMZM2G327247
Sobic.006G113100,GRMZM2G327295
Sobic.003G205200,GRMZM2G327311
Sobic.003G232100,GRMZM2G327357
Sobic.002G408200,GRMZM2G327394
Sobic.001G240400,GRMZM2G327605
Sobic.006G276533,GRMZM2G328113
Sobic.002G055700,GRMZM2G328171
Sobic.001G084500,GRMZM2G328224
Sobic.010G057500,GRMZM2G328612
Sobic.001G191800,GRMZM2G328671
Sobic.005G041400,GRMZM2G328742
Sobic.006G168800,GRMZM2G328781
Sobic.009G087600,GRMZM2G328785
Sobic.003G384100,GRMZM2G328795
Sobic.004G141600,GRMZM2G328961
Sobic.004G108200,GRMZM2G329029
Sobic.001G393300,GRMZM2G329040
Sobic.003G382800,GRMZM2G329069
Sobic.007G175500,GRMZM2G329146
Sobic.001G063700,GRMZM2G329300
Sobic.009G222700,GRMZM2G329645
Sobic.007G203400,GRMZM2G329750
Sobic.001G169500,GRMZM2G329757
Sobic.010G251800,GRMZM2G329999
Sobic.010G252500,GRMZM2G330012
Sobic.003G339300,GRMZM2G330153
Sobic.001G544500,GRMZM2G330436
Sobic.001G151500,GRMZM2G330453
Sobic.001G360200,GRMZM2G330650
Sobic.004G108100,GRMZM2G330698
Sobic.010G217900,GRMZM2G331015
Sobic.006G278100,GRMZM2G331027
Sobic.004G275700,GRMZM2G331032
Sobic.006G276900,GRMZM2G331250
Sobic.001G210600,GRMZM2G331599
Sobic.001G210800,GRMZM2G331599
Sobic.001G471800,GRMZM2G331638
Sobic.003G274700,GRMZM2G331720
Sobic.006G146900,GRMZM2G331779
Sobic.003G149800,GRMZM2G331811
Sobic.009G210000,GRMZM2G331833
Sobic.008G142600,GRMZM2G331902
Sobic.009G127201,GRMZM2G332107
Sobic.003G374400,GRMZM2G332258
Sobic.001G237800,GRMZM2G332412
Sobic.001G238200,GRMZM2G332412
Sobic.005G147032,GRMZM2G332483
Sobic.005G147100,GRMZM2G332483
Sobic.005G147200,GRMZM2G332483
Sobic.005G147400,GRMZM2G332483
Sobic.005G147500,GRMZM2G332483
Sobic.005G147700,GRMZM2G332483
Sobic.005G150100,GRMZM2G332483
Sobic.005G150150,GRMZM2G332483
Sobic.005G072300,GRMZM2G332505
Sobic.005G072500,GRMZM2G332505
Sobic.004G074500,GRMZM2G332562
Sobic.008G161900,GRMZM2G332821
Sobic.004G217900,GRMZM2G332843
Sobic.002G280300,GRMZM2G333042
Sobic.001G544400,GRMZM2G333069
Sobic.002G088800,GRMZM2G333142
Sobic.003G056100,GRMZM2G333623
Sobic.001G277400,GRMZM2G333641
Sobic.005G081000,GRMZM2G333678
Sobic.003G205600,GRMZM2G333811
Sobic.003G271400,GRMZM2G333833
Sobic.002G056000,GRMZM2G333916
Sobic.009G014700,GRMZM2G334181
Sobic.003G063200,GRMZM2G334628
Sobic.005G176800,GRMZM2G334631
Sobic.005G176875,GRMZM2G334631
Sobic.005G176950,GRMZM2G334631
Sobic.005G177200,GRMZM2G334631
Sobic.007G156900,GRMZM2G334639
Sobic.009G200400,GRMZM2G334658
Sobic.004G059100,GRMZM2G334722
Sobic.006G246600,GRMZM2G334734
Sobic.003G063500,GRMZM2G334740
Sobic.003G063600,GRMZM2G334741
Sobic.002G275800,GRMZM2G335111
Sobic.010G104300,GRMZM2G335242
Sobic.004G243500,GRMZM2G335280
Sobic.002G111300,GRMZM2G335407
Sobic.002G388100,GRMZM2G335738
Sobic.001G174100,GRMZM2G335814
Sobic.001G174200,GRMZM2G335814
Sobic.001G174300,GRMZM2G335814
Sobic.001G174500,GRMZM2G335814
Sobic.003G049700,GRMZM2G336437
Sobic.009G016400,GRMZM2G336583
Sobic.008G171200,GRMZM2G336793
Sobic.004G147800,GRMZM2G336858
Sobic.003G094800,GRMZM2G336879
Sobic.007G198400,GRMZM2G337139
Sobic.007G198500,GRMZM2G337139
Sobic.007G198700,GRMZM2G337139
Sobic.007G198800,GRMZM2G337139
Sobic.009G038701,GRMZM2G337143
Sobic.006G167700,GRMZM2G337229
Sobic.008G117400,GRMZM2G337706
Sobic.008G118000,GRMZM2G337706
Sobic.001G265700,GRMZM2G337766
Sobic.006G278200,GRMZM2G337792
Sobic.010G213900,GRMZM2G338376
Sobic.003G047800,GRMZM2G338465
Sobic.001G431700,GRMZM2G338702
Sobic.009G090000,GRMZM2G339091
Sobic.009G090100,GRMZM2G339091
Sobic.006G234200,GRMZM2G339117
Sobic.003G338801,GRMZM2G339122
Sobic.005G062500,GRMZM2G339327
Sobic.001G114550,GRMZM2G339452
Sobic.001G114600,GRMZM2G339452
Sobic.004G180700,GRMZM2G339523
Sobic.001G504900,GRMZM2G339563
Sobic.003G372400,GRMZM2G339699
Sobic.002G207000,GRMZM2G339728
Sobic.009G041700,GRMZM2G339820
Sobic.003G108000,GRMZM2G339866
Sobic.004G249700,GRMZM2G339943
Sobic.002G253800,GRMZM2G340139
Sobic.010G172800,GRMZM2G340177
Sobic.001G027800,GRMZM2G340257
Sobic.001G347100,GRMZM2G340279
Sobic.001G347201,GRMZM2G340286
Sobic.003G093100,GRMZM2G340342
Sobic.009G110200,GRMZM2G340444
Sobic.009G110500,GRMZM2G340444
Sobic.002G234500,GRMZM2G340447
Sobic.002G252400,GRMZM2G340456
Sobic.002G075800,GRMZM2G340656
Sobic.006G189200,GRMZM2G341089
Sobic.001G340000,GRMZM2G341271
Sobic.007G038100,GRMZM2G341302
Sobic.007G038200,GRMZM2G341304
Sobic.001G432700,GRMZM2G341309
Sobic.003G139700,GRMZM2G341366
Sobic.001G159900,GRMZM2G341410
Sobic.004G250100,GRMZM2G341479
Sobic.002G013700,GRMZM2G341621
Sobic.010G103300,GRMZM2G341658
Sobic.009G052600,GRMZM2G341729
Sobic.004G087200,GRMZM2G341770
Sobic.004G087300,GRMZM2G341770
Sobic.001G528100,GRMZM2G341934
Sobic.004G262900,GRMZM2G341957
Sobic.004G263000,GRMZM2G341957
Sobic.001G136400,GRMZM2G341959
Sobic.006G199200,GRMZM2G342039
Sobic.001G162500,GRMZM2G342105
Sobic.002G393600,GRMZM2G342203
Sobic.002G394100,GRMZM2G342203
Sobic.005G123000,GRMZM2G342217
Sobic.002G426300,GRMZM2G342386
Sobic.001G452100,GRMZM2G342685
Sobic.010G185800,GRMZM2G342738
Sobic.007G004400,GRMZM2G342963
Sobic.007G056300,GRMZM2G343080
Sobic.003G373500,GRMZM2G343218
Sobic.007G056800,GRMZM2G343519
Sobic.001G508700,GRMZM2G343767
Sobic.001G245800,GRMZM2G343854
Sobic.004G023100,GRMZM2G344212
Sobic.002G066000,GRMZM2G344606
Sobic.002G066200,GRMZM2G344606
Sobic.010G012800,GRMZM2G344634
Sobic.003G246200,GRMZM2G344848
Sobic.004G349150,GRMZM2G344895
Sobic.004G349237,GRMZM2G344974
Sobic.010G179150,GRMZM2G344993
Sobic.010G179500,GRMZM2G344993
Sobic.010G188300,GRMZM2G345493
Sobic.010G188400,GRMZM2G345544
Sobic.001G078300,GRMZM2G345582
Sobic.006G212000,GRMZM2G345667
Sobic.004G000700,GRMZM2G345717
Sobic.001G194200,GRMZM2G345725
Sobic.001G194000,GRMZM2G345776
Sobic.004G286200,GRMZM2G345991
Sobic.008G048000,GRMZM2G346110
Sobic.005G018050,GRMZM2G346113
Sobic.004G122500,GRMZM2G346133
Sobic.003G390100,GRMZM2G346138
Sobic.004G151500,GRMZM2G346207
Sobic.001G122900,GRMZM2G346263
Sobic.001G208100,GRMZM2G346455
Sobic.003G024100,GRMZM2G346466
Sobic.003G252600,GRMZM2G346639
Sobic.005G189000,GRMZM2G346895
Sobic.007G160400,GRMZM2G346920
Sobic.006G168900,GRMZM2G346982
Sobic.006G169000,GRMZM2G347027
Sobic.003G424000,GRMZM2G347146
Sobic.003G424100,GRMZM2G347146
Sobic.007G124200,GRMZM2G347280
Sobic.006G142700,GRMZM2G347361
Sobic.001G347500,GRMZM2G347583
Sobic.010G256000,GRMZM2G347605
Sobic.010G255500,GRMZM2G347766
Sobic.004G267800,GRMZM2G347767
Sobic.010G247100,GRMZM2G347789
Sobic.001G346900,GRMZM2G347808
Sobic.010G213000,GRMZM2G347931
Sobic.010G213100,GRMZM2G347931
Sobic.001G005500,GRMZM2G347956
Sobic.003G046800,GRMZM2G348238
Sobic.007G151400,GRMZM2G348452
Sobic.001G080800,GRMZM2G348578
Sobic.005G199200,GRMZM2G348675
Sobic.009G119000,GRMZM2G348697
Sobic.009G236600,GRMZM2G348912
Sobic.002G409300,GRMZM2G348914
Sobic.006G270200,GRMZM2G348956
Sobic.006G270000,GRMZM2G348959
Sobic.001G048400,GRMZM2G349062
Sobic.001G048500,GRMZM2G349062
Sobic.001G048600,GRMZM2G349062
Sobic.001G292100,GRMZM2G349185
Sobic.003G265300,GRMZM2G349243
Sobic.003G239400,GRMZM2G349407
Sobic.003G324100,GRMZM2G349603
Sobic.007G158600,GRMZM2G349749
Sobic.005G224300,GRMZM2G349791
Sobic.005G224400,GRMZM2G349791
Sobic.005G040000,GRMZM2G350177
Sobic.005G040800,GRMZM2G350177
Sobic.002G020500,GRMZM2G350205
Sobic.001G355600,GRMZM2G350312
Sobic.010G018900,GRMZM2G350319
Sobic.003G336300,GRMZM2G350399
Sobic.003G336400,GRMZM2G350410
Sobic.003G076400,GRMZM2G350621
Sobic.009G038300,GRMZM2G350693
Sobic.009G069300,GRMZM2G350802
Sobic.009G069200,GRMZM2G350818
Sobic.010G139600,GRMZM2G351074
Sobic.001G023000,GRMZM2G351160
Sobic.007G204100,GRMZM2G351239
Sobic.005G114000,GRMZM2G351347
Sobic.004G179500,GRMZM2G351454
Sobic.002G370000,GRMZM2G351482
Sobic.001G082000,GRMZM2G351582
Sobic.010G141500,GRMZM2G351786
Sobic.004G241100,GRMZM2G351832
Sobic.010G014200,GRMZM2G352108
Sobic.003G299200,GRMZM2G352234
Sobic.001G268300,GRMZM2G352248
Sobic.004G198200,GRMZM2G352274
Sobic.001G017100,GRMZM2G352415
Sobic.004G176000,GRMZM2G352431
Sobic.010G043700,GRMZM2G352601
Sobic.010G130200,GRMZM2G352607
Sobic.009G064100,GRMZM2G352618
Sobic.001G431100,GRMZM2G352678
Sobic.001G167100,GRMZM2G352695
Sobic.003G188000,GRMZM2G352858
Sobic.003G022900,GRMZM2G352891
Sobic.003G023100,GRMZM2G352926
Sobic.001G380900,GRMZM2G353195
Sobic.005G026400,GRMZM2G353301
Sobic.002G199650,GRMZM2G353313
Sobic.003G038000,GRMZM2G353444
Sobic.007G187300,GRMZM2G353485
Sobic.001G316900,GRMZM2G353553
Sobic.002G288500,GRMZM2G353726
Sobic.002G289300,GRMZM2G353726
Sobic.002G287750,GRMZM2G353785
Sobic.002G287600,GRMZM2G353788
Sobic.004G033900,GRMZM2G354093
Sobic.002G057700,GRMZM2G354335
Sobic.002G057800,GRMZM2G354335
Sobic.009G123400,GRMZM2G354338
Sobic.009G077800,GRMZM2G354460
Sobic.009G240400,GRMZM2G354604
Sobic.009G240900,GRMZM2G354604
Sobic.002G178000,GRMZM2G354615
Sobic.003G259500,GRMZM2G355062
Sobic.007G105600,GRMZM2G355233
Sobic.003G040600,GRMZM2G355381
Sobic.001G435201,GRMZM2G355450
Sobic.002G179900,GRMZM2G355523
Sobic.001G159800,GRMZM2G355771
Sobic.001G508466,GRMZM2G355846
Sobic.006G096500,GRMZM2G355906
Sobic.002G190000,GRMZM2G356032
Sobic.002G190200,GRMZM2G356032
Sobic.002G190400,GRMZM2G356032
Sobic.002G363400,GRMZM2G356076
Sobic.002G311100,GRMZM2G356198
Sobic.005G076600,GRMZM2G356545
Sobic.008G026100,GRMZM2G356817
Sobic.008G026200,GRMZM2G356817
Sobic.008G026300,GRMZM2G356839
Sobic.007G095100,GRMZM2G357034
Sobic.002G298700,GRMZM2G357040
Sobic.009G054800,GRMZM2G357296
Sobic.005G028700,GRMZM2G357595
Sobic.005G028400,GRMZM2G357620
Sobic.002G323900,GRMZM2G357631
Sobic.002G323700,GRMZM2G357636
Sobic.006G083900,GRMZM2G357660
Sobic.002G295000,GRMZM2G357688
Sobic.007G168300,GRMZM2G357804
Sobic.009G100200,GRMZM2G357834
Sobic.004G246000,GRMZM2G357923
Sobic.006G280100,GRMZM2G357972
Sobic.006G053200,GRMZM2G358051
Sobic.005G084300,GRMZM2G358153
Sobic.001G502600,GRMZM2G358279
Sobic.001G478500,GRMZM2G358311
Sobic.002G329800,GRMZM2G358386
Sobic.007G001800,GRMZM2G358536
Sobic.007G001900,GRMZM2G358540
Sobic.003G418200,GRMZM2G358618
Sobic.007G134700,GRMZM2G358693
Sobic.004G109900,GRMZM2G358711
Sobic.002G235200,GRMZM2G358768
Sobic.008G187700,GRMZM2G358924
Sobic.003G213600,GRMZM2G358956
Sobic.010G129300,GRMZM2G358991
Sobic.004G087500,GRMZM2G359038
Sobic.003G264300,GRMZM2G359076
Sobic.001G147400,GRMZM2G359127
Sobic.003G349000,GRMZM2G359230
Sobic.003G391500,GRMZM2G359397
Sobic.003G403400,GRMZM2G359505
Sobic.005G100200,GRMZM2G359589
Sobic.005G100400,GRMZM2G359589
Sobic.003G284900,GRMZM2G359670
Sobic.001G435300,GRMZM2G359879
Sobic.001G112100,GRMZM2G359929
Sobic.009G125500,GRMZM2G360191
Sobic.004G065200,GRMZM2G360455
Sobic.008G150700,GRMZM2G360626
Sobic.002G178900,GRMZM2G360648
Sobic.009G201500,GRMZM2G360681
Sobic.002G142600,GRMZM2G360688
Sobic.002G092400,GRMZM2G360761
Sobic.005G014300,GRMZM2G360835
Sobic.009G173700,GRMZM2G361064
Sobic.006G086400,GRMZM2G361100
Sobic.001G541166,GRMZM2G361164
Sobic.006G237800,GRMZM2G361388
Sobic.010G276900,GRMZM2G361391
Sobic.003G437400,GRMZM2G361475
Sobic.003G423700,GRMZM2G361501
Sobic.003G423800,GRMZM2G361501
Sobic.010G276600,GRMZM2G361518
Sobic.001G098000,GRMZM2G361593
Sobic.002G078100,GRMZM2G361615
Sobic.010G109400,GRMZM2G361625
Sobic.010G109200,GRMZM2G361652
Sobic.001G098100,GRMZM2G361662
Sobic.010G109300,GRMZM2G361699
Sobic.002G424000,GRMZM2G361847
Sobic.001G288500,GRMZM2G361855
Sobic.001G288601,GRMZM2G361902
Sobic.002G423600,GRMZM2G361984
Sobic.009G218200,GRMZM2G361986
Sobic.002G197200,GRMZM2G362131
Sobic.001G368400,GRMZM2G362281
Sobic.006G117000,GRMZM2G362362
Sobic.006G117100,GRMZM2G362362
Sobic.006G117300,GRMZM2G362362
Sobic.006G117400,GRMZM2G362362
Sobic.006G117600,GRMZM2G362362
Sobic.006G118000,GRMZM2G362368
Sobic.006G153600,GRMZM2G362413
Sobic.006G077900,GRMZM2G362803
Sobic.007G036000,GRMZM2G362828
Sobic.007G036200,GRMZM2G362828
Sobic.004G288300,GRMZM2G362848
Sobic.003G397800,GRMZM2G362850
Sobic.004G218300,GRMZM2G362883
Sobic.001G491700,GRMZM2G362942
Sobic.007G222100,GRMZM2G363008
Sobic.007G222200,GRMZM2G363008
Sobic.007G222400,GRMZM2G363008
Sobic.007G222500,GRMZM2G363008
Sobic.002G165600,GRMZM2G363052
Sobic.002G165700,GRMZM2G363052
Sobic.001G003700,GRMZM2G363229
Sobic.001G044400,GRMZM2G363545
Sobic.003G422300,GRMZM2G363801
Sobic.001G131100,GRMZM2G363813
Sobic.003G142800,GRMZM2G363893
Sobic.003G143000,GRMZM2G363893
Sobic.003G143100,GRMZM2G363893
Sobic.007G069500,GRMZM2G363971
Sobic.001G153900,GRMZM2G364127
Sobic.006G276600,GRMZM2G364328
Sobic.003G319400,GRMZM2G364375
Sobic.006G131700,GRMZM2G364597
Sobic.002G411900,GRMZM2G364643
Sobic.006G129700,GRMZM2G364901
Sobic.006G252400,GRMZM2G365152
Sobic.001G403000,GRMZM2G365240
Sobic.007G091900,GRMZM2G365319
Sobic.001G233600,GRMZM2G365731
Sobic.008G040400,GRMZM2G365770
Sobic.002G028566,GRMZM2G365875
Sobic.002G179400,GRMZM2G366020
Sobic.003G396900,GRMZM2G366117
Sobic.003G397000,GRMZM2G366142
Sobic.006G138400,GRMZM2G366150
Sobic.008G037900,GRMZM2G366264
Sobic.010G269100,GRMZM2G366402
Sobic.009G105500,GRMZM2G366411
Sobic.004G214300,GRMZM2G366434
Sobic.001G159500,GRMZM2G366584
Sobic.003G421800,GRMZM2G366607
Sobic.001G031100,GRMZM2G366688
Sobic.004G145500,GRMZM2G366698
Sobic.002G127700,GRMZM2G366803
Sobic.002G336700,GRMZM2G366977
Sobic.002G337100,GRMZM2G366977
Sobic.001G073400,GRMZM2G367092
Sobic.003G099500,GRMZM2G367228
Sobic.002G198801,GRMZM2G367234
Sobic.009G044200,GRMZM2G367330
Sobic.004G041000,GRMZM2G367431
Sobic.010G006350,GRMZM2G367638
Sobic.010G006400,GRMZM2G367650
Sobic.010G240800,GRMZM2G367857
Sobic.007G011000,GRMZM2G367941
Sobic.001G192600,GRMZM2G368041
Sobic.009G191100,GRMZM2G368410
Sobic.003G183000,GRMZM2G368491
Sobic.001G277500,GRMZM2G368632
Sobic.001G126400,GRMZM2G368658
Sobic.001G126500,GRMZM2G368658
Sobic.003G145300,GRMZM2G368662
Sobic.006G079100,GRMZM2G368698
Sobic.003G207800,GRMZM2G368767
Sobic.004G160800,GRMZM2G368799
Sobic.007G191200,GRMZM2G368827
Sobic.006G184700,GRMZM2G368838
Sobic.007G075250,GRMZM2G368861
Sobic.007G075301,GRMZM2G368890
Sobic.007G075200,GRMZM2G368902
Sobic.001G033200,GRMZM2G368909
Sobic.007G053600,GRMZM2G369260
Sobic.002G018600,GRMZM2G369284
Sobic.002G019600,GRMZM2G369284
Sobic.002G021500,GRMZM2G369284
Sobic.002G021700,GRMZM2G369284
Sobic.002G022000,GRMZM2G369284
Sobic.002G022100,GRMZM2G369284
Sobic.002G022300,GRMZM2G369284
Sobic.001G024300,GRMZM2G369432
Sobic.010G133932,GRMZM2G369469
Sobic.007G156700,GRMZM2G369472
Sobic.009G057000,GRMZM2G369629
Sobic.003G186400,GRMZM2G369703
Sobic.006G073600,GRMZM2G369792
Sobic.001G015700,GRMZM2G369815
Sobic.003G221000,GRMZM2G369931
Sobic.008G187500,GRMZM2G370026
Sobic.004G337800,GRMZM2G370162
Sobic.009G142100,GRMZM2G370405
Sobic.004G220900,GRMZM2G370991
Sobic.009G153400,GRMZM2G371058
Sobic.005G204000,GRMZM2G371063
Sobic.005G204300,GRMZM2G371159
Sobic.004G028200,GRMZM2G371167
Sobic.006G210500,GRMZM2G371375
Sobic.003G197300,GRMZM2G371606
Sobic.002G377800,GRMZM2G371721
Sobic.009G070800,GRMZM2G371793
Sobic.009G071000,GRMZM2G371793
Sobic.003G440001,GRMZM2G371912
Sobic.006G238000,GRMZM2G372074
Sobic.003G116000,GRMZM2G372077
Sobic.006G238100,GRMZM2G372102
Sobic.003G185900,GRMZM2G372297
Sobic.003G326400,GRMZM2G372440
Sobic.007G041400,GRMZM2G372475
Sobic.007G041000,GRMZM2G372553
Sobic.010G187700,GRMZM2G372877
Sobic.007G135000,GRMZM2G373124
Sobic.003G095900,GRMZM2G373175
Sobic.001G305800,GRMZM2G373329
Sobic.010G266000,GRMZM2G373420
Sobic.001G311900,GRMZM2G373607
Sobic.007G144900,GRMZM2G373859
Sobic.006G137900,GRMZM2G374010
Sobic.003G359300,GRMZM2G374030
Sobic.002G053100,GRMZM2G374169
Sobic.006G203200,GRMZM2G374203
Sobic.002G105600,GRMZM2G374213
Sobic.002G328500,GRMZM2G374309
Sobic.004G001200,GRMZM2G374475
Sobic.004G001500,GRMZM2G374574
Sobic.001G543700,GRMZM2G374779
Sobic.001G543500,GRMZM2G374812
Sobic.007G011700,GRMZM2G374827
Sobic.002G351400,GRMZM2G374971
Sobic.004G359400,GRMZM2G375002
Sobic.009G225700,GRMZM2G375064
Sobic.004G277300,GRMZM2G375153
Sobic.010G230100,GRMZM2G375607
Sobic.003G440400,GRMZM2G375807
Sobic.005G067200,GRMZM2G375856
Sobic.009G193400,GRMZM2G375904
Sobic.003G420400,GRMZM2G375956
Sobic.003G379800,GRMZM2G376085
Sobic.004G245200,GRMZM2G376105
Sobic.004G245300,GRMZM2G376105
Sobic.004G341900,GRMZM2G376595
Sobic.003G100100,GRMZM2G376618
Sobic.009G190100,GRMZM2G376632
Sobic.010G028700,GRMZM2G376918
Sobic.008G133000,GRMZM2G376927
Sobic.005G101200,GRMZM2G377115
Sobic.004G193400,GRMZM2G377168
Sobic.001G495000,GRMZM2G377311
Sobic.001G000900,GRMZM2G377477
Sobic.001G001300,GRMZM2G377487
Sobic.004G071700,GRMZM2G377553
Sobic.004G071650,GRMZM2G377562
Sobic.003G306400,GRMZM2G377589
Sobic.009G230000,GRMZM2G377613
Sobic.006G273600,GRMZM2G377694
Sobic.002G045700,GRMZM2G377761
Sobic.001G498100,GRMZM2G377780
Sobic.002G242100,GRMZM2G377862
Sobic.003G131500,GRMZM2G378442
Sobic.003G088100,GRMZM2G378452
Sobic.003G033500,GRMZM2G378490
Sobic.003G151400,GRMZM2G378547
Sobic.005G132000,GRMZM2G378580
Sobic.003G067100,GRMZM2G378717
Sobic.001G372000,GRMZM2G378907
Sobic.004G343500,GRMZM2G379002
Sobic.004G343400,GRMZM2G379021
Sobic.004G342200,GRMZM2G379167
Sobic.001G227900,GRMZM2G379656
Sobic.002G329100,GRMZM2G379780
Sobic.003G428000,GRMZM2G379804
Sobic.001G541300,GRMZM2G379898
Sobic.001G541400,GRMZM2G379898
Sobic.003G059400,GRMZM2G379913
Sobic.003G275300,GRMZM2G380088
Sobic.004G184400,GRMZM2G380094
Sobic.004G237500,GRMZM2G380177
Sobic.004G237400,GRMZM2G380184
Sobic.003G073900,GRMZM2G380195
Sobic.010G161800,GRMZM2G380247
Sobic.010G162000,GRMZM2G380247
Sobic.004G147700,GRMZM2G380284
Sobic.001G221300,GRMZM2G380286
Sobic.001G221400,GRMZM2G380286
Sobic.007G018400,GRMZM2G380456
Sobic.009G225800,GRMZM2G380738
Sobic.001G467600,GRMZM2G380789
Sobic.003G287700,GRMZM2G381025
Sobic.004G201800,GRMZM2G381283
Sobic.002G418500,GRMZM2G381378
Sobic.002G418600,GRMZM2G381386
Sobic.002G378100,GRMZM2G381395
Sobic.001G002500,GRMZM2G381441
Sobic.003G149500,GRMZM2G381473
Sobic.010G247200,GRMZM2G381576
Sobic.009G228100,GRMZM2G381709
Sobic.010G020100,GRMZM2G381782
Sobic.008G171700,GRMZM2G381822
Sobic.004G022432,GRMZM2G382009
Sobic.004G022600,GRMZM2G382009
Sobic.004G022800,GRMZM2G382009
Sobic.001G251700,GRMZM2G382077
Sobic.006G273200,GRMZM2G382104
Sobic.006G273300,GRMZM2G382104
Sobic.002G104400,GRMZM2G382273
Sobic.003G039800,GRMZM2G382427
Sobic.008G131300,GRMZM2G382557
Sobic.001G366100,GRMZM2G382569
Sobic.003G244400,GRMZM2G382632
Sobic.010G132100,GRMZM2G382673
Sobic.006G147800,GRMZM2G382747
Sobic.010G238600,GRMZM2G382785
Sobic.004G055200,GRMZM2G382914
Sobic.008G112300,GRMZM2G383088
Sobic.006G219200,GRMZM2G383122
Sobic.003G160800,GRMZM2G383154
Sobic.001G155900,GRMZM2G383338
Sobic.001G173900,GRMZM2G383408
Sobic.001G234100,GRMZM2G383425
Sobic.008G172000,GRMZM2G383497
Sobic.001G282400,GRMZM2G383594
Sobic.009G184200,GRMZM2G383623
Sobic.003G158600,GRMZM2G383699
Sobic.003G324300,GRMZM2G383833
Sobic.001G312700,GRMZM2G383854
Sobic.004G103200,GRMZM2G383881
Sobic.003G074300,GRMZM2G384090
Sobic.003G074100,GRMZM2G384128
Sobic.006G107100,GRMZM2G384979
Sobic.001G329001,GRMZM2G385050
Sobic.007G044400,GRMZM2G385989
Sobic.003G270400,GRMZM2G386113
Sobic.004G139900,GRMZM2G386154
Sobic.004G139700,GRMZM2G386155
Sobic.003G132400,GRMZM2G386245
Sobic.003G321500,GRMZM2G386276
Sobic.006G268500,GRMZM2G386564
Sobic.006G268800,GRMZM2G386564
Sobic.009G199401,GRMZM2G386629
Sobic.004G155700,GRMZM2G386811
Sobic.004G155300,GRMZM2G386817
Sobic.001G120200,GRMZM2G386856
Sobic.003G349300,GRMZM2G386991
Sobic.004G053200,GRMZM2G387127
Sobic.006G150300,GRMZM2G387389
Sobic.006G150400,GRMZM2G387389
Sobic.001G002300,GRMZM2G387394
Sobic.010G279900,GRMZM2G387485
Sobic.003G065800,GRMZM2G387828
Sobic.003G065900,GRMZM2G387828
Sobic.003G066600,GRMZM2G387828
Sobic.003G066900,GRMZM2G387828
Sobic.001G530000,GRMZM2G387837
Sobic.002G217300,GRMZM2G388045
Sobic.006G216500,GRMZM2G388051
Sobic.004G180200,GRMZM2G388099
Sobic.007G150900,GRMZM2G388134
Sobic.004G124300,GRMZM2G388148
Sobic.004G035900,GRMZM2G388420
Sobic.005G192900,GRMZM2G388461
Sobic.006G071362,GRMZM2G388539
Sobic.006G176500,GRMZM2G388585
Sobic.005G005800,GRMZM2G388587
Sobic.001G538000,GRMZM2G388684
Sobic.009G194500,GRMZM2G388855
Sobic.001G464200,GRMZM2G388915
Sobic.004G011201,GRMZM2G389155
Sobic.001G321100,GRMZM2G389196
Sobic.007G165600,GRMZM2G389233
Sobic.010G274100,GRMZM2G389462
Sobic.007G143900,GRMZM2G389567
Sobic.001G081300,GRMZM2G389645
Sobic.001G491600,GRMZM2G389769
Sobic.009G189300,GRMZM2G389881
Sobic.009G189501,GRMZM2G389903
Sobic.003G190900,GRMZM2G390013
Sobic.002G002300,GRMZM2G390124
Sobic.003G307000,GRMZM2G390221
Sobic.003G093000,GRMZM2G390236
Sobic.009G173800,GRMZM2G390436
Sobic.001G104000,GRMZM2G390695
Sobic.002G095100,GRMZM2G390876
Sobic.001G459000,GRMZM2G391403
Sobic.010G032500,GRMZM2G391473
Sobic.004G324400,GRMZM2G391487
Sobic.004G302200,GRMZM2G391596
Sobic.001G054500,GRMZM2G391696
Sobic.006G249000,GRMZM2G391741
Sobic.002G164400,GRMZM2G391795
Sobic.001G000400,GRMZM2G391815
Sobic.001G100000,GRMZM2G391936
Sobic.006G014500,GRMZM2G392106
Sobic.001G372400,GRMZM2G392177
Sobic.004G042100,GRMZM2G392320
Sobic.003G272600,GRMZM2G392345
Sobic.001G296000,GRMZM2G392524
Sobic.003G388000,GRMZM2G392710
Sobic.004G215200,GRMZM2G392794
Sobic.004G215900,GRMZM2G392798
Sobic.001G518700,GRMZM2G392863
Sobic.009G154100,GRMZM2G392918
Sobic.005G087300,GRMZM2G393002
Sobic.005G087400,GRMZM2G393002
Sobic.001G533900,GRMZM2G393062
Sobic.010G009200,GRMZM2G393146
Sobic.001G172700,GRMZM2G393935
Sobic.002G247000,GRMZM2G394027
Sobic.001G393900,GRMZM2G394212
Sobic.001G281500,GRMZM2G394403
Sobic.001G281400,GRMZM2G394410
Sobic.006G160700,GRMZM2G394450
Sobic.009G032600,GRMZM2G394500
Sobic.009G237400,GRMZM2G394962
Sobic.003G301600,GRMZM2G394979
Sobic.006G244000,GRMZM2G395114
Sobic.001G457400,GRMZM2G395121
Sobic.006G061700,GRMZM2G395267
Sobic.001G065700,GRMZM2G395354
Sobic.010G161000,GRMZM2G395458
Sobic.010G131900,GRMZM2G395842
Sobic.001G321600,GRMZM2G395950
Sobic.001G321700,GRMZM2G395950
Sobic.003G084100,GRMZM2G395983
Sobic.001G102300,GRMZM2G396114
Sobic.001G351000,GRMZM2G396212
Sobic.003G362600,GRMZM2G396231
Sobic.002G219600,GRMZM2G396350
Sobic.010G021800,GRMZM2G396553
Sobic.010G021600,GRMZM2G396557
Sobic.010G021500,GRMZM2G396562
Sobic.002G310000,GRMZM2G396752
Sobic.003G135800,GRMZM2G396767
Sobic.003G146200,GRMZM2G396825
Sobic.001G475900,GRMZM2G397055
Sobic.002G084200,GRMZM2G397242
Sobic.010G255300,GRMZM2G397247
Sobic.005G166200,GRMZM2G397281
Sobic.003G344501,GRMZM2G397518
Sobic.002G303000,GRMZM2G397557
Sobic.005G232200,GRMZM2G397651
Sobic.005G232000,GRMZM2G397661
Sobic.001G128300,GRMZM2G397836
Sobic.010G216800,GRMZM2G397927
Sobic.003G441900,GRMZM2G397948
Sobic.001G226800,GRMZM2G398198
Sobic.001G227000,GRMZM2G398198
Sobic.004G297500,GRMZM2G398500
Sobic.002G071400,GRMZM2G398527
Sobic.005G202400,GRMZM2G398529
Sobic.004G034200,GRMZM2G398559
Sobic.010G055800,GRMZM2G398736
Sobic.001G306900,GRMZM2G398825
Sobic.001G485200,GRMZM2G399072
Sobic.010G267900,GRMZM2G399073
Sobic.002G174801,GRMZM2G399087
Sobic.010G267000,GRMZM2G399136
Sobic.008G062500,GRMZM2G399183
Sobic.001G222500,GRMZM2G399212
Sobic.001G382500,GRMZM2G399320
Sobic.008G139000,GRMZM2G399325
Sobic.006G095300,GRMZM2G399383
Sobic.003G337200,GRMZM2G399433
Sobic.006G057000,GRMZM2G399641
Sobic.001G544300,GRMZM2G399700
Sobic.004G034300,GRMZM2G399858
Sobic.006G174725,GRMZM2G399862
Sobic.004G259300,GRMZM2G399901
Sobic.001G516200,GRMZM2G399948
Sobic.004G202600,GRMZM2G399952
Sobic.009G066000,GRMZM2G399970
Sobic.010G164200,GRMZM2G400167
Sobic.008G188700,GRMZM2G400268
Sobic.003G357500,GRMZM2G400390
Sobic.003G090300,GRMZM2G400439
Sobic.010G037300,GRMZM2G400470
Sobic.003G370800,GRMZM2G400604
Sobic.010G127300,GRMZM2G400694
Sobic.010G127200,GRMZM2G400720
Sobic.003G019000,GRMZM2G400907
Sobic.003G019300,GRMZM2G400929
Sobic.003G020600,GRMZM2G400938
Sobic.006G078600,GRMZM2G401062
Sobic.006G079000,GRMZM2G401062
Sobic.003G108100,GRMZM2G401294
Sobic.002G056300,GRMZM2G401308
Sobic.001G324700,GRMZM2G401328
Sobic.001G106500,GRMZM2G401331
Sobic.001G324500,GRMZM2G401374
Sobic.001G324600,GRMZM2G401374
Sobic.004G069700,GRMZM2G401463
Sobic.004G238000,GRMZM2G401609
Sobic.001G264700,GRMZM2G401848
Sobic.005G040700,GRMZM2G401874
Sobic.009G071800,GRMZM2G401970
Sobic.010G158766,GRMZM2G401997
Sobic.003G250900,GRMZM2G402088
Sobic.003G328100,GRMZM2G402092
Sobic.010G058000,GRMZM2G402156
Sobic.004G307600,GRMZM2G402242
Sobic.009G005700,GRMZM2G402309
Sobic.009G056900,GRMZM2G402538
Sobic.001G311200,GRMZM2G402564
Sobic.001G369800,GRMZM2G402584
Sobic.008G182700,GRMZM2G402631
Sobic.008G182800,GRMZM2G402631
Sobic.008G182900,GRMZM2G402631
Sobic.008G183300,GRMZM2G402631
Sobic.001G045300,GRMZM2G402714
Sobic.001G044700,GRMZM2G402765
Sobic.003G116300,GRMZM2G402977
Sobic.009G018000,GRMZM2G403003
Sobic.002G017400,GRMZM2G403121
Sobic.002G017600,GRMZM2G403121
Sobic.002G017700,GRMZM2G403121
Sobic.008G137500,GRMZM2G403620
Sobic.005G175100,GRMZM2G403636
Sobic.005G175000,GRMZM2G403652
Sobic.003G418500,GRMZM2G403680
Sobic.010G081600,GRMZM2G403740
Sobic.008G076700,GRMZM2G403789
Sobic.003G260800,GRMZM2G404126
Sobic.007G198600,GRMZM2G404188
Sobic.007G198900,GRMZM2G404188
Sobic.003G130100,GRMZM2G404316
Sobic.007G077900,GRMZM2G404426
Sobic.001G215600,GRMZM2G404443
Sobic.010G023000,GRMZM2G404599
Sobic.010G023200,GRMZM2G404603
Sobic.010G023300,GRMZM2G404608
Sobic.002G173100,GRMZM2G404647
Sobic.002G003700,GRMZM2G404676
Sobic.002G078600,GRMZM2G404688
Sobic.010G220600,GRMZM2G404702
Sobic.004G308600,GRMZM2G404762
Sobic.010G030700,GRMZM2G404897
Sobic.010G030800,GRMZM2G404897
Sobic.010G030600,GRMZM2G404965
Sobic.010G030401,GRMZM2G404977
Sobic.002G341900,GRMZM2G405017
Sobic.009G173600,GRMZM2G405052
Sobic.002G173500,GRMZM2G405284
Sobic.003G187100,GRMZM2G405313
Sobic.010G115800,GRMZM2G405368
Sobic.004G238700,GRMZM2G405567
Sobic.004G105300,GRMZM2G405581
Sobic.007G000600,GRMZM2G405684
Sobic.002G229000,GRMZM2G405708
Sobic.002G180600,GRMZM2G405760
Sobic.006G071096,GRMZM2G406026
Sobic.004G088600,GRMZM2G406089
Sobic.004G031300,GRMZM2G406165
Sobic.009G006000,GRMZM2G406268
Sobic.001G487600,GRMZM2G406601
Sobic.002G309200,GRMZM2G406651
Sobic.002G309400,GRMZM2G406672
Sobic.005G128400,GRMZM2G406712
Sobic.002G052400,GRMZM2G406746
Sobic.010G099000,GRMZM2G406758
Sobic.002G043500,GRMZM2G406830
Sobic.006G231900,GRMZM2G406977
Sobic.006G230500,GRMZM2G407146
Sobic.008G032400,GRMZM2G407189
Sobic.002G141800,GRMZM2G407223
Sobic.001G453400,GRMZM2G407287
Sobic.006G264300,GRMZM2G407347
Sobic.002G381900,GRMZM2G407361
Sobic.007G057000,GRMZM2G407495
Sobic.007G057100,GRMZM2G407495
Sobic.001G076300,GRMZM2G407626
Sobic.010G199000,GRMZM2G407631
Sobic.001G386400,GRMZM2G407825
Sobic.010G082850,GRMZM2G408174
Sobic.002G256200,GRMZM2G408242
Sobic.001G429600,GRMZM2G408305
Sobic.010G118200,GRMZM2G408359
Sobic.010G118100,GRMZM2G408376
Sobic.002G042900,GRMZM2G408379
Sobic.003G242300,GRMZM2G408436
Sobic.003G242400,GRMZM2G408436
Sobic.006G111800,GRMZM2G408598
Sobic.006G110700,GRMZM2G408963
Sobic.001G175800,GRMZM2G408967
Sobic.006G026300,GRMZM2G409082
Sobic.001G140000,GRMZM2G409093
Sobic.010G210400,GRMZM2G409101
Sobic.002G160300,GRMZM2G409131
Sobic.003G148700,GRMZM2G409309
Sobic.003G178500,GRMZM2G409312
Sobic.003G178700,GRMZM2G409312
Sobic.004G301500,GRMZM2G409358
Sobic.004G301600,GRMZM2G409358
Sobic.004G301650,GRMZM2G409358
Sobic.004G301300,GRMZM2G409372
Sobic.009G065400,GRMZM2G409407
Sobic.003G293300,GRMZM2G409430
Sobic.004G049500,GRMZM2G409658
Sobic.001G037100,GRMZM2G409839
Sobic.010G065300,GRMZM2G409865
Sobic.009G233000,GRMZM2G409881
Sobic.004G068000,GRMZM2G409927
Sobic.004G068100,GRMZM2G409934
Sobic.003G305800,GRMZM2G409970
Sobic.002G079900,GRMZM2G410033
Sobic.009G186400,GRMZM2G410134
Sobic.009G186500,GRMZM2G410175
Sobic.004G038500,GRMZM2G410357
Sobic.004G039800,GRMZM2G410357
Sobic.001G352900,GRMZM2G410479
Sobic.001G480550,GRMZM2G410515
Sobic.004G192800,GRMZM2G410710
Sobic.009G028400,GRMZM2G410757
Sobic.009G172400,GRMZM2G410782
Sobic.006G084300,GRMZM2G410831
Sobic.003G095700,GRMZM2G410916
Sobic.001G539400,GRMZM2G410990
Sobic.001G515500,GRMZM2G410991
Sobic.001G188100,GRMZM2G411041
Sobic.009G198400,GRMZM2G411288
Sobic.009G198300,GRMZM2G411293
Sobic.004G144500,GRMZM2G411333
Sobic.001G452600,GRMZM2G411653
Sobic.001G452700,GRMZM2G411668
Sobic.003G109000,GRMZM2G411786
Sobic.002G357700,GRMZM2G411916
Sobic.003G391200,GRMZM2G411956
Sobic.003G014000,GRMZM2G412085
Sobic.001G134300,GRMZM2G412150
Sobic.004G111500,GRMZM2G412436
Sobic.006G051300,GRMZM2G412440
Sobic.002G049200,GRMZM2G412492
Sobic.007G164500,GRMZM2G412598
Sobic.002G203100,GRMZM2G412601
Sobic.001G201200,GRMZM2G412630
Sobic.001G492200,GRMZM2G412674
Sobic.010G246400,GRMZM2G413006
Sobic.010G246500,GRMZM2G413006
Sobic.002G302500,GRMZM2G413030
Sobic.002G302000,GRMZM2G413044
Sobic.003G047300,GRMZM2G413113
Sobic.001G380000,GRMZM2G413154
Sobic.002G328000,GRMZM2G413635
Sobic.002G328100,GRMZM2G413635
Sobic.002G328800,GRMZM2G413635
Sobic.004G275100,GRMZM2G413829
Sobic.001G214000,GRMZM2G413853
Sobic.002G427100,GRMZM2G414141
Sobic.001G365100,GRMZM2G414278
Sobic.002G233300,GRMZM2G414317
Sobic.002G412500,GRMZM2G414460
Sobic.002G412600,GRMZM2G414475
Sobic.006G108200,GRMZM2G414537
Sobic.004G310900,GRMZM2G414569
Sobic.006G108100,GRMZM2G414620
Sobic.004G310800,GRMZM2G414621
Sobic.001G237900,GRMZM2G414779
Sobic.001G238400,GRMZM2G414779
Sobic.001G238800,GRMZM2G414791
Sobic.010G254200,GRMZM2G414805
Sobic.002G189700,GRMZM2G414813
Sobic.001G198600,GRMZM2G414827
Sobic.001G198900,GRMZM2G414848
Sobic.003G084800,GRMZM2G414879
Sobic.003G051500,GRMZM2G414913
Sobic.004G174900,GRMZM2G414955
Sobic.001G137000,GRMZM2G415215
Sobic.001G507000,GRMZM2G415343
Sobic.001G219300,GRMZM2G415359
Sobic.001G507100,GRMZM2G415390
Sobic.004G091100,GRMZM2G415433
Sobic.007G036600,GRMZM2G415470
Sobic.002G321300,GRMZM2G415529
Sobic.009G075600,GRMZM2G415711
Sobic.003G261900,GRMZM2G415772
Sobic.010G239600,GRMZM2G415846
Sobic.007G161000,GRMZM2G416069
Sobic.001G098500,GRMZM2G416388
Sobic.002G231600,GRMZM2G416632
Sobic.009G104800,GRMZM2G416667
Sobic.003G102000,GRMZM2G416677
Sobic.003G102100,GRMZM2G416677
Sobic.004G141800,GRMZM2G416751
Sobic.010G189600,GRMZM2G416887
Sobic.002G372300,GRMZM2G417072
Sobic.001G175000,GRMZM2G417089
Sobic.002G187900,GRMZM2G417107
Sobic.003G039600,GRMZM2G417336
Sobic.004G062200,GRMZM2G417525
Sobic.004G066700,GRMZM2G417574
Sobic.001G492600,GRMZM2G417835
Sobic.001G007000,GRMZM2G417843
Sobic.002G270800,GRMZM2G417963
Sobic.005G165800,GRMZM2G418160
Sobic.004G123600,GRMZM2G418206
Sobic.005G162500,GRMZM2G418232
Sobic.003G271500,GRMZM2G418256
Sobic.001G316000,GRMZM2G418289
Sobic.001G316200,GRMZM2G418294
Sobic.008G058600,GRMZM2G418432
Sobic.002G198900,GRMZM2G418749
Sobic.002G199000,GRMZM2G418752
Sobic.010G174900,GRMZM2G418956
Sobic.010G175100,GRMZM2G418956
Sobic.004G076900,GRMZM2G418982
Sobic.003G122000,GRMZM2G419085
Sobic.003G122100,GRMZM2G419111
Sobic.007G213000,GRMZM2G419267
Sobic.007G215300,GRMZM2G419473
Sobic.005G169300,GRMZM2G419675
Sobic.008G051000,GRMZM2G419806
Sobic.005G170000,GRMZM2G419836
Sobic.003G141100,GRMZM2G420055
Sobic.009G073200,GRMZM2G420224
Sobic.008G112000,GRMZM2G420407
Sobic.001G135100,GRMZM2G420436
Sobic.001G279300,GRMZM2G420630
Sobic.001G279500,GRMZM2G420630
Sobic.003G154600,GRMZM2G420697
Sobic.003G154800,GRMZM2G420697
Sobic.008G127550,GRMZM2G420723
Sobic.002G005200,GRMZM2G420758
Sobic.002G228600,GRMZM2G420786
Sobic.009G019000,GRMZM2G420882
Sobic.002G281700,GRMZM2G420910
Sobic.010G131600,GRMZM2G420988
Sobic.004G183100,GRMZM2G421231
Sobic.004G183200,GRMZM2G421234
Sobic.001G375500,GRMZM2G421429
Sobic.002G222500,GRMZM2G421463
Sobic.001G087700,GRMZM2G421491
Sobic.005G183900,GRMZM2G421495
Sobic.001G087800,GRMZM2G421500
Sobic.002G197300,GRMZM2G421541
Sobic.007G194600,GRMZM2G421579
Sobic.003G043800,GRMZM2G421604
Sobic.002G087900,GRMZM2G421614
Sobic.006G077500,GRMZM2G421835
Sobic.001G279701,GRMZM2G421934
Sobic.010G196500,GRMZM2G422069
Sobic.001G061101,GRMZM2G422259
Sobic.001G395000,GRMZM2G422295
Sobic.006G228400,GRMZM2G422340
Sobic.007G163400,GRMZM2G422373
Sobic.008G181000,GRMZM2G422419
Sobic.004G214700,GRMZM2G422499
Sobic.004G214500,GRMZM2G422510
Sobic.008G135901,GRMZM2G422631
Sobic.003G247900,GRMZM2G422651
Sobic.001G008600,GRMZM2G422670
Sobic.001G008900,GRMZM2G422671
Sobic.006G063600,GRMZM2G422938
Sobic.003G255900,GRMZM2G423202
Sobic.003G256000,GRMZM2G423202
Sobic.001G157400,GRMZM2G423337
Sobic.007G083900,GRMZM2G423393
Sobic.008G191600,GRMZM2G423472
Sobic.008G191500,GRMZM2G423476
Sobic.001G161100,GRMZM2G423538
Sobic.002G283500,GRMZM2G423555
Sobic.008G110151,GRMZM2G423669
Sobic.005G142900,GRMZM2G423831
Sobic.001G385300,GRMZM2G423851
Sobic.009G107500,GRMZM2G423863
Sobic.010G167800,GRMZM2G423884
Sobic.001G302400,GRMZM2G423886
Sobic.001G302500,GRMZM2G423886
Sobic.001G302666,GRMZM2G423886
Sobic.001G302732,GRMZM2G423886
Sobic.005G144101,GRMZM2G423930
Sobic.001G492900,GRMZM2G424020
Sobic.009G190800,GRMZM2G424053
Sobic.002G000900,GRMZM2G424147
Sobic.002G426000,GRMZM2G424205
Sobic.007G195400,GRMZM2G424241
Sobic.009G075400,GRMZM2G424509
Sobic.004G102100,GRMZM2G424519
Sobic.003G150200,GRMZM2G424577
Sobic.003G236200,GRMZM2G425206
Sobic.003G277700,GRMZM2G425249
Sobic.002G184300,GRMZM2G425373
Sobic.003G271800,GRMZM2G425629
Sobic.003G271600,GRMZM2G425638
Sobic.009G198600,GRMZM2G425729
Sobic.001G030100,GRMZM2G425778
Sobic.001G203200,GRMZM2G425863
Sobic.008G075100,GRMZM2G425986
Sobic.008G143901,GRMZM2G426122
Sobic.003G336800,GRMZM2G426150
Sobic.002G028400,GRMZM2G426154
Sobic.002G027700,GRMZM2G426156
Sobic.005G088100,GRMZM2G426294
Sobic.005G088200,GRMZM2G426294
Sobic.004G315600,GRMZM2G426336
Sobic.005G172900,GRMZM2G426415
Sobic.005G173200,GRMZM2G426415
Sobic.001G351600,GRMZM2G426511
Sobic.003G137300,GRMZM2G426553
Sobic.001G532700,GRMZM2G426802
Sobic.003G237000,GRMZM2G426922
Sobic.003G347520,GRMZM2G426953
Sobic.003G260400,GRMZM2G427067
Sobic.002G390000,GRMZM2G427073
Sobic.009G126400,GRMZM2G427337
Sobic.009G126500,GRMZM2G427337
Sobic.001G399600,GRMZM2G427438
Sobic.004G055100,GRMZM2G427468
Sobic.009G196300,GRMZM2G427618
Sobic.002G121900,GRMZM2G427672
Sobic.001G074400,GRMZM2G427697
Sobic.002G110400,GRMZM2G427826
Sobic.003G426400,GRMZM2G428168
Sobic.008G149900,GRMZM2G428216
Sobic.004G276600,GRMZM2G428233
Sobic.010G067400,GRMZM2G428370
Sobic.004G324000,GRMZM2G428379
Sobic.006G280400,GRMZM2G428386
Sobic.001G420000,GRMZM2G428410
Sobic.004G324200,GRMZM2G428413
Sobic.004G288000,GRMZM2G428438
Sobic.007G144501,GRMZM2G428554
Sobic.007G144600,GRMZM2G428554
Sobic.007G144700,GRMZM2G428554
Sobic.007G137101,GRMZM2G428555
Sobic.010G232300,GRMZM2G428670
Sobic.004G021200,GRMZM2G428765
Sobic.002G049700,GRMZM2G428859
Sobic.006G169400,GRMZM2G429035
Sobic.002G256100,GRMZM2G429118
Sobic.002G397500,GRMZM2G429213
Sobic.002G319100,GRMZM2G429396
Sobic.010G126000,GRMZM2G429442
Sobic.001G211000,GRMZM2G429533
Sobic.001G211101,GRMZM2G429533
Sobic.001G211200,GRMZM2G429533
Sobic.004G103901,GRMZM2G429540
Sobic.004G104200,GRMZM2G429540
Sobic.004G104400,GRMZM2G429540
Sobic.002G219000,GRMZM2G429617
Sobic.002G219200,GRMZM2G429617
Sobic.006G127750,GRMZM2G429662
Sobic.009G177400,GRMZM2G429714
Sobic.008G141600,GRMZM2G429807
Sobic.009G174400,GRMZM2G429840
Sobic.002G216000,GRMZM2G429842
Sobic.002G215866,GRMZM2G429857
Sobic.003G230500,GRMZM2G429899
Sobic.003G350400,GRMZM2G429982
Sobic.001G320000,GRMZM2G430039
Sobic.004G293200,GRMZM2G430392
Sobic.003G111600,GRMZM2G430394
Sobic.006G106500,GRMZM2G430411
Sobic.006G190700,GRMZM2G430500
Sobic.007G209200,GRMZM2G430522
Sobic.008G187300,GRMZM2G430623
Sobic.001G235900,GRMZM2G430675
Sobic.001G282300,GRMZM2G430710
Sobic.003G187800,GRMZM2G430729
Sobic.008G011200,GRMZM2G430780
Sobic.002G420700,GRMZM2G430849
Sobic.009G154000,GRMZM2G430871
Sobic.003G364200,GRMZM2G430936
Sobic.003G364000,GRMZM2G430942
Sobic.003G364100,GRMZM2G430942
Sobic.007G086800,GRMZM2G431030
Sobic.003G123100,GRMZM2G431251
Sobic.003G028500,GRMZM2G431327
Sobic.004G063500,GRMZM2G431703
Sobic.008G021900,GRMZM2G431714
Sobic.008G022100,GRMZM2G431714
Sobic.005G217101,GRMZM2G431856
Sobic.002G366700,GRMZM2G431885
Sobic.004G224400,GRMZM2G432291
Sobic.003G398100,GRMZM2G432390
Sobic.010G246200,GRMZM2G432480
Sobic.003G341600,GRMZM2G432662
Sobic.010G211800,GRMZM2G432722
Sobic.008G130000,GRMZM2G432850
Sobic.003G243000,GRMZM2G432918
Sobic.003G243100,GRMZM2G432918
Sobic.004G193800,GRMZM2G433002
Sobic.004G357300,GRMZM2G433025
Sobic.006G152200,GRMZM2G433076
Sobic.010G030300,GRMZM2G433433
Sobic.001G243200,GRMZM2G433446
Sobic.001G449800,GRMZM2G433579
Sobic.001G282800,GRMZM2G433624
Sobic.004G057000,GRMZM2G433908
Sobic.003G059600,GRMZM2G434155
Sobic.008G036300,GRMZM2G434170
Sobic.008G037000,GRMZM2G434170
Sobic.001G003100,GRMZM2G434173
Sobic.002G341200,GRMZM2G434277
Sobic.002G185800,GRMZM2G434388
Sobic.002G127200,GRMZM2G434445
Sobic.001G320300,GRMZM2G434500
Sobic.001G320400,GRMZM2G434514
Sobic.006G072400,GRMZM2G434669
Sobic.002G430000,GRMZM2G434696
Sobic.002G429900,GRMZM2G434715
Sobic.002G429000,GRMZM2G434792
Sobic.010G212800,GRMZM2G435001
Sobic.005G144000,GRMZM2G435120
Sobic.010G093600,GRMZM2G435294
Sobic.003G025200,GRMZM2G435338
Sobic.009G195900,GRMZM2G435445
Sobic.003G016400,GRMZM2G435589
Sobic.009G107200,GRMZM2G435627
Sobic.002G353100,GRMZM2G435944
Sobic.002G407100,GRMZM2G435986
Sobic.003G310500,GRMZM2G436020
Sobic.003G157100,GRMZM2G436066
Sobic.002G400800,GRMZM2G436082
Sobic.006G266000,GRMZM2G436214
Sobic.001G535700,GRMZM2G436266
Sobic.001G283400,GRMZM2G436299
Sobic.007G191700,GRMZM2G436319
Sobic.004G183300,GRMZM2G436328
Sobic.001G149700,GRMZM2G436429
Sobic.002G294900,GRMZM2G436511
Sobic.010G068500,GRMZM2G436583
Sobic.007G160200,GRMZM2G436593
Sobic.007G001700,GRMZM2G436659
Sobic.009G070500,GRMZM2G436730
Sobic.003G162200,GRMZM2G436770
Sobic.001G169600,GRMZM2G436785
Sobic.002G004100,GRMZM2G436981
Sobic.002G004000,GRMZM2G436986
Sobic.002G023200,GRMZM2G437187
Sobic.008G019000,GRMZM2G437314
Sobic.003G251700,GRMZM2G437460
Sobic.003G155600,GRMZM2G437490
Sobic.001G285100,GRMZM2G437683
Sobic.004G085700,GRMZM2G437758
Sobic.002G066800,GRMZM2G438239
Sobic.009G062600,GRMZM2G438378
Sobic.001G199400,GRMZM2G438386
Sobic.001G006000,GRMZM2G438524
Sobic.004G173100,GRMZM2G438622
Sobic.002G021300,GRMZM2G438652
Sobic.007G213800,GRMZM2G438776
Sobic.007G214400,GRMZM2G438776
Sobic.007G214600,GRMZM2G438776
Sobic.002G107900,GRMZM2G438871
Sobic.009G244700,GRMZM2G438895
Sobic.003G072200,GRMZM2G438938
Sobic.001G183700,GRMZM2G438960
Sobic.010G257500,GRMZM2G439198
Sobic.002G406500,GRMZM2G439201
Sobic.010G257300,GRMZM2G439203
Sobic.010G268800,GRMZM2G439246
Sobic.007G029800,GRMZM2G439268
Sobic.008G103400,GRMZM2G439860
Sobic.005G041000,GRMZM2G439903
Sobic.009G118900,GRMZM2G439950
Sobic.005G115600,GRMZM2G440208
Sobic.010G002900,GRMZM2G440219
Sobic.005G110526,GRMZM2G440221
Sobic.007G122200,GRMZM2G440313
Sobic.009G250700,GRMZM2G440349
Sobic.009G236500,GRMZM2G440452
Sobic.003G319800,GRMZM2G440529
Sobic.001G532900,GRMZM2G440537
Sobic.001G533000,GRMZM2G440562
Sobic.003G125332,GRMZM2G440614
Sobic.010G123800,GRMZM2G440688
Sobic.002G281900,GRMZM2G440831
Sobic.002G282000,GRMZM2G440866
Sobic.009G181100,GRMZM2G440882
Sobic.009G181600,GRMZM2G440902
Sobic.010G236200,GRMZM2G440916
Sobic.003G196300,GRMZM2G440943
Sobic.009G181900,GRMZM2G440949
Sobic.009G182000,GRMZM2G440968
Sobic.009G182100,GRMZM2G440968
Sobic.007G057700,GRMZM2G440972
Sobic.007G057800,GRMZM2G440972
Sobic.008G028900,GRMZM2G441029
Sobic.008G029200,GRMZM2G441031
Sobic.005G204600,GRMZM2G441115
Sobic.004G195000,GRMZM2G441226
Sobic.009G196900,GRMZM2G441325
Sobic.006G148800,GRMZM2G441347
Sobic.001G177400,GRMZM2G441489
Sobic.009G070400,GRMZM2G441656
Sobic.007G212400,GRMZM2G441888
Sobic.007G212200,GRMZM2G441903
Sobic.003G360500,GRMZM2G441987
Sobic.009G101200,GRMZM2G442057
Sobic.007G028900,GRMZM2G442170
Sobic.001G414000,GRMZM2G442277
Sobic.001G529600,GRMZM2G442324
Sobic.001G363300,GRMZM2G442387
Sobic.010G196800,GRMZM2G442489
Sobic.010G185600,GRMZM2G442551
Sobic.003G143401,GRMZM2G442645
Sobic.003G143500,GRMZM2G442645
Sobic.001G097600,GRMZM2G442658
Sobic.007G158100,GRMZM2G442763
Sobic.002G035000,GRMZM2G442791
Sobic.004G273550,GRMZM2G442920
Sobic.002G116600,GRMZM2G443109
Sobic.008G181300,GRMZM2G443308
Sobic.006G221850,GRMZM2G443445
Sobic.006G221600,GRMZM2G443447
Sobic.001G108500,GRMZM2G443453
Sobic.008G052000,GRMZM2G443495
Sobic.008G146900,GRMZM2G443525
Sobic.004G212900,GRMZM2G443548
Sobic.008G107600,GRMZM2G443612
Sobic.002G043800,GRMZM2G443668
Sobic.010G197300,GRMZM2G443715
Sobic.002G350901,GRMZM2G443829
Sobic.002G350800,GRMZM2G443843
Sobic.006G243600,GRMZM2G443885
Sobic.006G243500,GRMZM2G443903
Sobic.010G178600,GRMZM2G443953
Sobic.010G041301,GRMZM2G443985
Sobic.003G158100,GRMZM2G444029
Sobic.004G244400,GRMZM2G444034
Sobic.006G008100,GRMZM2G444138
Sobic.005G210700,GRMZM2G444222
Sobic.001G255800,GRMZM2G444692
Sobic.010G033800,GRMZM2G444801
Sobic.003G030400,GRMZM2G445057
Sobic.001G322000,GRMZM2G445268
Sobic.001G500400,GRMZM2G445783
Sobic.001G224300,GRMZM2G445905
Sobic.004G354700,GRMZM2G445944
Sobic.004G355500,GRMZM2G445958
Sobic.008G136700,GRMZM2G446047
Sobic.003G302466,GRMZM2G446220
Sobic.002G136200,GRMZM2G446515
Sobic.002G213300,GRMZM2G446625
Sobic.003G293600,GRMZM2G446858
Sobic.007G042400,GRMZM2G446895
Sobic.002G059300,GRMZM2G446921
Sobic.006G275900,GRMZM2G447090
Sobic.001G146700,GRMZM2G447151
Sobic.002G123300,GRMZM2G447328
Sobic.007G108500,GRMZM2G447433
Sobic.009G111800,GRMZM2G447480
Sobic.009G112000,GRMZM2G447480
Sobic.009G112200,GRMZM2G447480
Sobic.009G140400,GRMZM2G447535
Sobic.001G474600,GRMZM2G447551
Sobic.006G119100,GRMZM2G447691
Sobic.010G076000,GRMZM2G447806
Sobic.003G055000,GRMZM2G447857
Sobic.007G148300,GRMZM2G448185
Sobic.005G213200,GRMZM2G448213
Sobic.007G148400,GRMZM2G448258
Sobic.001G438700,GRMZM2G448368
Sobic.001G132000,GRMZM2G448446
Sobic.009G015900,GRMZM2G448458
Sobic.009G030100,GRMZM2G448607
Sobic.007G088300,GRMZM2G448627
Sobic.010G026500,GRMZM2G448656
Sobic.001G521300,GRMZM2G448701
Sobic.003G262700,GRMZM2G448710
Sobic.002G399600,GRMZM2G448739
Sobic.001G057500,GRMZM2G448925
Sobic.003G358400,GRMZM2G449033
Sobic.006G267000,GRMZM2G449094
Sobic.003G004200,GRMZM2G449160
Sobic.007G172200,GRMZM2G449163
Sobic.008G178901,GRMZM2G449274
Sobic.004G315900,GRMZM2G449327
Sobic.004G160600,GRMZM2G449447
Sobic.007G025100,GRMZM2G449489
Sobic.002G277800,GRMZM2G449875
Sobic.002G377700,GRMZM2G449944
Sobic.001G509100,GRMZM2G450071
Sobic.001G508800,GRMZM2G450125
Sobic.009G055100,GRMZM2G450233
Sobic.006G036300,GRMZM2G450273
Sobic.009G122600,GRMZM2G450459
Sobic.002G193800,GRMZM2G450488
Sobic.006G027800,GRMZM2G450496
Sobic.009G111700,GRMZM2G450501
Sobic.010G236600,GRMZM2G450659
Sobic.002G026500,GRMZM2G450822
Sobic.002G025900,GRMZM2G450866
Sobic.002G026100,GRMZM2G450866
Sobic.001G038800,GRMZM2G450920
Sobic.001G039200,GRMZM2G450960
Sobic.003G332300,GRMZM2G451031
Sobic.005G013800,GRMZM2G451035
Sobic.006G019200,GRMZM2G451037
Sobic.003G231700,GRMZM2G451116
Sobic.009G009000,GRMZM2G451187
Sobic.009G009200,GRMZM2G451187
Sobic.009G009300,GRMZM2G451187
Sobic.008G123000,GRMZM2G451231
Sobic.004G170300,GRMZM2G451308
Sobic.003G071500,GRMZM2G451327
Sobic.007G142801,GRMZM2G451374
Sobic.010G072600,GRMZM2G451533
Sobic.010G221300,GRMZM2G451746
Sobic.003G108500,GRMZM2G451975
Sobic.010G000900,GRMZM2G452016
Sobic.006G262400,GRMZM2G452142
Sobic.006G262700,GRMZM2G452142
Sobic.001G198500,GRMZM2G452526
Sobic.003G062200,GRMZM2G452564
Sobic.007G127700,GRMZM2G452887
Sobic.007G127900,GRMZM2G452887
Sobic.001G496600,GRMZM2G453001
Sobic.001G497100,GRMZM2G453139
Sobic.004G174000,GRMZM2G453301
Sobic.006G158900,GRMZM2G453311
Sobic.001G053900,GRMZM2G453320
Sobic.010G065900,GRMZM2G453349
Sobic.009G234100,GRMZM2G453571
Sobic.005G187700,GRMZM2G453672
Sobic.005G187400,GRMZM2G453684
Sobic.001G243666,GRMZM2G453739
Sobic.003G244600,GRMZM2G453805
Sobic.001G264901,GRMZM2G454018
Sobic.007G175300,GRMZM2G454482
Sobic.006G228200,GRMZM2G454511
Sobic.009G241500,GRMZM2G454514
Sobic.010G249400,GRMZM2G454718
Sobic.002G072500,GRMZM2G454928
Sobic.002G072400,GRMZM2G454952
Sobic.001G082700,GRMZM2G454980
Sobic.001G106400,GRMZM2G455433
Sobic.004G115900,GRMZM2G455440
Sobic.010G063700,GRMZM2G455557
Sobic.007G075600,GRMZM2G455564
Sobic.009G241200,GRMZM2G455587
Sobic.010G116600,GRMZM2G455687
Sobic.009G034000,GRMZM2G455749
Sobic.001G022400,GRMZM2G455769
Sobic.001G184300,GRMZM2G455817
Sobic.002G051000,GRMZM2G456059
Sobic.002G051100,GRMZM2G456086
Sobic.004G025100,GRMZM2G456088
Sobic.003G333200,GRMZM2G456114
Sobic.006G204600,GRMZM2G456123
Sobic.006G204700,GRMZM2G456132
Sobic.001G075800,GRMZM2G456186
Sobic.007G172100,GRMZM2G456217
Sobic.004G222700,GRMZM2G456268
Sobic.001G324300,GRMZM2G456401
Sobic.001G206300,GRMZM2G456452
Sobic.005G176100,GRMZM2G456471
Sobic.003G345900,GRMZM2G456473
Sobic.003G007400,GRMZM2G456491
Sobic.009G251500,GRMZM2G456570
Sobic.001G286100,GRMZM2G456626
Sobic.002G369000,GRMZM2G456746
Sobic.002G369200,GRMZM2G456746
Sobic.010G265400,GRMZM2G457125
Sobic.001G465200,GRMZM2G457178
Sobic.001G465300,GRMZM2G457201
Sobic.005G217700,GRMZM2G457287
Sobic.005G217766,GRMZM2G457287
Sobic.005G217900,GRMZM2G457287
Sobic.007G159450,GRMZM2G457309
Sobic.007G159600,GRMZM2G457309
Sobic.007G159650,GRMZM2G457309
Sobic.001G113400,GRMZM2G457346
Sobic.001G153700,GRMZM2G457357
Sobic.001G153600,GRMZM2G457370
Sobic.010G114900,GRMZM2G457415
Sobic.001G055900,GRMZM2G457544
Sobic.006G269400,GRMZM2G457621
Sobic.006G136200,GRMZM2G457697
Sobic.008G117300,GRMZM2G457898
Sobic.008G117600,GRMZM2G457898
Sobic.008G117800,GRMZM2G457898
Sobic.008G117900,GRMZM2G457898
Sobic.002G011400,GRMZM2G458082
Sobic.003G212300,GRMZM2G458095
Sobic.003G212700,GRMZM2G458159
Sobic.002G255600,GRMZM2G458164
Sobic.001G024900,GRMZM2G458349
Sobic.005G043100,GRMZM2G458401
Sobic.005G043400,GRMZM2G458401
Sobic.009G248000,GRMZM2G458448
Sobic.001G025900,GRMZM2G458533
Sobic.009G246700,GRMZM2G458538
Sobic.009G000300,GRMZM2G458548
Sobic.001G026000,GRMZM2G458549
Sobic.009G230200,GRMZM2G458607
Sobic.005G045200,GRMZM2G458728
Sobic.009G064300,GRMZM2G458776
Sobic.009G178400,GRMZM2G459063
Sobic.004G259900,GRMZM2G459110
Sobic.004G052300,GRMZM2G459142
Sobic.001G213500,GRMZM2G459290
Sobic.001G213400,GRMZM2G459291
Sobic.002G240100,GRMZM2G459503
Sobic.005G110550,GRMZM2G459532
Sobic.007G142600,GRMZM2G459561
Sobic.002G138200,GRMZM2G459610
Sobic.003G444800,GRMZM2G459642
Sobic.002G386900,GRMZM2G459702
Sobic.004G256900,GRMZM2G459715
Sobic.004G124200,GRMZM2G459755
Sobic.002G384000,GRMZM2G459820
Sobic.002G384100,GRMZM2G459841
Sobic.007G086100,GRMZM2G459864
Sobic.007G086200,GRMZM2G459864
Sobic.001G199800,GRMZM2G460012
Sobic.003G303900,GRMZM2G460078
Sobic.007G178900,GRMZM2G460383
Sobic.001G095100,GRMZM2G460594
Sobic.009G166700,GRMZM2G460617
Sobic.003G332100,GRMZM2G460866
Sobic.003G129100,GRMZM2G460869
Sobic.007G059800,GRMZM2G460893
Sobic.001G332700,GRMZM2G460988
Sobic.002G206700,GRMZM2G461159
Sobic.008G189900,GRMZM2G461269
Sobic.001G185100,GRMZM2G461548
Sobic.001G185200,GRMZM2G461548
Sobic.001G185300,GRMZM2G461548
Sobic.010G266800,GRMZM2G461791
Sobic.004G031600,GRMZM2G462118
Sobic.002G076000,GRMZM2G462325
Sobic.005G019800,GRMZM2G462417
Sobic.005G020000,GRMZM2G462417
Sobic.004G068400,GRMZM2G462613
Sobic.009G091600,GRMZM2G462635
Sobic.004G068500,GRMZM2G462639
Sobic.002G224800,GRMZM2G462883
Sobic.006G176300,GRMZM2G462986
Sobic.005G130900,GRMZM2G463167
Sobic.005G131000,GRMZM2G463167
Sobic.005G131100,GRMZM2G463167
Sobic.006G020900,GRMZM2G463227
Sobic.006G200800,GRMZM2G463280
Sobic.004G301800,GRMZM2G463291
Sobic.004G009700,GRMZM2G463516
Sobic.003G131100,GRMZM2G463525
Sobic.008G127600,GRMZM2G463630
Sobic.008G127700,GRMZM2G463630
Sobic.008G127800,GRMZM2G463630
Sobic.001G070900,GRMZM2G463726
Sobic.001G070600,GRMZM2G463730
Sobic.009G240000,GRMZM2G463738
Sobic.010G233800,GRMZM2G463913
Sobic.003G051800,GRMZM2G464212
Sobic.010G046400,GRMZM2G464295
Sobic.008G038300,GRMZM2G464328
Sobic.008G043400,GRMZM2G464356
Sobic.001G462401,GRMZM2G464510
Sobic.001G333800,GRMZM2G464575
Sobic.001G490700,GRMZM2G464818
Sobic.010G093300,GRMZM2G465046
Sobic.010G093200,GRMZM2G465053
Sobic.006G163200,GRMZM2G465188
Sobic.002G023300,GRMZM2G465226
Sobic.003G036600,GRMZM2G465547
Sobic.001G514900,GRMZM2G465806
Sobic.001G515300,GRMZM2G465806
Sobic.010G124300,GRMZM2G465868
Sobic.010G124500,GRMZM2G465868
Sobic.010G124600,GRMZM2G465868
Sobic.010G124900,GRMZM2G465868
Sobic.002G333400,GRMZM2G465987
Sobic.004G297100,GRMZM2G466044
Sobic.010G279450,GRMZM2G466270
Sobic.004G016400,GRMZM2G466281
Sobic.004G262400,GRMZM2G466309
Sobic.001G149000,GRMZM2G466385
Sobic.001G170800,GRMZM2G466394
Sobic.007G107600,GRMZM2G466563
Sobic.003G358000,GRMZM2G466780
Sobic.003G238500,GRMZM2G466833
Sobic.010G069100,GRMZM2G467169
Sobic.003G425200,GRMZM2G467184
Sobic.007G209000,GRMZM2G467263
Sobic.002G263000,GRMZM2G467339
Sobic.002G263100,GRMZM2G467356
Sobic.003G376800,GRMZM2G467466
Sobic.008G030200,GRMZM2G467576
Sobic.003G079400,GRMZM2G467671
Sobic.001G443500,GRMZM2G467695
Sobic.004G332400,GRMZM2G467717
Sobic.004G332500,GRMZM2G467756
Sobic.001G136300,GRMZM2G467893
Sobic.003G280100,GRMZM2G468111
Sobic.003G280200,GRMZM2G468111
Sobic.005G194700,GRMZM2G468260
Sobic.002G286800,GRMZM2G468376
Sobic.010G195301,GRMZM2G468439
Sobic.010G195450,GRMZM2G468439
Sobic.010G195500,GRMZM2G468439
Sobic.010G195600,GRMZM2G468439
Sobic.003G281100,GRMZM2G468465
Sobic.002G188000,GRMZM2G468495
Sobic.007G054600,GRMZM2G468615
Sobic.002G325400,GRMZM2G468682
Sobic.004G325200,GRMZM2G468932
Sobic.004G331900,GRMZM2G469111
Sobic.004G331800,GRMZM2G469142
Sobic.002G107800,GRMZM2G469175
Sobic.001G308100,GRMZM2G469371
Sobic.007G114500,GRMZM2G469523
Sobic.004G119800,GRMZM2G469689
Sobic.004G119900,GRMZM2G469689
Sobic.004G120000,GRMZM2G469689
Sobic.004G121500,GRMZM2G469689
Sobic.004G121600,GRMZM2G469689
Sobic.004G121700,GRMZM2G469689
Sobic.004G121800,GRMZM2G469689
Sobic.004G121900,GRMZM2G469689
Sobic.003G267000,GRMZM2G469747
Sobic.001G280900,GRMZM2G469795
Sobic.010G156100,GRMZM2G469898
Sobic.002G237700,GRMZM2G470048
Sobic.003G009800,GRMZM2G470302
Sobic.003G008700,GRMZM2G470307
Sobic.001G020200,GRMZM2G470422
Sobic.001G494300,GRMZM2G470438
Sobic.007G148600,GRMZM2G470452
Sobic.002G423100,GRMZM2G470461
Sobic.004G082800,GRMZM2G470666
Sobic.004G156900,GRMZM2G470756
Sobic.003G031700,GRMZM2G470914
Sobic.001G002200,GRMZM2G471108
Sobic.003G382400,GRMZM2G471142
Sobic.001G348600,GRMZM2G471240
Sobic.001G072900,GRMZM2G471348
Sobic.010G161600,GRMZM2G471357
Sobic.010G161700,GRMZM2G471357
Sobic.006G031866,GRMZM2G471395
Sobic.003G086200,GRMZM2G471517
Sobic.002G140200,GRMZM2G471779
Sobic.001G544600,GRMZM2G471814
Sobic.001G415600,GRMZM2G471904
Sobic.001G415901,GRMZM2G471904
Sobic.001G416000,GRMZM2G471904
Sobic.001G230400,GRMZM2G472060
Sobic.002G080500,GRMZM2G472100
Sobic.002G080600,GRMZM2G472100
Sobic.002G080700,GRMZM2G472100
Sobic.002G081000,GRMZM2G472100
Sobic.002G111100,GRMZM2G472146
Sobic.001G511000,GRMZM2G472167
Sobic.001G091400,GRMZM2G472171
Sobic.001G091600,GRMZM2G472226
Sobic.001G344300,GRMZM2G472234
Sobic.001G497700,GRMZM2G472236
Sobic.001G497500,GRMZM2G472266
Sobic.001G096700,GRMZM2G472278
Sobic.004G004600,GRMZM2G472346
Sobic.002G189400,GRMZM2G472376
Sobic.002G331100,GRMZM2G472382
Sobic.008G050100,GRMZM2G472449
Sobic.009G133000,GRMZM2G472610
Sobic.001G161200,GRMZM2G472643
Sobic.001G071600,GRMZM2G472827
Sobic.002G414400,GRMZM2G472852
Sobic.004G064700,GRMZM2G472945
Sobic.002G167000,GRMZM2G473001
Sobic.008G028700,GRMZM2G473138
Sobic.003G417800,GRMZM2G473152
Sobic.004G162500,GRMZM2G473463
Sobic.003G235400,GRMZM2G473976
Sobic.004G103500,GRMZM2G474113
Sobic.001G310400,GRMZM2G474129
Sobic.001G542100,GRMZM2G474194
Sobic.001G432600,GRMZM2G474407
Sobic.004G154200,GRMZM2G474531
Sobic.006G154300,GRMZM2G474575
Sobic.008G000300,GRMZM2G474602
Sobic.006G096700,GRMZM2G474783
Sobic.001G050600,GRMZM2G474798
Sobic.006G153300,GRMZM2G474929
Sobic.008G183900,GRMZM2G475014
Sobic.001G513100,GRMZM2G475168
Sobic.008G053800,GRMZM2G475197
Sobic.003G003800,GRMZM2G475263
Sobic.010G007200,GRMZM2G475293
Sobic.004G262700,GRMZM2G475349
Sobic.001G526900,GRMZM2G475380
Sobic.005G226500,GRMZM2G475505
Sobic.005G226600,GRMZM2G475521
Sobic.006G168100,GRMZM2G475678
Sobic.006G168200,GRMZM2G475678
Sobic.003G345300,GRMZM2G475743
Sobic.010G178900,GRMZM2G475884
Sobic.010G179000,GRMZM2G475884
Sobic.001G075000,GRMZM2G475948
Sobic.001G197200,GRMZM2G475956
Sobic.007G016500,GRMZM2G476040
Sobic.001G523700,GRMZM2G476107
Sobic.009G218100,GRMZM2G476357
Sobic.009G217600,GRMZM2G476477
Sobic.010G241100,GRMZM2G476523
Sobic.010G241200,GRMZM2G476538
Sobic.001G391101,GRMZM2G476593
Sobic.002G382200,GRMZM2G476636
Sobic.008G145300,GRMZM2G476637
Sobic.002G190700,GRMZM2G476685
Sobic.009G212900,GRMZM2G476843
Sobic.010G132000,GRMZM2G476848
Sobic.009G087900,GRMZM2G476886
Sobic.006G203800,GRMZM2G477019
Sobic.004G160200,GRMZM2G477146
Sobic.003G292500,GRMZM2G477200
Sobic.004G024500,GRMZM2G477236
Sobic.004G106300,GRMZM2G477238
Sobic.002G194000,GRMZM2G477743
Sobic.010G241700,GRMZM2G477762
Sobic.010G241800,GRMZM2G477762
Sobic.010G236700,GRMZM2G477829
Sobic.010G236800,GRMZM2G477829
Sobic.010G237200,GRMZM2G477864
Sobic.001G110600,GRMZM2G477879
Sobic.002G244400,GRMZM2G478160
Sobic.001G283000,GRMZM2G478212
Sobic.001G283100,GRMZM2G478212
Sobic.003G283400,GRMZM2G478414
Sobic.010G259200,GRMZM2G478624
Sobic.004G317700,GRMZM2G478664
Sobic.002G069100,GRMZM2G478965
Sobic.002G069166,GRMZM2G478965
Sobic.002G069400,GRMZM2G478965
Sobic.002G070700,GRMZM2G478996
Sobic.002G070800,GRMZM2G478996
Sobic.002G070901,GRMZM2G478996
Sobic.006G114100,GRMZM2G479018
Sobic.003G047700,GRMZM2G479038
Sobic.004G330900,GRMZM2G479110
Sobic.003G430100,GRMZM2G479112
Sobic.001G007700,GRMZM2G479249
Sobic.007G150500,GRMZM2G479318
Sobic.004G065400,GRMZM2G479325
Sobic.001G330600,GRMZM2G479340
Sobic.001G330700,GRMZM2G479340
Sobic.003G355400,GRMZM2G479423
Sobic.003G355500,GRMZM2G479423
Sobic.008G176600,GRMZM2G479539
Sobic.009G131100,GRMZM2G479608
Sobic.006G192200,GRMZM2G479665
Sobic.001G030000,GRMZM2G479744
Sobic.002G174000,GRMZM2G479906
Sobic.002G029100,GRMZM2G480002
Sobic.002G068500,GRMZM2G480050
Sobic.009G195500,GRMZM2G480074
Sobic.010G076100,GRMZM2G480226
Sobic.010G076200,GRMZM2G480226
Sobic.004G243100,GRMZM2G480364
Sobic.001G495850,GRMZM2G480386
Sobic.007G205300,GRMZM2G480434
Sobic.002G319300,GRMZM2G480480
Sobic.002G134100,GRMZM2G480516
Sobic.003G376600,GRMZM2G480551
Sobic.010G082800,GRMZM2G480850
Sobic.006G054600,GRMZM2G480903
Sobic.010G063300,GRMZM2G481005
Sobic.001G101900,GRMZM2G481194
Sobic.009G225600,GRMZM2G481261
Sobic.007G025300,GRMZM2G481280
Sobic.010G052300,GRMZM2G481291
Sobic.003G218500,GRMZM2G481362
Sobic.003G434700,GRMZM2G481548
Sobic.004G263100,GRMZM2G481605
Sobic.009G141500,GRMZM2G481668
Sobic.004G246400,GRMZM2G481730
Sobic.004G283600,GRMZM2G481755
Sobic.005G080700,GRMZM2G481948
Sobic.002G236800,GRMZM2G481964
Sobic.009G205400,GRMZM2G482046
Sobic.004G042700,GRMZM2G482256
Sobic.002G375500,GRMZM2G482406
Sobic.004G035000,GRMZM2G484344
Sobic.004G129300,GRMZM2G484880
Sobic.002G294300,GRMZM2G485559
Sobic.007G131000,GRMZM2G485898
Sobic.002G247700,GRMZM2G487036
Sobic.007G116200,GRMZM2G487629
Sobic.002G306201,GRMZM2G488458
Sobic.005G044400,GRMZM2G488465
Sobic.008G174500,GRMZM2G488692
Sobic.005G081100,GRMZM2G489627
Sobic.005G081200,GRMZM2G489627
Sobic.005G081300,GRMZM2G489627
Sobic.005G081500,GRMZM2G489627
Sobic.005G081700,GRMZM2G489627
Sobic.004G347000,GRMZM2G490278
Sobic.007G163700,GRMZM2G491632
Sobic.002G064500,GRMZM2G493395
Sobic.002G064700,GRMZM2G493395
Sobic.004G030300,GRMZM2G493549
Sobic.004G158700,GRMZM2G494514
Sobic.003G202700,GRMZM2G496110
Sobic.001G011100,GRMZM2G496413
Sobic.005G106800,GRMZM2G496448
Sobic.001G481100,GRMZM2G496991
Sobic.006G169800,GRMZM2G497769
Sobic.004G242500,GRMZM2G501450
Sobic.003G345500,GRMZM2G504401
Sobic.004G159200,GRMZM2G504595
Sobic.006G159900,GRMZM2G505380
Sobic.001G315100,GRMZM2G506660
Sobic.003G309600,GRMZM2G507678
Sobic.006G253000,GRMZM2G511859
Sobic.006G253400,GRMZM2G511859
Sobic.006G254400,GRMZM2G511859
Sobic.002G428400,GRMZM2G516421
Sobic.006G046900,GRMZM2G520811
Sobic.008G149400,GRMZM2G522066
Sobic.009G167201,GRMZM2G522776
Sobic.001G341800,GRMZM2G524711
Sobic.006G111500,GRMZM2G526267
Sobic.010G051200,GRMZM2G529313
Sobic.004G302700,GRMZM2G529859
Sobic.001G173700,GRMZM2G532387
Sobic.005G226700,GRMZM2G534826
Sobic.005G227200,GRMZM2G534826
Sobic.005G227300,GRMZM2G534826
Sobic.005G227400,GRMZM2G534826
Sobic.005G227700,GRMZM2G534826
Sobic.004G011433,GRMZM2G535811
Sobic.008G025200,GRMZM2G536120
Sobic.008G025400,GRMZM2G536120
Sobic.004G061300,GRMZM2G536238
Sobic.007G135100,GRMZM2G536825
Sobic.004G318300,GRMZM2G538064
Sobic.010G126100,GRMZM2G538535
Sobic.001G427100,GRMZM2G540403
Sobic.004G176900,GRMZM2G540772
Sobic.010G267300,GRMZM2G541730
Sobic.005G198300,GRMZM2G542227
Sobic.008G050600,GRMZM2G544539
Sobic.005G102500,GRMZM2G545326
Sobic.010G029100,GRMZM2G545891
Sobic.008G145100,GRMZM2G546081
Sobic.009G212000,GRMZM2G546254
Sobic.001G393000,GRMZM2G550861
Sobic.004G065700,GRMZM2G551565
Sobic.001G373700,GRMZM2G552278
Sobic.002G017201,GRMZM2G552366
Sobic.001G525300,GRMZM2G552966
Sobic.002G006401,GRMZM2G555108
Sobic.006G186600,GRMZM2G556131
Sobic.004G197200,GRMZM2G556845
Sobic.002G180200,GRMZM2G560551
Sobic.002G424500,GRMZM2G560571
Sobic.004G086800,GRMZM2G569948
Sobic.008G123400,GRMZM2G571844
Sobic.007G020500,GRMZM2G573732
Sobic.005G110541,GRMZM2G574782
Sobic.003G037700,GRMZM2G576002
Sobic.010G055000,GRMZM2G576752
Sobic.010G055100,GRMZM2G576752
Sobic.010G055400,GRMZM2G576752
Sobic.003G335100,GRMZM2G577191
Sobic.002G371500,GRMZM2G577405
Sobic.001G364500,GRMZM2G577677
Sobic.005G104200,GRMZM2G581155
Sobic.003G311500,GRMZM2G582965
Sobic.008G072800,GRMZM2G587878
Sobic.001G007800,GRMZM2G590033
Sobic.005G049000,GRMZM2G590333
Sobic.002G157400,GRMZM2G591241
Sobic.002G158300,GRMZM2G591241
Sobic.002G158500,GRMZM2G591241
Sobic.002G195700,GRMZM2G700188
Sobic.002G215300,GRMZM2G700200
Sobic.008G077800,GRMZM2G700208
Sobic.002G343100,GRMZM2G700291
Sobic.009G020000,GRMZM2G700893
Sobic.009G117000,GRMZM2G701144
Sobic.009G174500,GRMZM2G701201
Sobic.009G174700,GRMZM2G701201
Sobic.009G174800,GRMZM2G701204
Sobic.009G175400,GRMZM2G701207
Sobic.009G175500,GRMZM2G701207
Sobic.009G188300,GRMZM2G701221
Sobic.010G234700,GRMZM2G701513
Sobic.003G351800,GRMZM2G702017
Sobic.005G072400,GRMZM2G702806
Sobic.006G143400,GRMZM2G702991
Sobic.006G046500,GRMZM2G703077
Sobic.001G540700,GRMZM2G703466
Sobic.001G429800,GRMZM2G703555
Sobic.001G366200,GRMZM2G703582
Sobic.001G286800,GRMZM2G703697
Sobic.007G196600,GRMZM2G703858
Sobic.001G205800,GRMZM2G703928
Sobic.001G147300,GRMZM2G704005
Sobic.001G108600,GRMZM2G704053
Sobic.001G108700,GRMZM2G704053
Sobic.010G202500,GRMZM2G704277
Sobic.010G194600,GRMZM2G704285
Sobic.002G049750,GRMZM2G704349
Sobic.010G010500,GRMZM5G800473
Sobic.002G001300,GRMZM5G800488
Sobic.010G045000,GRMZM5G800535
Sobic.003G153700,GRMZM5G800558
Sobic.004G343800,GRMZM5G800598
Sobic.002G262000,GRMZM5G800734
Sobic.001G117400,GRMZM5G800853
Sobic.003G131000,GRMZM5G801307
Sobic.003G397100,GRMZM5G801369
Sobic.009G072100,GRMZM5G801627
Sobic.002G338500,GRMZM5G801949
Sobic.010G078200,GRMZM5G801953
Sobic.001G536500,GRMZM5G802392
Sobic.002G243650,GRMZM5G802566
Sobic.009G055550,GRMZM5G802774
Sobic.001G089600,GRMZM5G802858
Sobic.003G046700,GRMZM5G802971
Sobic.005G229166,GRMZM5G803334
Sobic.004G083600,GRMZM5G803365
Sobic.003G206000,GRMZM5G803590
Sobic.002G131300,GRMZM5G803610
Sobic.008G058300,GRMZM5G803992
Sobic.006G224000,GRMZM5G804477
Sobic.005G103700,GRMZM5G804511
Sobic.001G423100,GRMZM5G804658
Sobic.003G055600,GRMZM5G804783
Sobic.003G252500,GRMZM5G804976
Sobic.002G119200,GRMZM5G805008
Sobic.010G002000,GRMZM5G805350
Sobic.004G035800,GRMZM5G805485
Sobic.006G167900,GRMZM5G805505
Sobic.006G168000,GRMZM5G805505
Sobic.010G206200,GRMZM5G805627
Sobic.008G041100,GRMZM5G805685
Sobic.001G157200,GRMZM5G805732
Sobic.006G081500,GRMZM5G806108
Sobic.004G340400,GRMZM5G806257
Sobic.006G037300,GRMZM5G806387
Sobic.004G341200,GRMZM5G806449
Sobic.010G215400,GRMZM5G807019
Sobic.008G058100,GRMZM5G807054
Sobic.003G385100,GRMZM5G807064
Sobic.006G069300,GRMZM5G807267
Sobic.006G116600,GRMZM5G807350
Sobic.002G417600,GRMZM5G807560
Sobic.001G361200,GRMZM5G808350
Sobic.010G078100,GRMZM5G808624
Sobic.002G132300,GRMZM5G808737
Sobic.002G297500,GRMZM5G809078
Sobic.002G297400,GRMZM5G809292
Sobic.010G055300,GRMZM5G810393
Sobic.001G069600,GRMZM5G811069
Sobic.005G188400,GRMZM5G811176
Sobic.009G240300,GRMZM5G811731
Sobic.010G158200,GRMZM5G812126
Sobic.010G045400,GRMZM5G812228
Sobic.010G045500,GRMZM5G812228
Sobic.003G214300,GRMZM5G812270
Sobic.010G097800,GRMZM5G812326
Sobic.010G097900,GRMZM5G812326
Sobic.009G255700,GRMZM5G812498
Sobic.004G242200,GRMZM5G812555
Sobic.010G163900,GRMZM5G812774
Sobic.004G048700,GRMZM5G812923
Sobic.001G157100,GRMZM5G812926
Sobic.002G356200,GRMZM5G813007
Sobic.001G090400,GRMZM5G813111
Sobic.001G242800,GRMZM5G813143
Sobic.009G223200,GRMZM5G813259
Sobic.009G072500,GRMZM5G813363
Sobic.008G058700,GRMZM5G813470
Sobic.003G382300,GRMZM5G813651
Sobic.007G050200,GRMZM5G813804
Sobic.001G499100,GRMZM5G813886
Sobic.009G239700,GRMZM5G814101
Sobic.010G160300,GRMZM5G814159
Sobic.010G085400,GRMZM5G814279
Sobic.007G158700,GRMZM5G814389
Sobic.001G117600,GRMZM5G814549
Sobic.001G403100,GRMZM5G814718
Sobic.003G396700,GRMZM5G814985
Sobic.009G133600,GRMZM5G815032
Sobic.003G290900,GRMZM5G815165
Sobic.001G088000,GRMZM5G815323
Sobic.002G085800,GRMZM5G815665
Sobic.009G209200,GRMZM5G816110
Sobic.003G249900,GRMZM5G816356
Sobic.003G309900,GRMZM5G816545
Sobic.003G001400,GRMZM5G816891
Sobic.010G188200,GRMZM5G817035
Sobic.006G278800,GRMZM5G817182
Sobic.002G127900,GRMZM5G817551
Sobic.002G260000,GRMZM5G817559
Sobic.010G008700,GRMZM5G817759
Sobic.004G047800,GRMZM5G817948
Sobic.002G109300,GRMZM5G817964
Sobic.002G297300,GRMZM5G818058
Sobic.003G291400,GRMZM5G818186
Sobic.004G205900,GRMZM5G818194
Sobic.008G170100,GRMZM5G818213
Sobic.001G440500,GRMZM5G818431
Sobic.004G028800,GRMZM5G818514
Sobic.007G126500,GRMZM5G818791
Sobic.003G038200,GRMZM5G818978
Sobic.005G231100,GRMZM5G819212
Sobic.002G259200,GRMZM5G819222
Sobic.001G120500,GRMZM5G819320
Sobic.006G069500,GRMZM5G819523
Sobic.001G508200,GRMZM5G820122
Sobic.001G237100,GRMZM5G820163
Sobic.010G135100,GRMZM5G820617
Sobic.007G145200,GRMZM5G820727
Sobic.002G041666,GRMZM5G821530
Sobic.001G010000,GRMZM5G821637
Sobic.003G444100,GRMZM5G821639
Sobic.001G204000,GRMZM5G821828
Sobic.002G108200,GRMZM5G821968
Sobic.001G364200,GRMZM5G822100
Sobic.001G364400,GRMZM5G822100
Sobic.003G415900,GRMZM5G822137
Sobic.009G100100,GRMZM5G822317
Sobic.002G338700,GRMZM5G822440
Sobic.003G243700,GRMZM5G822563
Sobic.007G210400,GRMZM5G822593
Sobic.002G259900,GRMZM5G822842
Sobic.005G010200,GRMZM5G822947
Sobic.001G508100,GRMZM5G823004
Sobic.010G266200,GRMZM5G823891
Sobic.010G056100,GRMZM5G824137
Sobic.001G405300,GRMZM5G824405
Sobic.004G248600,GRMZM5G824439
Sobic.004G343200,GRMZM5G824600
Sobic.002G220200,GRMZM5G824944
Sobic.006G236800,GRMZM5G824964
Sobic.002G385400,GRMZM5G825512
Sobic.010G015500,GRMZM5G825515
Sobic.002G078300,GRMZM5G825609
Sobic.007G146600,GRMZM5G825854
Sobic.002G228000,GRMZM5G826321
Sobic.001G324100,GRMZM5G826389
Sobic.003G237201,GRMZM5G826526
Sobic.003G059000,GRMZM5G826700
Sobic.009G115200,GRMZM5G826767
Sobic.001G111000,GRMZM5G826838
Sobic.001G038200,GRMZM5G826911
Sobic.006G278700,GRMZM5G827171
Sobic.002G007600,GRMZM5G827207
Sobic.008G077600,GRMZM5G827286
Sobic.003G237300,GRMZM5G827365
Sobic.009G136500,GRMZM5G827496
Sobic.009G136600,GRMZM5G827496
Sobic.009G136700,GRMZM5G827496
Sobic.007G038600,GRMZM5G828229
Sobic.007G197700,GRMZM5G828396
Sobic.009G070000,GRMZM5G828487
Sobic.001G342400,GRMZM5G828488
Sobic.009G132000,GRMZM5G829291
Sobic.008G077500,GRMZM5G829554
Sobic.003G267500,GRMZM5G829563
Sobic.009G238900,GRMZM5G829778
Sobic.005G009300,GRMZM5G829928
Sobic.006G054800,GRMZM5G829946
Sobic.007G029900,GRMZM5G830329
Sobic.010G200200,GRMZM5G830365
Sobic.010G200400,GRMZM5G830365
Sobic.010G026200,GRMZM5G830776
Sobic.002G065400,GRMZM5G830839
Sobic.002G065900,GRMZM5G830839
Sobic.009G253000,GRMZM5G830932
Sobic.009G253200,GRMZM5G830932
Sobic.004G028700,GRMZM5G831200
Sobic.008G153200,GRMZM5G831313
Sobic.003G054900,GRMZM5G831408
Sobic.002G367100,GRMZM5G831577
Sobic.003G365100,GRMZM5G831584
Sobic.002G027800,GRMZM5G831780
Sobic.006G150600,GRMZM5G831795
Sobic.001G041600,GRMZM5G831951
Sobic.010G055500,GRMZM5G831993
Sobic.005G032700,GRMZM5G832114
Sobic.003G081100,GRMZM5G832149
Sobic.002G338900,GRMZM5G832281
Sobic.007G038700,GRMZM5G832300
Sobic.003G186066,GRMZM5G832362
Sobic.008G020200,GRMZM5G832378
Sobic.001G208900,GRMZM5G832380
Sobic.003G365500,GRMZM5G832473
Sobic.004G257900,GRMZM5G832565
Sobic.001G008200,GRMZM5G832651
Sobic.003G041300,GRMZM5G832672
Sobic.005G032000,GRMZM5G832805
Sobic.004G246500,GRMZM5G832989
Sobic.001G462700,GRMZM5G833323
Sobic.010G097500,GRMZM5G833563
Sobic.005G191600,GRMZM5G833660
Sobic.001G391800,GRMZM5G833991
Sobic.003G026700,GRMZM5G834596
Sobic.010G069600,GRMZM5G834697
Sobic.004G204000,GRMZM5G834874
Sobic.004G296600,GRMZM5G834894
Sobic.005G191700,GRMZM5G835213
Sobic.002G324200,GRMZM5G835323
Sobic.009G117100,GRMZM5G835629
Sobic.001G115100,GRMZM5G835691
Sobic.008G032500,GRMZM5G835772
Sobic.003G075500,GRMZM5G836162
Sobic.007G211200,GRMZM5G836190
Sobic.010G190600,GRMZM5G836222
Sobic.003G367500,GRMZM5G836250
Sobic.006G055900,GRMZM5G836308
Sobic.004G181000,GRMZM5G836353
Sobic.004G237600,GRMZM5G836378
Sobic.001G423200,GRMZM5G836424
Sobic.006G275600,GRMZM5G836429
Sobic.002G065300,GRMZM5G836501
Sobic.001G235000,GRMZM5G836588
Sobic.003G290200,GRMZM5G836674
Sobic.010G216000,GRMZM5G836827
Sobic.008G147300,GRMZM5G836886
Sobic.004G331700,GRMZM5G836910
Sobic.001G074100,GRMZM5G837018
Sobic.003G364300,GRMZM5G837822
Sobic.009G026300,GRMZM5G837841
Sobic.004G346000,GRMZM5G837869
Sobic.005G103000,GRMZM5G837876
Sobic.005G103100,GRMZM5G837876
Sobic.008G097100,GRMZM5G838435
Sobic.007G211300,GRMZM5G839014
Sobic.003G276700,GRMZM5G839411
Sobic.010G186600,GRMZM5G839512
Sobic.004G184200,GRMZM5G839518
Sobic.004G188800,GRMZM5G839593
Sobic.004G296800,GRMZM5G840002
Sobic.009G108600,GRMZM5G840013
Sobic.004G358400,GRMZM5G840560
Sobic.003G131200,GRMZM5G840699
Sobic.001G026900,GRMZM5G840909
Sobic.005G106900,GRMZM5G840928
Sobic.003G319300,GRMZM5G840931
Sobic.010G196300,GRMZM5G840940
Sobic.004G343000,GRMZM5G841101
Sobic.009G134450,GRMZM5G841343
Sobic.002G054700,GRMZM5G841619
Sobic.004G343600,GRMZM5G841900
Sobic.004G224600,GRMZM5G841914
Sobic.004G356500,GRMZM5G842058
Sobic.003G357600,GRMZM5G842071
Sobic.003G357700,GRMZM5G842071
Sobic.004G316900,GRMZM5G842517
Sobic.001G207400,GRMZM5G842970
Sobic.002G177500,GRMZM5G843174
Sobic.004G174600,GRMZM5G843192
Sobic.003G437600,GRMZM5G843368
Sobic.010G055700,GRMZM5G843474
Sobic.002G234200,GRMZM5G843748
Sobic.005G225000,GRMZM5G843972
Sobic.008G009600,GRMZM5G844087
Sobic.005G116200,GRMZM5G844096
Sobic.004G167400,GRMZM5G844257
Sobic.004G071000,GRMZM5G844562
Sobic.005G195600,GRMZM5G845021
Sobic.010G098000,GRMZM5G845080
Sobic.007G030600,GRMZM5G845163
Sobic.001G519800,GRMZM5G845611
Sobic.002G426201,GRMZM5G845613
Sobic.003G399000,GRMZM5G846152
Sobic.009G008100,GRMZM5G846339
Sobic.009G238300,GRMZM5G846343
Sobic.004G098100,GRMZM5G846405
Sobic.008G135401,GRMZM5G847387
Sobic.009G242700,GRMZM5G847466
Sobic.010G008800,GRMZM5G847530
Sobic.009G214300,GRMZM5G847982
Sobic.006G234700,GRMZM5G848138
Sobic.002G338300,GRMZM5G848182
Sobic.003G012000,GRMZM5G848602
Sobic.009G037000,GRMZM5G848692
Sobic.004G128700,GRMZM5G848733
Sobic.004G345800,GRMZM5G848768
Sobic.009G252800,GRMZM5G849087
Sobic.004G074000,GRMZM5G849107
Sobic.010G160600,GRMZM5G849889
Sobic.001G375300,GRMZM5G849959
Sobic.001G151300,GRMZM5G849971
Sobic.001G493100,GRMZM5G850455
Sobic.003G313500,GRMZM5G851026
Sobic.008G052500,GRMZM5G851140
Sobic.008G053000,GRMZM5G851140
Sobic.002G177700,GRMZM5G851405
Sobic.009G034800,GRMZM5G851490
Sobic.002G235600,GRMZM5G851929
Sobic.003G338600,GRMZM5G852096
Sobic.001G331700,GRMZM5G852170
Sobic.010G045200,GRMZM5G852396
Sobic.010G045300,GRMZM5G852396
Sobic.010G089700,GRMZM5G852704
Sobic.002G009900,GRMZM5G852776
Sobic.003G026300,GRMZM5G852801
Sobic.004G323100,GRMZM5G852886
Sobic.005G188300,GRMZM5G853191
Sobic.003G089100,GRMZM5G853361
Sobic.008G174650,GRMZM5G853836
Sobic.006G220500,GRMZM5G853854
Sobic.003G367800,GRMZM5G854473
Sobic.010G255600,GRMZM5G854533
Sobic.004G012200,GRMZM5G854880
Sobic.004G337400,GRMZM5G855200
Sobic.002G378900,GRMZM5G855311
Sobic.001G484400,GRMZM5G855347
Sobic.007G195900,GRMZM5G855396
Sobic.009G092900,GRMZM5G855860
Sobic.001G205900,GRMZM5G855891
Sobic.005G137900,GRMZM5G855894
Sobic.005G138000,GRMZM5G855894
Sobic.004G243600,GRMZM5G856201
Sobic.003G358900,GRMZM5G856598
Sobic.003G291800,GRMZM5G856653
Sobic.010G260700,GRMZM5G856929
Sobic.006G203100,GRMZM5G856943
Sobic.004G316500,GRMZM5G857944
Sobic.006G164900,GRMZM5G857992
Sobic.003G054400,GRMZM5G858165
Sobic.004G023700,GRMZM5G858310
Sobic.001G129600,GRMZM5G858417
Sobic.003G327500,GRMZM5G859099
Sobic.003G327200,GRMZM5G859195
Sobic.001G155600,GRMZM5G859316
Sobic.010G163150,GRMZM5G860176
Sobic.004G163500,GRMZM5G860214
Sobic.002G350700,GRMZM5G860235
Sobic.002G250300,GRMZM5G860241
Sobic.005G203900,GRMZM5G860607
Sobic.001G028000,GRMZM5G860632
Sobic.003G000900,GRMZM5G860761
Sobic.002G045200,GRMZM5G860810
Sobic.001G507900,GRMZM5G860938
Sobic.007G007400,GRMZM5G861268
Sobic.007G007600,GRMZM5G861268
Sobic.007G007700,GRMZM5G861268
Sobic.003G242000,GRMZM5G861300
Sobic.004G131040,GRMZM5G861603
Sobic.004G186200,GRMZM5G861800
Sobic.001G205100,GRMZM5G861997
Sobic.001G036800,GRMZM5G862109
Sobic.003G061800,GRMZM5G862219
Sobic.001G341100,GRMZM5G862467
Sobic.001G341200,GRMZM5G862467
Sobic.001G021000,GRMZM5G862488
Sobic.002G339000,GRMZM5G862799
Sobic.004G340566,GRMZM5G862817
Sobic.004G340632,GRMZM5G862817
Sobic.004G340700,GRMZM5G862817
Sobic.004G340800,GRMZM5G862817
Sobic.004G340900,GRMZM5G862817
Sobic.004G341000,GRMZM5G862817
Sobic.004G341100,GRMZM5G862817
Sobic.002G364800,GRMZM5G862931
Sobic.004G282000,GRMZM5G862936
Sobic.003G259800,GRMZM5G863146
Sobic.002G109000,GRMZM5G863152
Sobic.004G213600,GRMZM5G863385
Sobic.010G041500,GRMZM5G863550
Sobic.003G276400,GRMZM5G863596
Sobic.010G212700,GRMZM5G863602
Sobic.003G392100,GRMZM5G863784
Sobic.006G207300,GRMZM5G863846
Sobic.002G055800,GRMZM5G864001
Sobic.010G049100,GRMZM5G864319
Sobic.004G168500,GRMZM5G864335
Sobic.010G077800,GRMZM5G864689
Sobic.009G114500,GRMZM5G864815
Sobic.009G069700,GRMZM5G864847
Sobic.003G156200,GRMZM5G864903
Sobic.005G098000,GRMZM5G865319
Sobic.005G115900,GRMZM5G865508
Sobic.003G410400,GRMZM5G865769
Sobic.007G158800,GRMZM5G865811
Sobic.004G016900,GRMZM5G865943
Sobic.008G163700,GRMZM5G865967
Sobic.010G110800,GRMZM5G866053
Sobic.005G107300,GRMZM5G866334
Sobic.007G146900,GRMZM5G866423
Sobic.003G255600,GRMZM5G866432
Sobic.009G129100,GRMZM5G866861
Sobic.002G385900,GRMZM5G866918
Sobic.003G368000,GRMZM5G866954
Sobic.002G387200,GRMZM5G867185
Sobic.001G111150,GRMZM5G867390
Sobic.005G182400,GRMZM5G867798
Sobic.003G046600,GRMZM5G868061
Sobic.002G131500,GRMZM5G868168
Sobic.009G085600,GRMZM5G868222
Sobic.008G123500,GRMZM5G868647
Sobic.002G261800,GRMZM5G868664
Sobic.001G202266,GRMZM5G868683
Sobic.004G167100,GRMZM5G868908
Sobic.002G300600,GRMZM5G869196
Sobic.001G201900,GRMZM5G869779
Sobic.006G100900,GRMZM5G870067
Sobic.006G101000,GRMZM5G870067
Sobic.007G020600,GRMZM5G870170
Sobic.010G008600,GRMZM5G870176
Sobic.005G215300,GRMZM5G870184
Sobic.004G015000,GRMZM5G870955
Sobic.007G196201,GRMZM5G871093
Sobic.003G041400,GRMZM5G871126
Sobic.007G008900,GRMZM5G871143
Sobic.003G070700,GRMZM5G871336
Sobic.003G000600,GRMZM5G871347
Sobic.004G032100,GRMZM5G871910
Sobic.009G072400,GRMZM5G872041
Sobic.001G432100,GRMZM5G872118
Sobic.002G259301,GRMZM5G872141
Sobic.002G104100,GRMZM5G872216
Sobic.007G195800,GRMZM5G872373
Sobic.002G338400,GRMZM5G872502
Sobic.002G107000,GRMZM5G872934
Sobic.002G107200,GRMZM5G872934
Sobic.002G107400,GRMZM5G872934
Sobic.002G107600,GRMZM5G872934
Sobic.001G413500,GRMZM5G873286
Sobic.009G235400,GRMZM5G873459
Sobic.004G098000,GRMZM5G873594
Sobic.001G022600,GRMZM5G874478
Sobic.003G321900,GRMZM5G874840
Sobic.001G009900,GRMZM5G876146
Sobic.004G164000,GRMZM5G876303
Sobic.003G259600,GRMZM5G876520
Sobic.006G065300,GRMZM5G876638
Sobic.006G069400,GRMZM5G876811
Sobic.006G220800,GRMZM5G876898
Sobic.003G055700,GRMZM5G877259
Sobic.010G023800,GRMZM5G877500
Sobic.005G194200,GRMZM5G877647
Sobic.005G024700,GRMZM5G877788
Sobic.001G208800,GRMZM5G877815
Sobic.003G313300,GRMZM5G877838
Sobic.009G164700,GRMZM5G878008
Sobic.002G040700,GRMZM5G878044
Sobic.009G093100,GRMZM5G878070
Sobic.001G017600,GRMZM5G878153
Sobic.003G284100,GRMZM5G878322
Sobic.002G205100,GRMZM5G878365
Sobic.004G323600,GRMZM5G878379
Sobic.008G143100,GRMZM5G878732
Sobic.007G018700,GRMZM5G878823
Sobic.007G018900,GRMZM5G878823
Sobic.001G184900,GRMZM5G879127
Sobic.007G211000,GRMZM5G879527
Sobic.008G104000,GRMZM5G879536
Sobic.004G329000,GRMZM5G879749
Sobic.004G346400,GRMZM5G879872
Sobic.003G290000,GRMZM5G879882
Sobic.003G150800,GRMZM5G880102
Sobic.004G158600,GRMZM5G880306
Sobic.001G464500,GRMZM5G880508
Sobic.005G048600,GRMZM5G880632
Sobic.004G215800,GRMZM5G881044
Sobic.003G427100,GRMZM5G881296
Sobic.002G418300,GRMZM5G881387
Sobic.007G157700,GRMZM5G881887
Sobic.002G000700,GRMZM5G881908
Sobic.006G166700,GRMZM5G881965
Sobic.003G385000,GRMZM5G882078
Sobic.004G195400,GRMZM5G882364
Sobic.004G195600,GRMZM5G882364
Sobic.004G195700,GRMZM5G882364
Sobic.001G026800,GRMZM5G882418
Sobic.006G233800,GRMZM5G882427
Sobic.010G015700,GRMZM5G882758
Sobic.001G373200,GRMZM5G882821
Sobic.010G076700,GRMZM5G882986
Sobic.002G258500,GRMZM5G883417
Sobic.004G290000,GRMZM5G883741
Sobic.003G100900,GRMZM5G883759
Sobic.008G114500,GRMZM5G883764
Sobic.001G020350,GRMZM5G883969
Sobic.003G001100,GRMZM5G884242
Sobic.004G193300,GRMZM5G884270
Sobic.001G430800,GRMZM5G884432
Sobic.003G158700,GRMZM5G885285
Sobic.002G290900,GRMZM5G885329
Sobic.002G112400,GRMZM5G885392
Sobic.002G126200,GRMZM5G885473
Sobic.003G332900,GRMZM5G885529
Sobic.004G321100,GRMZM5G885644
Sobic.010G190700,GRMZM5G885766
Sobic.005G015450,GRMZM5G886096
Sobic.003G285900,GRMZM5G886177
Sobic.009G069600,GRMZM5G886257
Sobic.004G316600,GRMZM5G886335
Sobic.008G015200,GRMZM5G886363
Sobic.009G020100,GRMZM5G886561
Sobic.006G233000,GRMZM5G886765
Sobic.001G196400,GRMZM5G886799
Sobic.003G289700,GRMZM5G886883
Sobic.003G043900,GRMZM5G887077
Sobic.002G293900,GRMZM5G887277
Sobic.001G250600,GRMZM5G887426
Sobic.010G082500,GRMZM5G887716
Sobic.003G156100,GRMZM5G888428
Sobic.003G232900,GRMZM5G888620
Sobic.003G233000,GRMZM5G888620
Sobic.003G233100,GRMZM5G888620
Sobic.001G208700,GRMZM5G888696
Sobic.004G167000,GRMZM5G888797
Sobic.004G167900,GRMZM5G888934
Sobic.004G108600,GRMZM5G888945
Sobic.002G351300,GRMZM5G889052
Sobic.001G114900,GRMZM5G889225
Sobic.009G117700,GRMZM5G889326
Sobic.009G117800,GRMZM5G889326
Sobic.006G097300,GRMZM5G889338
Sobic.001G316100,GRMZM5G889520
Sobic.007G158900,GRMZM5G889620
Sobic.006G144300,GRMZM5G889644
Sobic.005G154000,GRMZM5G889769
Sobic.002G333500,GRMZM5G889999
Sobic.001G459500,GRMZM5G890241
Sobic.004G277200,GRMZM5G891295
Sobic.001G017800,GRMZM5G891724
Sobic.001G453800,GRMZM5G891739
Sobic.009G137000,GRMZM5G891783
Sobic.003G101000,GRMZM5G891944
Sobic.004G099100,GRMZM5G891967
Sobic.007G028300,GRMZM5G892124
Sobic.002G085200,GRMZM5G892627
Sobic.005G110544,GRMZM5G892742
Sobic.009G214500,GRMZM5G892879
Sobic.001G331800,GRMZM5G892991
Sobic.007G130100,GRMZM5G893055
Sobic.009G006700,GRMZM5G893252
Sobic.002G422400,GRMZM5G893343
Sobic.004G314800,GRMZM5G893392
Sobic.010G045600,GRMZM5G893649
Sobic.003G368200,GRMZM5G893764
Sobic.004G061400,GRMZM5G893864
Sobic.008G191200,GRMZM5G893912
Sobic.008G191300,GRMZM5G893912
Sobic.002G131100,GRMZM5G893913
Sobic.002G057500,GRMZM5G893921
Sobic.004G341300,GRMZM5G894016
Sobic.002G001000,GRMZM5G894233
Sobic.007G030000,GRMZM5G894486
Sobic.007G196000,GRMZM5G894518
Sobic.004G312200,GRMZM5G894568
Sobic.004G346300,GRMZM5G894916
Sobic.001G221800,GRMZM5G895188
Sobic.001G464400,GRMZM5G895573
Sobic.005G230900,GRMZM5G895672
Sobic.005G231000,GRMZM5G895672
Sobic.001G005200,GRMZM5G896082
Sobic.005G032200,GRMZM5G896260
Sobic.004G192200,GRMZM5G896337
Sobic.001G237000,GRMZM5G896540
Sobic.002G122000,GRMZM5G896560
Sobic.001G373400,GRMZM5G896731
Sobic.001G462600,GRMZM5G896834
Sobic.006G026200,GRMZM5G896902
Sobic.004G047900,GRMZM5G897067
Sobic.002G342500,GRMZM5G897546
Sobic.002G342600,GRMZM5G897592
Sobic.003G309500,GRMZM5G897926
Sobic.009G055600,GRMZM5G897958
Sobic.009G115500,GRMZM5G898274
Sobic.009G115600,GRMZM5G898274
Sobic.002G356600,GRMZM5G898305
Sobic.002G094800,GRMZM5G898371
Sobic.008G030801,GRMZM5G898444
Sobic.008G031000,GRMZM5G898755
Sobic.002G374200,GRMZM5G898768
Sobic.002G177600,GRMZM5G898887
Sobic.002G177800,GRMZM5G898887
Sobic.002G178101,GRMZM5G898887
Sobic.006G234300,GRMZM5G899080
Sobic.010G032400,GRMZM5G899300
Sobic.004G250200,GRMZM5G899787
Sobic.001G502900,AC149475_2_FG002
Sobic.001G505200,AC149818_2_FG001
Sobic.001G503400,AC149818_2_FG007
Sobic.001G488100,AC149829_2_FG003
Sobic.001G540800,AC150739_3_FG001
Sobic.001G061900,AC159612_1_FG007
Sobic.003G396300,AC183950_2_FG005
Sobic.004G023500,AC184831_3_FG005
Sobic.001G144150,AC184834_3_FG005
Sobic.004G256400,AC186147_3_FG008
Sobic.001G025201,AC186166_3_FG008
Sobic.004G326700,AC186323_3_FG008
Sobic.003G028100,AC187157_4_FG002
Sobic.003G028300,AC187157_4_FG005
Sobic.003G203200,AC187782_4_FG009
Sobic.005G209800,AC190480_1_FG007
Sobic.007G184300,AC190609_3_FG004
Sobic.007G185400,AC190609_3_FG005
Sobic.004G236400,AC190628_4_FG007
Sobic.001G006101,AC190636_3_FG005
Sobic.001G006201,AC190636_3_FG005
Sobic.003G340500,AC190688_3_FG006
Sobic.002G214700,AC190999_2_FG004
Sobic.001G067000,AC191251_3_FG005
Sobic.007G032900,AC191433_3_FG002
Sobic.001G148800,AC191676_3_FG011
Sobic.006G241500,AC191703_3_FG005
Sobic.007G016100,AC192177_3_FG008
Sobic.004G107700,AC193591_3_FG001
Sobic.007G006501,AC193632_2_FG002
Sobic.003G208900,AC194341_4_FG003
Sobic.003G207200,AC194341_4_FG004
Sobic.003G207300,AC194341_4_FG004
Sobic.001G145300,AC194402_2_FG004
Sobic.003G326200,AC194405_3_FG009
Sobic.010G176400,AC194852_3_FG007
Sobic.010G178401,AC194852_3_FG010
Sobic.002G353600,AC194970_5_FG004
Sobic.004G313800,AC194980_3_FG002
Sobic.004G313750,AC194980_3_FG005
Sobic.001G073700,AC195340_3_FG001
Sobic.001G072600,AC195340_3_FG004
Sobic.010G050800,AC195587_4_FG004
Sobic.005G086500,AC195874_2_FG002
Sobic.009G225250,AC195946_3_FG003
Sobic.003G251900,AC196465_3_FG002
Sobic.007G047300,AC196475_3_FG004
Sobic.004G038700,AC196708_3_FG006
Sobic.008G173700,AC197150_3_FG003
Sobic.002G236100,AC197167_3_FG001
Sobic.002G277500,AC197262_3_FG009
Sobic.009G169000,AC197705_4_FG001
Sobic.009G168800,AC197705_4_FG003
Sobic.009G169200,AC197705_4_FG007
Sobic.009G169300,AC197705_4_FG008
Sobic.009G168600,AC197705_4_FG011
Sobic.002G237800,AC198353_5_FG004
Sobic.006G200300,AC198515_3_FG011
Sobic.008G095100,AC198518_3_FG002
Sobic.003G419700,AC198923_4_FG002
Sobic.007G141500,AC198937_4_FG003
Sobic.009G000600,AC199039_3_FG003
Sobic.009G231000,AC199043_2_FG002
Sobic.001G350800,AC199054_3_FG007
Sobic.002G004500,AC199068_2_FG017
Sobic.009G010800,AC199771_4_FG001
Sobic.002G268800,AC199782_5_FG001
Sobic.002G268700,AC199782_5_FG002
Sobic.002G268600,AC199782_5_FG003
Sobic.009G152300,AC199811_4_FG005
Sobic.006G077800,AC200069_4_FG002
Sobic.010G111450,AC200557_3_FG001
Sobic.010G111750,AC200557_3_FG001
Sobic.010G095500,AC202439_3_FG001
Sobic.010G095400,AC202439_3_FG006
Sobic.007G001300,AC202855_3_FG004
Sobic.007G199101,AC202900_3_FG001
Sobic.001G018350,AC202950_3_FG008
Sobic.001G018700,AC202950_3_FG008
Sobic.001G022200,AC202974_3_FG004
Sobic.003G291500,AC203173_3_FG004
Sobic.003G331900,AC203294_3_FG008
Sobic.003G329700,AC203294_3_FG012
Sobic.003G299300,AC203381_3_FG006
Sobic.003G113000,AC203777_3_FG001
Sobic.006G114300,AC203841_3_FG002
Sobic.009G257400,AC203862_4_FG001
Sobic.007G048200,AC203909_3_FG003
Sobic.007G048300,AC203909_3_FG007
Sobic.007G048400,AC203909_3_FG007
Sobic.007G048500,AC203909_3_FG010
Sobic.006G239200,AC204437_3_FG004
Sobic.002G245600,AC204539_4_FG002
Sobic.007G055400,AC204710_4_FG003
Sobic.004G156100,AC205154_3_FG005
Sobic.007G131200,AC205376_4_FG003
Sobic.009G208500,AC205471_4_FG007
Sobic.002G367700,AC205608_4_FG004
Sobic.004G190800,AC206332_3_FG005
Sobic.010G238300,AC207260_3_FG004
Sobic.010G238500,AC207260_3_FG004
Sobic.001G312801,AC207309_3_FG007
Sobic.002G156500,AC207314_3_FG001
Sobic.001G037066,AC207537_3_FG003
Sobic.006G201100,AC208110_2_FG005
Sobic.006G201300,AC208110_2_FG006
Sobic.006G201200,AC208110_2_FG011
Sobic.009G046900,AC208327_4_FG006
Sobic.009G156300,AC208341_4_FG005
Sobic.009G156800,AC208341_4_FG006
Sobic.007G142300,AC208358_3_FG005
Sobic.005G021700,AC208422_3_FG001
Sobic.004G202900,AC208458_3_FG011
Sobic.002G412800,AC208892_3_FG005
Sobic.006G181300,AC209206_3_FG014
Sobic.006G181400,AC209206_3_FG014
Sobic.004G084500,AC209242_3_FG003
Sobic.004G056700,AC209356_4_FG001
Sobic.008G070900,AC209377_3_FG003
Sobic.002G046600,AC209768_3_FG005
Sobic.002G051300,AC209768_3_FG016
Sobic.002G051400,AC209768_3_FG016
Sobic.009G198200,AC209819_3_FG003
Sobic.009G196200,AC209819_3_FG006
Sobic.001G046500,AC210013_4_FG003
Sobic.001G046600,AC210013_4_FG003
Sobic.001G043000,AC210013_4_FG006
Sobic.001G043601,AC210013_4_FG009
Sobic.001G044600,AC210013_4_FG013
Sobic.001G046000,AC210013_4_FG018
Sobic.008G135600,AC210168_4_FG003
Sobic.002G138700,AC210204_3_FG002
Sobic.001G123400,AC210961_3_FG002
Sobic.002G258300,AC211164_5_FG004
Sobic.005G025100,AC211756_4_FG001
Sobic.007G225900,AC212133_3_FG005
Sobic.002G022700,AC212245_3_FG001
Sobic.010G043900,AC212347_3_FG002
Sobic.010G044001,AC212347_3_FG002
Sobic.010G044300,AC212347_3_FG002
Sobic.010G102100,AC212465_3_FG002
Sobic.010G102200,AC212465_3_FG002
Sobic.010G102300,AC212465_3_FG002
Sobic.003G057500,AC212565_3_FG002
Sobic.010G215900,AC213050_3_FG001
Sobic.010G215800,AC213050_3_FG002
Sobic.007G107400,AC213666_3_FG003
Sobic.006G123900,AC214507_3_FG001
Sobic.004G189200,AC214635_3_FG002
Sobic.004G189301,AC214635_3_FG006
Sobic.004G189400,AC214635_3_FG006
Sobic.004G189500,AC214635_3_FG006
Sobic.009G025300,AC214648_3_FG001
Sobic.007G186300,AC215244_3_FG002
Sobic.008G068100,AC216010_3_FG001
Sobic.001G280200,AC216264_3_FG001
Sobic.003G094500,AC216871_3_FG004
Sobic.005G199300,AC217415_3_FG004
Sobic.001G345900,AC217887_3_FG003
Sobic.001G346200,AC217887_3_FG004
Sobic.003G059750,AC218457_2_FG013
Sobic.008G190800,AC218973_3_FG003
Sobic.010G183400,AC218980_3_FG009
Sobic.009G025100,AC219006_2_FG006
Sobic.009G024800,AC219006_2_FG007
Sobic.006G130200,AC219061_2_FG007
Sobic.001G002800,AC220970_4_FG002
Sobic.007G180700,AC225127_3_FG003
Sobic.009G041100,AC225346_3_FG001
Sobic.009G041200,AC225346_3_FG001
Sobic.009G041301,AC225346_3_FG001
Sobic.006G139600,AC226227_2_FG005
Sobic.009G142600,AC226248_1_FG002
Sobic.009G250100,AC231180_2_FG001
Sobic.009G250800,AC231180_2_FG006
Sobic.006G046700,AC231747_1_FG001
Sobic.007G188500,AC233883_1_FG006
Sobic.001G451800,AC233893_1_FG006
Sobic.001G500700,AC233901_1_FG010
Sobic.002G291800,AC233910_1_FG001
Sobic.002G292400,AC233910_1_FG002
Sobic.002G292500,AC233910_1_FG003
Sobic.002G291500,AC233910_1_FG008
Sobic.002G291700,AC233910_1_FG009
Sobic.002G290400,AC233910_1_FG010
Sobic.004G018000,AC233922_1_FG005
Sobic.004G017800,AC233922_1_FG008
Sobic.002G364700,AC233952_1_FG008
Sobic.003G418300,AC233953_1_FG004
Sobic.001G395600,AC233955_1_FG009
Sobic.001G395700,AC233955_1_FG009
Sobic.005G005200,AC233966_1_FG001
Sobic.006G194400,AC233979_1_FG009
Sobic.006G194500,AC233979_1_FG010
Sobic.009G146500,AC234152_1_FG005
Sobic.007G214700,AC234156_1_FG005
Sobic.003G100000,AC234160_1_FG003
Sobic.003G101200,AC234160_1_FG008
Sobic.001G304400,AC234161_1_FG010
Sobic.009G238800,AC234185_1_FG007
Sobic.006G281500,AC234201_1_FG003
Sobic.003G098700,GRMZM2G000035
Sobic.008G081800,GRMZM2G000076
Sobic.001G352200,GRMZM2G000219
Sobic.006G137500,GRMZM2G000261
Sobic.006G137400,GRMZM2G000271
Sobic.010G276000,GRMZM2G000353
Sobic.007G039500,GRMZM2G000471
Sobic.007G007800,GRMZM2G000592
Sobic.004G321700,GRMZM2G000610
Sobic.006G228500,GRMZM2G000650
Sobic.008G032300,GRMZM2G000660
Sobic.002G262400,GRMZM2G000665
Sobic.010G088200,GRMZM2G000674
Sobic.003G247400,GRMZM2G000719
Sobic.009G068000,GRMZM2G000777
Sobic.003G397700,GRMZM2G001088
Sobic.005G198200,GRMZM2G001180
Sobic.002G415000,GRMZM2G001247
Sobic.002G415900,GRMZM2G001297
Sobic.006G182700,GRMZM2G001363
Sobic.005G156000,GRMZM2G001405
Sobic.005G198100,GRMZM2G001444
Sobic.008G001000,GRMZM2G001457
Sobic.001G179900,GRMZM2G001631
Sobic.003G041600,GRMZM2G001721
Sobic.002G200900,GRMZM2G001750
Sobic.001G180300,GRMZM2G001772
Sobic.002G317700,GRMZM2G001820
Sobic.002G317800,GRMZM2G001820
Sobic.006G050600,GRMZM2G001853
Sobic.006G274866,GRMZM2G001934
Sobic.002G225000,GRMZM2G001973
Sobic.009G243400,GRMZM2G001991
Sobic.009G243500,GRMZM2G002034
Sobic.002G225100,GRMZM2G002075
Sobic.009G065900,GRMZM2G002130
Sobic.003G414500,GRMZM2G002135
Sobic.003G414400,GRMZM2G002147
Sobic.004G189600,GRMZM2G002173
Sobic.001G140300,GRMZM2G002260
Sobic.007G224000,GRMZM2G002286
Sobic.003G247500,GRMZM2G002297
Sobic.003G414100,GRMZM2G002304
Sobic.009G033900,GRMZM2G002361
Sobic.001G134700,GRMZM2G002754
Sobic.002G293600,GRMZM2G002851
Sobic.003G303600,GRMZM2G002858
Sobic.001G186100,GRMZM2G002874
Sobic.002G314400,GRMZM2G002879
Sobic.002G189000,GRMZM2G002915
Sobic.008G002300,GRMZM2G002999
Sobic.003G150900,GRMZM2G003022
Sobic.008G001900,GRMZM2G003033
Sobic.006G179700,GRMZM2G003057
Sobic.006G180000,GRMZM2G003124
Sobic.004G046500,GRMZM2G003157
Sobic.002G420500,GRMZM2G003252
Sobic.003G270300,GRMZM2G003406
Sobic.003G405800,GRMZM2G003493
Sobic.004G249400,GRMZM2G003501
Sobic.002G422500,GRMZM2G003563
Sobic.002G422600,GRMZM2G003563
Sobic.007G071100,GRMZM2G003662
Sobic.003G190200,GRMZM2G003734
Sobic.007G077400,GRMZM2G003814
Sobic.009G214000,GRMZM2G003835
Sobic.003G093600,GRMZM2G003861
Sobic.006G115800,GRMZM2G003917
Sobic.003G093500,GRMZM2G003930
Sobic.002G356101,GRMZM2G003937
Sobic.002G248100,GRMZM2G003947
Sobic.003G107800,GRMZM2G004006
Sobic.001G484700,GRMZM2G004023
Sobic.003G030000,GRMZM2G004083
Sobic.002G242300,GRMZM2G004138
Sobic.003G030300,GRMZM2G004182
Sobic.006G021100,GRMZM2G004211
Sobic.001G347800,GRMZM2G004222
Sobic.003G233800,GRMZM2G004330
Sobic.001G056300,GRMZM2G004356
Sobic.001G473300,GRMZM2G004377
Sobic.003G343300,GRMZM2G004440
Sobic.001G473200,GRMZM2G004466
Sobic.008G082000,GRMZM2G004663
Sobic.004G274600,GRMZM2G004748
Sobic.008G100600,GRMZM2G004946
Sobic.008G100700,GRMZM2G004988
Sobic.010G209300,GRMZM2G005278
Sobic.003G419400,GRMZM2G005290
Sobic.003G219600,GRMZM2G005304
Sobic.003G420100,GRMZM2G005459
Sobic.002G223900,GRMZM2G005486
Sobic.009G179900,GRMZM2G005557
Sobic.007G010900,GRMZM2G005583
Sobic.003G134500,GRMZM2G005619
Sobic.007G009700,GRMZM2G005737
Sobic.008G124900,GRMZM2G005753
Sobic.008G016800,GRMZM2G005834
Sobic.006G147300,GRMZM2G005859
Sobic.004G353900,GRMZM2G006006
Sobic.004G015800,GRMZM2G006069
Sobic.008G017300,GRMZM2G006130
Sobic.008G017800,GRMZM2G006130
Sobic.004G015900,GRMZM2G006197
Sobic.004G016200,GRMZM2G006234
Sobic.004G016300,GRMZM2G006234
Sobic.001G212900,GRMZM2G006246
Sobic.004G317100,GRMZM2G006297
Sobic.001G143500,GRMZM2G006329
Sobic.001G399300,GRMZM2G006429
Sobic.003G156700,GRMZM2G006463
Sobic.001G143600,GRMZM2G006474
Sobic.002G188800,GRMZM2G006565
Sobic.009G088000,GRMZM2G006661
Sobic.002G176800,GRMZM2G006678
Sobic.008G051100,GRMZM2G006806
Sobic.006G004800,GRMZM2G006871
Sobic.001G342200,GRMZM2G007103
Sobic.006G097200,GRMZM2G007120
Sobic.005G088500,GRMZM2G007137
Sobic.003G020300,GRMZM2G007236
Sobic.003G020400,GRMZM2G007236
Sobic.001G060500,GRMZM2G007241
Sobic.001G060600,GRMZM2G007246
Sobic.001G060800,GRMZM2G007246
Sobic.001G343500,GRMZM2G007252
Sobic.004G184800,GRMZM2G007306
Sobic.007G026500,GRMZM2G007587
Sobic.003G248300,GRMZM2G007630
Sobic.004G228900,GRMZM2G007729
Sobic.002G252900,GRMZM2G007885
Sobic.003G128300,GRMZM2G007915
Sobic.010G257400,GRMZM2G007933
Sobic.007G026600,GRMZM2G007981
Sobic.002G398000,GRMZM2G008095
Sobic.006G266700,GRMZM2G008287
Sobic.002G417000,GRMZM2G008444
Sobic.010G079900,GRMZM2G008456
Sobic.007G023100,GRMZM2G008482
Sobic.006G266900,GRMZM2G008583
Sobic.006G267100,GRMZM2G008622
Sobic.001G465100,GRMZM2G008751
Sobic.001G222200,GRMZM2G008972
Sobic.004G180400,GRMZM2G009019
Sobic.001G305700,GRMZM2G009070
Sobic.010G265600,GRMZM2G009080
Sobic.002G194300,GRMZM2G009083
Sobic.005G121700,GRMZM2G009097
Sobic.007G201900,GRMZM2G009214
Sobic.003G029400,GRMZM2G009475
Sobic.007G185600,GRMZM2G009563
Sobic.002G413300,GRMZM2G009571
Sobic.002G117500,GRMZM2G009626
Sobic.010G098600,GRMZM2G009683
Sobic.010G146600,GRMZM2G009703
Sobic.008G173800,GRMZM2G009715
Sobic.003G144700,GRMZM2G009719
Sobic.004G047200,GRMZM2G009871
Sobic.001G053000,GRMZM2G009928
Sobic.006G085800,GRMZM2G010046
Sobic.006G086100,GRMZM2G010147
Sobic.004G057400,GRMZM2G010152
Sobic.003G412700,GRMZM2G010202
Sobic.004G057900,GRMZM2G010221
Sobic.006G182300,GRMZM2G010290
Sobic.003G074200,GRMZM2G010315
Sobic.004G009900,GRMZM2G010372
Sobic.010G092700,GRMZM2G010433
Sobic.003G337400,GRMZM2G010468
Sobic.004G289000,GRMZM2G010488
Sobic.002G413600,GRMZM2G010505
Sobic.002G414500,GRMZM2G010551
Sobic.003G011600,GRMZM2G010596
Sobic.003G011700,GRMZM2G010596
Sobic.003G011800,GRMZM2G010596
Sobic.008G055366,GRMZM2G010775
Sobic.008G055500,GRMZM2G010775
Sobic.002G414600,GRMZM2G010783
Sobic.006G087400,GRMZM2G010797
Sobic.003G190600,GRMZM2G010836
Sobic.008G030700,GRMZM2G010868
Sobic.004G329500,GRMZM2G010912
Sobic.002G322600,GRMZM2G010924
Sobic.003G074700,GRMZM2G010929
Sobic.004G329201,GRMZM2G010933
Sobic.010G097600,GRMZM2G010960
Sobic.003G011300,GRMZM2G011079
Sobic.004G259600,GRMZM2G011085
Sobic.001G363400,GRMZM2G011151
Sobic.001G185900,GRMZM2G011156
Sobic.001G187400,GRMZM2G011156
Sobic.001G187500,GRMZM2G011156
Sobic.001G187600,GRMZM2G011156
Sobic.001G118200,GRMZM2G011219
Sobic.003G342500,GRMZM2G011233
Sobic.010G043800,GRMZM2G011319
Sobic.001G102600,GRMZM2G011383
Sobic.007G092300,GRMZM2G011422
Sobic.009G041800,GRMZM2G011491
Sobic.006G271300,GRMZM2G011513
Sobic.001G308800,GRMZM2G011520
Sobic.006G279700,GRMZM2G011590
Sobic.008G031300,GRMZM2G011608
Sobic.004G259800,GRMZM2G011624
Sobic.006G271700,GRMZM2G011743
Sobic.010G002400,GRMZM2G011893
Sobic.010G002800,GRMZM2G011915
Sobic.001G013000,GRMZM2G012229
Sobic.007G069900,GRMZM2G012251
Sobic.004G047500,GRMZM2G012262
Sobic.010G072900,GRMZM2G012276
Sobic.002G040800,GRMZM2G012326
Sobic.010G067100,GRMZM2G012479
Sobic.009G079000,GRMZM2G012498
Sobic.010G067200,GRMZM2G012685
Sobic.003G121700,GRMZM2G012728
Sobic.009G026101,GRMZM2G012874
Sobic.009G259700,GRMZM2G012901
Sobic.001G379500,GRMZM2G012970
Sobic.010G123100,GRMZM2G012992
Sobic.001G012100,GRMZM2G013042
Sobic.009G005500,GRMZM2G013100
Sobic.001G011400,GRMZM2G013200
Sobic.003G197200,GRMZM2G013448
Sobic.009G036300,GRMZM2G013450
Sobic.010G006300,GRMZM2G013617
Sobic.003G246100,GRMZM2G013625
Sobic.001G010700,GRMZM2G013750
Sobic.006G273500,GRMZM2G014043
Sobic.010G210000,GRMZM2G014119
Sobic.002G134001,GRMZM2G014154
Sobic.002G252600,GRMZM2G014313
Sobic.002G256400,GRMZM2G014341
Sobic.008G018300,GRMZM2G014387
Sobic.002G252700,GRMZM2G014526
Sobic.003G018300,GRMZM2G014571
Sobic.008G018200,GRMZM2G014610
Sobic.003G143800,GRMZM2G014788
Sobic.007G162300,GRMZM2G014832
Sobic.008G011800,GRMZM2G014836
Sobic.002G256700,GRMZM2G014917
Sobic.001G143300,GRMZM2G015159
Sobic.001G379400,GRMZM2G015280
Sobic.006G028200,GRMZM2G015291
Sobic.003G122200,GRMZM2G015361
Sobic.001G252900,GRMZM2G015418
Sobic.009G251400,GRMZM2G015692
Sobic.009G097200,GRMZM2G015906
Sobic.009G097250,GRMZM2G015906
Sobic.004G308000,GRMZM2G015912
Sobic.004G308100,GRMZM2G015941
Sobic.004G308200,GRMZM2G015983
Sobic.001G143200,GRMZM2G016184
Sobic.002G030900,GRMZM2G016236
Sobic.002G070400,GRMZM2G016259
Sobic.006G144000,GRMZM2G016487
Sobic.008G135100,GRMZM2G016586
Sobic.001G068301,GRMZM2G016756
Sobic.003G409300,GRMZM2G016802
Sobic.007G187400,GRMZM2G016805
Sobic.006G167200,GRMZM2G016819
Sobic.003G428200,GRMZM2G016827
Sobic.002G378700,GRMZM2G016844
Sobic.004G002100,GRMZM2G016858
Sobic.006G167300,GRMZM2G016939
Sobic.004G002000,GRMZM2G017031
Sobic.004G358500,GRMZM2G017159
Sobic.006G024200,GRMZM2G017164
Sobic.006G024400,GRMZM2G017164
Sobic.003G286500,GRMZM2G017193
Sobic.003G116800,GRMZM2G017285
Sobic.007G197500,GRMZM2G017321
Sobic.004G358600,GRMZM2G017365
Sobic.002G111500,GRMZM2G017382
Sobic.003G230000,GRMZM2G017386
Sobic.006G182000,GRMZM2G017414
Sobic.001G370500,GRMZM2G017460
Sobic.009G030600,GRMZM2G017522
Sobic.008G192700,GRMZM2G017525
Sobic.003G116100,GRMZM2G017555
Sobic.009G138100,GRMZM2G017603
Sobic.010G053900,GRMZM2G017636
Sobic.006G200500,GRMZM2G017647
Sobic.006G167400,GRMZM2G017789
Sobic.008G192800,GRMZM2G017835
Sobic.010G064600,GRMZM2G017845
Sobic.004G358700,GRMZM2G017852
Sobic.001G469900,GRMZM2G017957
Sobic.002G238600,GRMZM2G018004
Sobic.002G238700,GRMZM2G018004
Sobic.009G256300,GRMZM2G018142
Sobic.002G270100,GRMZM2G018146
Sobic.004G011900,GRMZM2G018148
Sobic.006G130800,GRMZM2G018281
Sobic.006G130700,GRMZM2G018353
Sobic.002G131200,GRMZM2G018356
Sobic.005G018700,GRMZM2G018436
Sobic.006G130300,GRMZM2G018441
Sobic.006G129900,GRMZM2G018689
Sobic.004G112400,GRMZM2G018707
Sobic.004G356900,GRMZM2G018947
Sobic.004G012400,GRMZM2G019144
Sobic.004G356100,GRMZM2G019177
Sobic.001G156000,GRMZM2G019207
Sobic.004G355900,GRMZM2G019209
Sobic.004G026200,GRMZM2G019284
Sobic.009G118100,GRMZM2G019328
Sobic.004G103300,GRMZM2G019358
Sobic.004G208301,GRMZM2G019450
Sobic.003G128700,GRMZM2G019515
Sobic.009G118200,GRMZM2G019596
Sobic.004G026100,GRMZM2G019597
Sobic.009G154600,GRMZM2G019619
Sobic.006G120600,GRMZM2G019621
Sobic.001G006400,GRMZM2G019695
Sobic.004G026000,GRMZM2G019838
Sobic.001G005700,GRMZM2G019866
Sobic.001G104700,GRMZM2G019958
Sobic.003G239000,GRMZM2G020008
Sobic.003G243300,GRMZM2G020131
Sobic.003G120500,GRMZM2G020148
Sobic.003G120600,GRMZM2G020148
Sobic.003G378900,GRMZM2G020158
Sobic.004G253000,GRMZM2G020191
Sobic.007G037200,GRMZM2G020302
Sobic.003G076200,GRMZM2G020484
Sobic.009G003800,GRMZM2G020544
Sobic.003G377500,GRMZM2G020594
Sobic.001G359601,GRMZM2G020666
Sobic.001G392100,GRMZM2G020676
Sobic.001G392200,GRMZM2G020721
Sobic.010G093500,GRMZM2G020742
Sobic.001G359300,GRMZM2G020761
Sobic.007G068100,GRMZM2G020801
Sobic.002G035500,GRMZM2G020805
Sobic.002G045800,GRMZM2G020898
Sobic.003G377400,GRMZM2G020957
Sobic.002G046500,GRMZM2G021051
Sobic.003G140100,GRMZM2G021276
Sobic.004G251300,GRMZM2G021339
Sobic.008G115500,GRMZM2G021378
Sobic.010G021900,GRMZM2G021439
Sobic.006G116000,GRMZM2G021482
Sobic.002G367800,GRMZM2G021567
Sobic.001G448000,GRMZM2G021573
Sobic.002G246500,GRMZM2G021598
Sobic.004G234100,GRMZM2G021605
Sobic.004G205700,GRMZM2G021607
Sobic.006G062200,GRMZM2G021802
Sobic.006G221400,GRMZM2G021822
Sobic.009G224100,GRMZM2G022101
Sobic.001G193700,GRMZM2G022130
Sobic.006G050000,GRMZM2G022308
Sobic.003G205900,GRMZM2G022402
Sobic.008G156400,GRMZM2G022629
Sobic.004G185600,GRMZM2G022694
Sobic.009G073400,GRMZM2G022768
Sobic.005G152400,GRMZM2G022863
Sobic.002G263600,GRMZM2G022921
Sobic.002G396100,GRMZM2G022947
Sobic.003G397500,GRMZM2G022958
Sobic.003G397600,GRMZM2G022958
Sobic.007G119600,GRMZM2G023008
Sobic.006G002400,GRMZM2G023023
Sobic.001G024200,GRMZM2G023049
Sobic.006G226100,GRMZM2G023387
Sobic.009G255800,GRMZM2G023418
Sobic.004G028500,GRMZM2G023528
Sobic.005G143300,GRMZM2G023585
Sobic.003G356300,GRMZM2G023827
Sobic.003G183300,GRMZM2G023840
Sobic.001G097900,GRMZM2G023858
Sobic.004G029100,GRMZM2G023986
Sobic.004G029300,GRMZM2G023986
Sobic.004G029400,GRMZM2G023986
Sobic.004G029450,GRMZM2G023986
Sobic.001G380400,GRMZM2G023992
Sobic.009G031300,GRMZM2G023999
Sobic.001G190000,GRMZM2G024054
Sobic.004G352000,GRMZM2G024331
Sobic.006G142775,GRMZM2G024466
Sobic.007G079600,GRMZM2G024482
Sobic.001G454500,GRMZM2G024571
Sobic.003G113900,GRMZM2G024655
Sobic.001G047100,GRMZM2G024657
Sobic.003G114000,GRMZM2G024674
Sobic.001G454000,GRMZM2G024718
Sobic.003G114500,GRMZM2G024730
Sobic.003G387200,GRMZM2G024793
Sobic.003G387500,GRMZM2G024799
Sobic.008G067200,GRMZM2G024827
Sobic.009G024500,GRMZM2G024838
Sobic.008G067900,GRMZM2G024851
Sobic.001G234500,GRMZM2G024871
Sobic.001G234700,GRMZM2G024871
Sobic.008G033500,GRMZM2G025126
Sobic.009G082900,GRMZM2G025175
Sobic.009G232100,GRMZM2G025240
Sobic.002G405900,GRMZM2G025255
Sobic.010G101000,GRMZM2G025322
Sobic.006G120900,GRMZM2G025366
Sobic.004G235100,GRMZM2G025409
Sobic.009G180200,GRMZM2G025459
Sobic.008G104500,GRMZM2G025528
Sobic.008G105500,GRMZM2G025528
Sobic.008G106100,GRMZM2G025528
Sobic.004G241400,GRMZM2G025806
Sobic.001G226600,GRMZM2G025833
Sobic.009G130700,GRMZM2G025882
Sobic.006G008400,GRMZM2G025939
Sobic.002G228500,GRMZM2G026095
Sobic.004G076100,GRMZM2G026151
Sobic.001G127600,GRMZM2G026171
Sobic.001G127500,GRMZM2G026180
Sobic.008G148200,GRMZM2G026203
Sobic.001G226500,GRMZM2G026216
Sobic.002G082100,GRMZM2G026301
Sobic.002G271900,GRMZM2G026311
Sobic.007G081300,GRMZM2G026459
Sobic.009G152600,GRMZM2G026470
Sobic.003G369300,GRMZM2G026535
Sobic.005G029700,GRMZM2G026556
Sobic.010G158500,GRMZM2G026562
Sobic.001G198100,GRMZM2G026800
Sobic.010G193700,GRMZM2G026802
Sobic.010G192600,GRMZM2G026962
Sobic.003G307600,GRMZM2G027016
Sobic.004G295200,GRMZM2G027052
Sobic.001G226401,GRMZM2G027107
Sobic.001G387000,GRMZM2G027120
Sobic.005G134700,GRMZM2G027130
Sobic.005G134900,GRMZM2G027130
Sobic.001G226200,GRMZM2G027135
Sobic.002G136100,GRMZM2G027166
Sobic.001G226100,GRMZM2G027232
Sobic.006G073900,GRMZM2G027241
Sobic.010G006000,GRMZM2G027253
Sobic.010G006100,GRMZM2G027253
Sobic.010G111800,GRMZM2G027309
Sobic.009G227900,GRMZM2G027420
Sobic.001G381900,GRMZM2G027437
Sobic.001G063400,GRMZM2G027495
Sobic.003G307900,GRMZM2G027535
Sobic.004G024600,GRMZM2G027640
Sobic.004G153300,GRMZM2G027673
Sobic.003G143200,GRMZM2G027737
Sobic.003G251600,GRMZM2G027804
Sobic.003G408600,GRMZM2G027932
Sobic.007G217700,GRMZM2G027972
Sobic.001G472600,GRMZM2G028039
Sobic.003G206700,GRMZM2G028134
Sobic.004G281200,GRMZM2G028438
Sobic.003G386600,GRMZM2G028516
Sobic.003G356000,GRMZM2G028535
Sobic.001G479700,GRMZM2G028643
Sobic.010G115400,GRMZM2G028648
Sobic.008G148400,GRMZM2G028665
Sobic.006G212100,GRMZM2G028676
Sobic.003G420600,GRMZM2G028685
Sobic.007G002300,GRMZM2G028709
Sobic.001G479600,GRMZM2G028794
Sobic.001G478900,GRMZM2G028852
Sobic.006G147000,GRMZM2G028883
Sobic.001G009500,GRMZM2G028889
Sobic.006G211800,GRMZM2G028929
Sobic.001G009700,GRMZM2G028955
Sobic.003G356100,GRMZM2G028966
Sobic.004G051900,GRMZM2G028980
Sobic.004G107100,GRMZM2G029058
Sobic.001G064800,GRMZM2G029101
Sobic.003G126100,GRMZM2G029243
Sobic.003G337700,GRMZM2G029282
Sobic.002G103500,GRMZM2G029486
Sobic.002G103600,GRMZM2G029632
Sobic.006G044400,GRMZM2G029641
Sobic.010G166100,GRMZM2G029685
Sobic.003G119900,GRMZM2G029731
Sobic.009G125300,GRMZM2G029756
Sobic.009G131600,GRMZM2G029933
Sobic.001G411200,GRMZM2G030097
Sobic.009G050900,GRMZM2G030122
Sobic.009G061000,GRMZM2G030165
Sobic.004G283100,GRMZM2G030240
Sobic.002G194900,GRMZM2G030241
Sobic.002G157100,GRMZM2G030312
Sobic.004G080500,GRMZM2G030542
Sobic.003G400400,GRMZM2G030717
Sobic.007G041200,GRMZM2G030831
Sobic.001G496700,GRMZM2G030882
Sobic.003G359500,GRMZM2G031057
Sobic.002G419600,GRMZM2G031125
Sobic.002G376400,GRMZM2G031143
Sobic.008G057200,GRMZM2G031167
Sobic.006G193300,GRMZM2G031326
Sobic.001G431500,GRMZM2G031447
Sobic.006G211100,GRMZM2G031529
Sobic.006G146100,GRMZM2G031660
Sobic.006G146200,GRMZM2G031660
Sobic.006G146300,GRMZM2G031721
Sobic.010G258900,GRMZM2G031733
Sobic.005G112100,GRMZM2G031802
Sobic.002G241700,GRMZM2G031837
Sobic.007G118200,GRMZM2G031846
Sobic.002G348900,GRMZM2G031909
Sobic.007G164000,GRMZM2G031954
Sobic.005G014100,GRMZM2G032180
Sobic.007G127600,GRMZM2G032276
Sobic.008G068200,GRMZM2G032304
Sobic.004G184000,GRMZM2G032314
Sobic.003G008800,GRMZM2G032348
Sobic.004G327600,GRMZM2G032350
Sobic.003G402900,GRMZM2G032447
Sobic.003G031600,GRMZM2G032551
Sobic.003G402700,GRMZM2G032706
Sobic.010G047600,GRMZM2G033074
Sobic.007G213500,GRMZM2G033228
Sobic.001G077200,GRMZM2G033267
Sobic.006G257600,GRMZM2G033375
Sobic.001G366800,GRMZM2G033592
Sobic.008G130900,GRMZM2G033653
Sobic.004G182300,GRMZM2G033665
Sobic.006G159800,GRMZM2G033746
Sobic.008G130800,GRMZM2G033767
Sobic.009G149400,GRMZM2G033799
Sobic.001G393500,GRMZM2G033846
Sobic.001G206000,GRMZM2G033926
Sobic.007G217200,GRMZM2G033952
Sobic.007G218800,GRMZM2G033952
Sobic.009G171700,GRMZM2G034019
Sobic.007G218300,GRMZM2G034024
Sobic.003G233400,GRMZM2G034025
Sobic.006G159400,GRMZM2G034054
Sobic.001G297600,GRMZM2G034061
Sobic.008G132700,GRMZM2G034083
Sobic.009G171300,GRMZM2G034120
Sobic.006G013300,GRMZM2G034155
Sobic.001G013500,GRMZM2G034326
Sobic.001G014500,GRMZM2G034326
Sobic.009G149300,GRMZM2G034342
Sobic.009G174300,GRMZM2G034421
Sobic.002G272700,GRMZM2G034471
Sobic.002G032500,GRMZM2G034572
Sobic.009G181500,GRMZM2G034647
Sobic.004G212500,GRMZM2G034697
Sobic.001G454800,GRMZM2G034835
Sobic.008G044100,GRMZM2G034868
Sobic.003G304600,GRMZM2G034945
Sobic.001G003000,GRMZM2G035150
Sobic.009G164400,GRMZM2G035202
Sobic.007G140700,GRMZM2G035268
Sobic.006G024000,GRMZM2G035282
Sobic.008G156700,GRMZM2G035338
Sobic.002G393500,GRMZM2G035356
Sobic.003G304300,GRMZM2G035401
Sobic.002G102800,GRMZM2G035490
Sobic.002G103000,GRMZM2G035490
Sobic.001G353000,GRMZM2G035517
Sobic.008G190500,GRMZM2G035520
Sobic.001G352700,GRMZM2G035531
Sobic.007G195600,GRMZM2G035563
Sobic.003G128100,GRMZM2G035595
Sobic.009G195100,GRMZM2G035651
Sobic.003G275400,GRMZM2G035701
Sobic.001G350700,GRMZM2G035809
Sobic.002G257500,GRMZM2G035996
Sobic.008G049100,GRMZM2G036019
Sobic.003G288000,GRMZM2G036409
Sobic.003G290700,GRMZM2G036409
Sobic.003G340800,GRMZM2G036448
Sobic.004G228000,GRMZM2G036502
Sobic.010G122200,GRMZM2G036564
Sobic.010G122400,GRMZM2G036564
Sobic.003G341000,GRMZM2G036631
Sobic.002G206600,GRMZM2G036783
Sobic.002G206900,GRMZM2G036832
Sobic.009G180550,GRMZM2G036980
Sobic.008G016700,GRMZM2G037001
Sobic.009G110100,GRMZM2G037012
Sobic.002G176300,GRMZM2G037131
Sobic.002G176400,GRMZM2G037150
Sobic.003G120900,GRMZM2G037156
Sobic.004G066200,GRMZM2G037185
Sobic.001G535900,GRMZM2G037327
Sobic.004G294800,GRMZM2G037334
Sobic.006G040500,GRMZM2G037335
Sobic.009G040400,GRMZM2G037350
Sobic.002G046800,GRMZM2G037614
Sobic.003G223300,GRMZM2G037694
Sobic.002G296900,GRMZM2G037875
Sobic.007G151500,GRMZM2G037941
Sobic.006G280050,GRMZM2G038013
Sobic.006G280200,GRMZM2G038050
Sobic.004G297800,GRMZM2G038243
Sobic.006G160100,GRMZM2G038394
Sobic.009G162600,GRMZM2G038401
Sobic.004G092400,GRMZM2G038588
Sobic.010G149600,GRMZM2G038623
Sobic.003G278000,GRMZM2G038674
Sobic.003G278100,GRMZM2G038674
Sobic.010G149500,GRMZM2G038691
Sobic.009G088900,GRMZM2G038780
Sobic.004G223400,GRMZM2G038799
Sobic.004G223500,GRMZM2G038799
Sobic.004G223300,GRMZM2G038820
Sobic.003G061300,GRMZM2G038821
Sobic.006G277300,GRMZM2G039011
Sobic.002G186966,GRMZM2G039155
Sobic.002G187032,GRMZM2G039155
Sobic.010G256100,GRMZM2G039383
Sobic.007G220400,GRMZM2G039431
Sobic.002G187200,GRMZM2G039525
Sobic.006G125000,GRMZM2G039536
Sobic.002G172401,GRMZM2G039900
Sobic.001G441700,GRMZM2G039919
Sobic.007G038000,GRMZM2G039934
Sobic.005G021800,GRMZM2G039969
Sobic.004G307000,GRMZM2G040050
Sobic.001G441900,GRMZM2G040161
Sobic.002G396600,GRMZM2G040175
Sobic.004G075200,GRMZM2G040320
Sobic.006G187300,GRMZM2G040359
Sobic.007G161400,GRMZM2G040424
Sobic.004G096300,GRMZM2G040452
Sobic.003G222400,GRMZM2G040642
Sobic.004G089100,GRMZM2G040679
Sobic.008G124600,GRMZM2G040750
Sobic.006G157400,GRMZM2G040902
Sobic.002G257001,GRMZM2G040911
Sobic.002G233700,GRMZM2G040933
Sobic.001G295500,GRMZM2G040991
Sobic.001G189600,GRMZM2G041048
Sobic.004G054400,GRMZM2G041060
Sobic.010G159100,GRMZM2G041258
Sobic.004G053900,GRMZM2G041310
Sobic.004G187800,GRMZM2G041344
Sobic.008G055700,GRMZM2G041415
Sobic.008G055800,GRMZM2G041415
Sobic.008G043200,GRMZM2G041448
Sobic.008G052600,GRMZM2G041544
Sobic.004G229800,GRMZM2G041699
Sobic.004G357200,GRMZM2G041799
Sobic.004G213800,GRMZM2G041842
Sobic.004G236600,GRMZM2G041959
Sobic.003G401400,GRMZM2G042118
Sobic.008G049300,GRMZM2G042125
Sobic.001G240500,GRMZM2G042136
Sobic.004G261900,GRMZM2G042356
Sobic.002G347300,GRMZM2G042660
Sobic.004G018700,GRMZM2G042664
Sobic.007G043900,GRMZM2G042681
Sobic.010G183100,GRMZM2G042806
Sobic.002G140900,GRMZM2G042807
Sobic.010G183201,GRMZM2G042838
Sobic.010G112000,GRMZM2G042889
Sobic.009G186300,GRMZM2G043069
Sobic.001G256900,GRMZM2G043182
Sobic.005G056500,GRMZM2G043226
Sobic.001G377200,GRMZM2G043295
Sobic.006G099900,GRMZM2G043300
Sobic.010G184300,GRMZM2G043310
Sobic.004G296000,GRMZM2G043414
Sobic.001G041800,GRMZM2G043453
Sobic.002G193500,GRMZM2G043501
Sobic.003G341900,GRMZM2G043632
Sobic.008G042900,GRMZM2G043663
Sobic.008G043100,GRMZM2G043663
Sobic.001G376800,GRMZM2G043724
Sobic.006G266200,GRMZM2G043776
Sobic.001G041300,GRMZM2G043802
Sobic.010G224900,GRMZM2G043822
Sobic.008G022600,GRMZM2G043843
Sobic.003G288200,GRMZM2G044070
Sobic.006G237700,GRMZM2G044100
Sobic.002G383900,GRMZM2G044175
Sobic.003G109100,GRMZM2G044337
Sobic.003G212900,GRMZM2G044343
Sobic.005G039100,GRMZM2G044493
Sobic.009G069000,GRMZM2G044531
Sobic.003G293100,GRMZM2G044576
Sobic.009G249100,GRMZM2G044591
Sobic.004G281700,GRMZM2G044627
Sobic.009G209300,GRMZM2G044744
Sobic.009G209001,GRMZM2G044771
Sobic.009G077700,GRMZM2G044775
Sobic.009G208900,GRMZM2G044797
Sobic.003G113200,GRMZM2G044819
Sobic.004G215500,GRMZM2G044882
Sobic.009G078500,GRMZM2G044947
Sobic.009G078600,GRMZM2G044947
Sobic.009G078700,GRMZM2G044947
Sobic.001G423000,GRMZM2G045102
Sobic.004G357600,GRMZM2G045171
Sobic.001G370600,GRMZM2G045178
Sobic.001G499000,GRMZM2G045257
Sobic.003G249800,GRMZM2G045270
Sobic.003G356800,GRMZM2G045278
Sobic.006G088100,GRMZM2G045280
Sobic.008G166100,GRMZM2G045435
Sobic.009G247900,GRMZM2G045664
Sobic.002G130700,GRMZM2G045706
Sobic.002G193400,GRMZM2G045716
Sobic.009G222900,GRMZM2G045818
Sobic.007G132100,GRMZM2G045944
Sobic.002G331300,GRMZM2G046011
Sobic.001G248100,GRMZM2G046021
Sobic.008G128900,GRMZM2G046061
Sobic.008G128800,GRMZM2G046088
Sobic.005G034500,GRMZM2G046201
Sobic.003G344800,GRMZM2G046293
Sobic.003G019800,GRMZM2G046306
Sobic.002G274400,GRMZM2G046313
Sobic.004G288100,GRMZM2G046348
Sobic.001G235100,GRMZM2G046438
Sobic.001G235200,GRMZM2G046438
Sobic.004G287900,GRMZM2G046472
Sobic.009G021300,GRMZM2G046520
Sobic.009G021400,GRMZM2G046520
Sobic.009G021600,GRMZM2G046520
Sobic.009G083000,GRMZM2G046537
Sobic.008G057800,GRMZM2G046609
Sobic.001G158300,GRMZM2G046676
Sobic.002G324801,GRMZM2G046933
Sobic.002G175900,GRMZM2G046961
Sobic.008G078400,GRMZM2G047042
Sobic.002G159300,GRMZM2G047095
Sobic.009G122100,GRMZM2G047097
Sobic.003G019700,GRMZM2G047139
Sobic.009G138000,GRMZM2G047152
Sobic.010G039800,GRMZM2G047204
Sobic.004G217100,GRMZM2G047208
Sobic.002G083400,GRMZM2G047316
Sobic.006G126600,GRMZM2G047370
Sobic.009G011500,GRMZM2G047412
Sobic.004G319600,GRMZM2G047414
Sobic.002G103800,GRMZM2G047431
Sobic.008G111600,GRMZM2G047434
Sobic.007G194800,GRMZM2G047533
Sobic.009G011600,GRMZM2G047577
Sobic.009G011700,GRMZM2G047588
Sobic.003G184900,GRMZM2G047613
Sobic.002G156800,GRMZM2G047632
Sobic.002G160200,GRMZM2G047632
Sobic.009G169500,GRMZM2G047699
Sobic.004G185200,GRMZM2G047715
Sobic.010G109500,GRMZM2G047720
Sobic.002G135200,GRMZM2G047727
Sobic.002G239300,GRMZM2G047777
Sobic.009G169800,GRMZM2G047842
Sobic.001G407300,GRMZM2G047870
Sobic.001G407200,GRMZM2G047894
Sobic.010G097000,GRMZM2G047941
Sobic.003G042400,GRMZM2G047949
Sobic.010G224100,GRMZM2G047969
Sobic.002G241100,GRMZM2G048008
Sobic.010G079100,GRMZM2G048194
Sobic.001G466600,GRMZM2G048287
Sobic.003G277900,GRMZM2G048294
Sobic.002G234700,GRMZM2G048392
Sobic.002G234600,GRMZM2G048411
Sobic.010G261400,GRMZM2G048537
Sobic.002G012000,GRMZM2G048576
Sobic.007G217500,GRMZM2G048665
Sobic.006G006000,GRMZM2G048697
Sobic.006G006200,GRMZM2G048697
Sobic.006G006400,GRMZM2G048697
Sobic.002G010600,GRMZM2G048775
Sobic.002G010700,GRMZM2G048775
Sobic.010G106601,GRMZM2G048910
Sobic.002G131800,GRMZM2G048926
Sobic.010G228700,GRMZM2G049027
Sobic.007G024700,GRMZM2G049127
Sobic.001G543100,GRMZM2G049168
Sobic.007G024500,GRMZM2G049185
Sobic.004G011800,GRMZM2G049238
Sobic.001G414800,GRMZM2G049318
Sobic.001G414900,GRMZM2G049322
Sobic.004G099800,GRMZM2G049329
Sobic.002G393700,GRMZM2G049347
Sobic.001G323300,GRMZM2G049382
Sobic.003G113400,GRMZM2G049416
Sobic.007G171100,GRMZM2G049525
Sobic.002G112700,GRMZM2G049588
Sobic.009G031700,GRMZM2G049726
Sobic.010G210100,GRMZM2G049730
Sobic.004G081800,GRMZM2G049839
Sobic.009G081400,GRMZM2G050286
Sobic.007G220700,GRMZM2G050307
Sobic.003G124100,GRMZM2G050325
Sobic.003G124200,GRMZM2G050325
Sobic.003G123600,GRMZM2G050384
Sobic.003G123800,GRMZM2G050384
Sobic.003G123900,GRMZM2G050384
Sobic.007G177200,GRMZM2G050467
Sobic.004G079700,GRMZM2G050484
Sobic.003G214800,GRMZM2G050485
Sobic.006G093200,GRMZM2G050495
Sobic.003G194800,GRMZM2G050553
Sobic.003G381000,GRMZM2G050693
Sobic.002G277600,GRMZM2G050714
Sobic.010G114500,GRMZM2G050727
Sobic.010G115000,GRMZM2G050748
Sobic.010G115200,GRMZM2G050755
Sobic.010G219000,GRMZM2G050765
Sobic.001G440100,GRMZM2G051138
Sobic.001G523800,GRMZM2G051219
Sobic.004G055500,GRMZM2G051276
Sobic.010G045100,GRMZM2G051338
Sobic.002G075900,GRMZM2G051367
Sobic.001G094200,GRMZM2G051403
Sobic.007G163600,GRMZM2G051750
Sobic.001G453700,GRMZM2G051782
Sobic.001G310166,GRMZM2G051942
Sobic.008G134700,GRMZM2G052093
Sobic.006G262800,GRMZM2G052339
Sobic.002G394800,GRMZM2G052416
Sobic.009G027000,GRMZM2G052630
Sobic.001G355500,GRMZM2G052654
Sobic.008G073300,GRMZM2G052713
Sobic.004G047100,GRMZM2G052740
Sobic.010G019800,GRMZM2G052812
Sobic.010G019900,GRMZM2G052812
Sobic.003G223100,GRMZM2G052844
Sobic.002G247200,GRMZM2G052908
Sobic.004G112800,GRMZM2G052920
Sobic.002G111800,GRMZM2G052935
Sobic.002G001600,GRMZM2G052985
Sobic.002G408300,GRMZM2G053311
Sobic.009G123300,GRMZM2G053322
Sobic.009G257100,GRMZM2G053394
Sobic.002G408600,GRMZM2G053434
Sobic.005G055400,GRMZM2G053466
Sobic.007G147101,GRMZM2G053511
Sobic.003G181500,GRMZM2G053574
Sobic.005G167700,GRMZM2G053713
Sobic.004G127800,GRMZM2G053722
Sobic.008G003400,GRMZM2G053726
Sobic.004G322300,GRMZM2G053766
Sobic.010G100000,GRMZM2G053767
Sobic.001G335201,GRMZM2G053860
Sobic.004G118700,GRMZM2G053934
Sobic.009G023600,GRMZM2G053991
Sobic.009G023700,GRMZM2G053991
Sobic.004G272700,GRMZM2G054013
Sobic.010G099900,GRMZM2G054028
Sobic.004G335900,GRMZM2G054065
Sobic.004G006600,GRMZM2G054162
Sobic.004G336300,GRMZM2G054210
Sobic.001G050900,GRMZM2G054224
Sobic.009G161200,GRMZM2G054227
Sobic.010G105600,GRMZM2G054468
Sobic.006G216000,GRMZM2G054537
Sobic.001G491900,GRMZM2G055107
Sobic.007G050100,GRMZM2G055135
Sobic.007G052900,GRMZM2G055141
Sobic.004G248700,GRMZM2G055158
Sobic.010G171000,GRMZM2G055209
Sobic.007G052800,GRMZM2G055309
Sobic.008G081200,GRMZM2G055545
Sobic.008G081400,GRMZM2G055545
Sobic.008G081500,GRMZM2G055545
Sobic.009G150100,GRMZM2G055641
Sobic.009G150400,GRMZM2G055641
Sobic.009G150700,GRMZM2G055652
Sobic.006G215050,GRMZM2G055660
Sobic.009G150900,GRMZM2G055667
Sobic.009G151000,GRMZM2G055684
Sobic.001G378500,GRMZM2G055827
Sobic.002G140600,GRMZM2G055883
Sobic.003G254300,GRMZM2G055936
Sobic.005G036400,GRMZM2G055973
Sobic.009G020900,GRMZM2G056014
Sobic.005G133800,GRMZM2G056103
Sobic.010G249700,GRMZM2G056116
Sobic.007G124900,GRMZM2G056350
Sobic.001G286500,GRMZM2G056403
Sobic.004G172400,GRMZM2G056442
Sobic.009G153600,GRMZM2G056539
Sobic.009G153700,GRMZM2G056539
Sobic.005G002700,GRMZM2G056546
Sobic.005G002800,GRMZM2G056546
Sobic.002G377200,GRMZM2G056564
Sobic.002G296300,GRMZM2G056632
Sobic.004G078300,GRMZM2G056867
Sobic.004G078100,GRMZM2G056920
Sobic.005G148900,GRMZM2G056977
Sobic.004G267900,GRMZM2G057031
Sobic.005G149400,GRMZM2G057056
Sobic.005G045500,GRMZM2G057065
Sobic.003G359900,GRMZM2G057075
Sobic.005G045700,GRMZM2G057078
Sobic.009G068900,GRMZM2G057116
Sobic.001G098200,GRMZM2G057129
Sobic.005G116100,GRMZM2G057237
Sobic.001G509200,GRMZM2G057243
Sobic.001G041200,GRMZM2G057329
Sobic.006G110900,GRMZM2G057554
Sobic.007G188300,GRMZM2G058120
Sobic.001G491500,GRMZM2G058133
Sobic.009G249000,GRMZM2G058305
Sobic.001G227400,GRMZM2G058345
Sobic.003G010900,GRMZM2G058366
Sobic.001G450000,GRMZM2G058374
Sobic.003G111500,GRMZM2G058404
Sobic.009G248900,GRMZM2G058456
Sobic.006G123600,GRMZM2G058573
Sobic.004G079000,GRMZM2G058739
Sobic.008G131800,GRMZM2G058970
Sobic.002G061800,GRMZM2G059033
Sobic.006G075801,GRMZM2G059042
Sobic.006G076300,GRMZM2G059110
Sobic.010G101600,GRMZM2G059151
Sobic.003G432700,GRMZM2G059299
Sobic.007G003100,GRMZM2G059325
Sobic.008G055300,GRMZM2G059393
Sobic.007G009400,GRMZM2G059432
Sobic.003G254000,GRMZM2G059449
Sobic.007G051100,GRMZM2G059538
Sobic.007G009300,GRMZM2G059544
Sobic.001G407000,GRMZM2G059565
Sobic.003G272400,GRMZM2G059590
Sobic.007G098100,GRMZM2G059618
Sobic.007G097900,GRMZM2G059643
Sobic.008G150200,GRMZM2G059703
Sobic.001G512400,GRMZM2G059891
Sobic.006G047100,GRMZM2G059965
Sobic.010G101100,GRMZM2G060000
Sobic.004G202800,GRMZM2G060023
Sobic.009G003500,GRMZM2G060045
Sobic.009G005400,GRMZM2G060045
Sobic.001G543400,GRMZM2G060185
Sobic.007G164900,GRMZM2G060206
Sobic.002G345100,GRMZM2G060271
Sobic.010G097700,GRMZM2G060337
Sobic.001G198400,GRMZM2G060349
Sobic.004G020100,GRMZM2G060451
Sobic.004G184500,GRMZM2G060464
Sobic.003G252000,GRMZM2G060516
Sobic.001G526100,GRMZM2G060564
Sobic.008G027700,GRMZM2G060811
Sobic.010G044200,GRMZM2G060870
Sobic.004G113100,GRMZM2G060896
Sobic.009G131500,GRMZM2G060922
Sobic.004G018800,GRMZM2G061078
Sobic.003G423500,GRMZM2G061403
Sobic.008G142200,GRMZM2G061527
Sobic.008G142500,GRMZM2G061527
Sobic.006G007100,GRMZM2G061879
Sobic.003G050200,GRMZM2G061932
Sobic.005G089200,GRMZM2G062019
Sobic.003G050600,GRMZM2G062069
Sobic.006G135800,GRMZM2G062390
Sobic.002G167100,GRMZM2G062416
Sobic.007G020300,GRMZM2G062591
Sobic.008G191400,GRMZM2G062613
Sobic.004G064200,GRMZM2G062683
Sobic.004G064400,GRMZM2G062716
Sobic.004G064500,GRMZM2G062716
Sobic.009G130100,GRMZM2G062974
Sobic.009G242900,GRMZM2G063025
Sobic.009G242800,GRMZM2G063069
Sobic.003G364400,GRMZM2G063126
Sobic.007G096200,GRMZM2G063188
Sobic.003G136400,GRMZM2G063244
Sobic.004G247800,GRMZM2G063316
Sobic.010G028501,GRMZM2G063392
Sobic.004G248000,GRMZM2G063426
Sobic.003G235500,GRMZM2G063431
Sobic.010G040800,GRMZM2G063462
Sobic.004G248500,GRMZM2G063464
Sobic.004G248400,GRMZM2G063473
Sobic.003G235300,GRMZM2G063672
Sobic.008G169650,GRMZM2G063688
Sobic.008G169800,GRMZM2G063688
Sobic.002G227500,GRMZM2G063775
Sobic.006G155800,GRMZM2G063827
Sobic.002G297600,GRMZM2G063868
Sobic.009G238200,GRMZM2G063880
Sobic.009G167500,GRMZM2G063896
Sobic.010G038900,GRMZM2G063899
Sobic.006G167600,GRMZM2G063972
Sobic.009G130300,GRMZM2G063975
Sobic.001G102100,GRMZM2G064089
Sobic.007G022500,GRMZM2G064133
Sobic.006G111700,GRMZM2G064159
Sobic.004G077900,GRMZM2G064268
Sobic.006G112300,GRMZM2G064320
Sobic.004G077600,GRMZM2G064328
Sobic.002G139100,GRMZM2G064352
Sobic.005G144201,GRMZM2G064366
Sobic.010G171300,GRMZM2G064382
Sobic.001G260400,GRMZM2G064390
Sobic.007G033900,GRMZM2G064501
Sobic.010G171100,GRMZM2G064518
Sobic.007G034000,GRMZM2G064547
Sobic.008G186500,GRMZM2G064595
Sobic.001G532800,GRMZM2G064612
Sobic.007G130000,GRMZM2G064613
Sobic.002G384300,GRMZM2G064630
Sobic.003G189800,GRMZM2G064675
Sobic.003G096900,GRMZM2G064750
Sobic.002G314100,GRMZM2G064759
Sobic.003G189900,GRMZM2G064767
Sobic.001G151200,GRMZM2G064852
Sobic.007G065100,GRMZM2G064868
Sobic.003G407700,GRMZM2G064905
Sobic.003G407800,GRMZM2G064933
Sobic.004G261100,GRMZM2G064960
Sobic.010G089500,GRMZM2G064993
Sobic.007G050000,GRMZM2G065076
Sobic.010G265900,GRMZM2G065105
Sobic.001G150600,GRMZM2G065194
Sobic.001G487800,GRMZM2G065199
Sobic.001G256000,GRMZM2G065278
Sobic.006G119800,GRMZM2G065292
Sobic.009G032200,GRMZM2G065599
Sobic.002G223401,GRMZM2G065665
Sobic.001G314700,GRMZM2G065696
Sobic.001G100100,GRMZM2G065896
Sobic.001G100400,GRMZM2G065956
Sobic.009G183800,GRMZM2G066041
Sobic.009G183900,GRMZM2G066041
Sobic.009G184000,GRMZM2G066041
Sobic.006G005000,GRMZM2G066044
Sobic.003G099000,GRMZM2G066057
Sobic.006G134800,GRMZM2G066059
Sobic.006G134700,GRMZM2G066162
Sobic.008G162600,GRMZM2G066321
Sobic.008G162700,GRMZM2G066321
Sobic.004G330800,GRMZM2G066456
Sobic.001G222700,GRMZM2G066578
Sobic.007G124301,GRMZM2G066599
Sobic.008G135300,GRMZM2G066602
Sobic.004G218700,GRMZM2G066618
Sobic.004G218900,GRMZM2G066618
Sobic.002G132000,GRMZM2G066710
Sobic.005G210200,GRMZM2G066983
Sobic.001G168500,GRMZM2G066996
Sobic.001G168600,GRMZM2G066996
Sobic.004G212000,GRMZM2G067019
Sobic.002G322400,GRMZM2G067063
Sobic.001G167500,GRMZM2G067306
Sobic.010G091100,GRMZM2G067361
Sobic.010G091000,GRMZM2G067373
Sobic.001G449600,GRMZM2G067402
Sobic.004G211833,GRMZM2G067417
Sobic.006G251400,GRMZM2G067421
Sobic.006G251301,GRMZM2G067424
Sobic.003G002900,GRMZM2G067508
Sobic.002G337700,GRMZM2G067520
Sobic.007G218100,GRMZM2G067555
Sobic.003G442900,GRMZM2G067575
Sobic.003G003300,GRMZM2G067581
Sobic.003G443300,GRMZM2G067601
Sobic.001G282600,GRMZM2G067789
Sobic.005G089000,GRMZM2G067915
Sobic.001G238700,GRMZM2G068149
Sobic.009G113400,GRMZM2G068294
Sobic.006G002600,GRMZM2G068350
Sobic.001G218200,GRMZM2G068566
Sobic.001G120100,GRMZM2G068984
Sobic.005G042200,GRMZM2G069028
Sobic.003G334300,GRMZM2G069078
Sobic.003G279500,GRMZM2G069203
Sobic.003G343600,GRMZM2G069215
Sobic.003G343500,GRMZM2G069260
Sobic.003G008200,GRMZM2G069295
Sobic.003G008300,GRMZM2G069295
Sobic.006G262600,GRMZM2G069389
Sobic.004G184101,GRMZM2G069444
Sobic.004G027800,GRMZM2G069486
Sobic.004G027600,GRMZM2G069569
Sobic.004G027200,GRMZM2G069603
Sobic.004G096400,GRMZM2G069631
Sobic.003G023400,GRMZM2G069687
Sobic.008G143200,GRMZM2G069698
Sobic.008G143400,GRMZM2G069698
Sobic.001G448600,GRMZM2G069726
Sobic.008G143300,GRMZM2G069820
Sobic.007G169200,GRMZM2G069922
Sobic.009G231500,GRMZM2G070013
Sobic.001G314400,GRMZM2G070034
Sobic.003G040300,GRMZM2G070109
Sobic.004G325700,GRMZM2G070138
Sobic.007G172400,GRMZM2G070305
Sobic.004G095500,GRMZM2G070508
Sobic.003G002100,GRMZM2G070520
Sobic.003G002300,GRMZM2G070605
Sobic.007G063100,GRMZM2G070639
Sobic.003G232200,GRMZM2G070837
Sobic.003G231500,GRMZM2G070913
Sobic.002G400400,GRMZM2G071076
Sobic.010G057000,GRMZM2G071100
Sobic.010G056300,GRMZM2G071162
Sobic.007G216500,GRMZM2G071347
Sobic.006G137800,GRMZM2G071360
Sobic.009G145800,GRMZM2G071362
Sobic.004G214900,GRMZM2G071396
Sobic.007G216401,GRMZM2G071405
Sobic.010G000500,GRMZM2G071450
Sobic.006G137700,GRMZM2G071518
Sobic.010G154900,GRMZM2G071638
Sobic.005G087200,GRMZM2G071720
Sobic.003G012200,GRMZM2G071871
Sobic.003G012300,GRMZM2G072029
Sobic.001G085600,GRMZM2G072071
Sobic.006G084500,GRMZM2G072174
Sobic.005G084200,GRMZM2G072219
Sobic.001G085500,GRMZM2G072231
Sobic.006G084100,GRMZM2G072322
Sobic.005G084400,GRMZM2G072339
Sobic.006G183000,GRMZM2G072462
Sobic.004G260000,GRMZM2G072612
Sobic.001G085300,GRMZM2G072658
Sobic.004G206700,GRMZM2G072690
Sobic.001G006700,GRMZM2G072894
Sobic.001G212200,GRMZM2G073017
Sobic.010G026700,GRMZM2G073023
Sobic.010G076900,GRMZM2G073086
Sobic.010G196200,GRMZM2G073223
Sobic.009G182500,GRMZM2G073347
Sobic.004G286000,GRMZM2G073359
Sobic.003G214500,GRMZM2G073404
Sobic.001G426800,GRMZM2G073567
Sobic.004G032000,GRMZM2G073571
Sobic.006G209850,GRMZM2G073581
Sobic.008G052200,GRMZM2G073584
Sobic.002G218200,GRMZM2G073661
Sobic.010G274000,GRMZM2G073671
Sobic.003G062500,GRMZM2G073693
Sobic.010G088950,GRMZM2G073700
Sobic.004G286800,GRMZM2G073738
Sobic.002G274200,GRMZM2G073865
Sobic.009G058900,GRMZM2G073884
Sobic.001G193100,GRMZM2G073934
Sobic.004G350000,GRMZM2G073954
Sobic.003G304800,GRMZM2G073959
Sobic.007G031000,GRMZM2G074087
Sobic.003G017100,GRMZM2G074103
Sobic.001G193200,GRMZM2G074169
Sobic.004G017200,GRMZM2G074252
Sobic.004G017300,GRMZM2G074278
Sobic.007G031100,GRMZM2G074280
Sobic.001G193300,GRMZM2G074314
Sobic.009G127800,GRMZM2G074377
Sobic.004G017400,GRMZM2G074414
Sobic.003G361700,GRMZM2G074462
Sobic.001G486900,GRMZM2G074514
Sobic.002G090700,GRMZM2G074567
Sobic.006G031900,GRMZM2G074585
Sobic.006G272600,GRMZM2G074759
Sobic.006G272400,GRMZM2G074773
Sobic.004G206100,GRMZM2G074775
Sobic.003G182700,GRMZM2G074824
Sobic.003G125400,GRMZM2G074857
Sobic.009G016900,GRMZM2G075000
Sobic.006G142332,GRMZM2G075019
Sobic.001G249200,GRMZM2G075039
Sobic.003G249200,GRMZM2G075058
Sobic.007G053400,GRMZM2G075101
Sobic.001G248900,GRMZM2G075150
Sobic.003G009600,GRMZM2G075222
Sobic.003G009100,GRMZM2G075250
Sobic.004G339300,GRMZM2G075336
Sobic.004G349175,GRMZM2G075368
Sobic.002G405000,GRMZM2G075387
Sobic.002G404900,GRMZM2G075431
Sobic.004G348800,GRMZM2G075499
Sobic.001G493400,GRMZM2G075505
Sobic.004G348700,GRMZM2G075513
Sobic.001G175100,GRMZM2G075590
Sobic.008G016000,GRMZM2G075594
Sobic.003G218000,GRMZM2G075610
Sobic.009G241100,GRMZM2G075651
Sobic.010G119500,GRMZM2G075710
Sobic.002G392600,GRMZM2G075744
Sobic.007G150800,GRMZM2G075775
Sobic.007G099200,GRMZM2G075851
Sobic.003G269400,GRMZM2G075906
Sobic.004G147900,GRMZM2G075925
Sobic.004G148000,GRMZM2G075925
Sobic.004G148100,GRMZM2G075925
Sobic.004G148200,GRMZM2G075925
Sobic.004G148300,GRMZM2G075925
Sobic.004G148400,GRMZM2G075925
Sobic.003G141500,GRMZM2G075992
Sobic.002G230800,GRMZM2G076017
Sobic.001G349100,GRMZM2G076268
Sobic.001G349300,GRMZM2G076268
Sobic.002G430700,GRMZM2G076307
Sobic.003G308700,GRMZM2G076450
Sobic.008G136400,GRMZM2G076499
Sobic.004G267700,GRMZM2G076631
Sobic.001G132800,GRMZM2G076634
Sobic.003G004500,GRMZM2G076636
Sobic.003G004300,GRMZM2G076705
Sobic.006G183500,GRMZM2G076841
Sobic.001G081900,GRMZM2G076885
Sobic.005G110900,GRMZM2G076905
Sobic.007G133600,GRMZM2G076936
Sobic.006G021900,GRMZM2G076938
Sobic.006G022200,GRMZM2G076938
Sobic.001G081800,GRMZM2G077034
Sobic.001G081700,GRMZM2G077088
Sobic.003G265100,GRMZM2G077187
Sobic.003G187000,GRMZM2G077206
Sobic.005G082200,GRMZM2G077215
Sobic.003G138500,GRMZM2G077233
Sobic.007G183900,GRMZM2G077253
Sobic.004G255500,GRMZM2G077258
Sobic.001G094900,GRMZM2G077295
Sobic.006G141400,GRMZM2G077437
Sobic.006G141000,GRMZM2G077458
Sobic.002G397001,GRMZM2G077479
Sobic.002G397100,GRMZM2G077479
Sobic.002G397200,GRMZM2G077479
Sobic.002G397300,GRMZM2G077479
Sobic.002G397400,GRMZM2G077479
Sobic.003G236400,GRMZM2G077553
Sobic.002G409900,GRMZM2G077632
Sobic.001G468700,GRMZM2G077711
Sobic.003G429800,GRMZM2G077752
Sobic.003G430000,GRMZM2G077776
Sobic.001G155100,GRMZM2G077828
Sobic.010G016400,GRMZM2G077837
Sobic.002G360900,GRMZM2G077845
Sobic.003G096500,GRMZM2G077914
Sobic.005G181800,GRMZM2G078013
Sobic.008G175900,GRMZM2G078090
Sobic.004G225700,GRMZM2G078092
Sobic.001G160200,GRMZM2G078178
Sobic.001G167200,GRMZM2G078204
Sobic.001G375600,GRMZM2G078238
Sobic.001G469300,GRMZM2G078441
Sobic.010G016600,GRMZM2G078458
Sobic.001G406901,GRMZM2G078469
Sobic.005G175600,GRMZM2G078523
Sobic.005G176700,GRMZM2G078548
Sobic.001G148300,GRMZM2G078566
Sobic.005G178550,GRMZM2G078623
Sobic.005G178300,GRMZM2G078638
Sobic.009G075100,GRMZM2G078723
Sobic.004G086200,GRMZM2G078832
Sobic.004G090700,GRMZM2G078862
Sobic.002G164600,GRMZM2G078959
Sobic.001G544100,GRMZM2G079066
Sobic.001G147100,GRMZM2G079083
Sobic.002G267500,GRMZM2G079109
Sobic.005G020700,GRMZM2G079127
Sobic.010G180600,GRMZM2G079200
Sobic.002G267600,GRMZM2G079231
Sobic.004G011566,GRMZM2G079348
Sobic.004G309400,GRMZM2G079353
Sobic.003G312500,GRMZM2G079468
Sobic.007G000800,GRMZM2G079471
Sobic.006G097000,GRMZM2G079490
Sobic.008G027800,GRMZM2G079574
Sobic.008G027900,GRMZM2G079574
Sobic.008G028000,GRMZM2G079574
Sobic.008G028100,GRMZM2G079574
Sobic.008G028200,GRMZM2G079574
Sobic.008G028300,GRMZM2G079574
Sobic.003G146400,GRMZM2G079638
Sobic.004G215700,GRMZM2G079817
Sobic.006G055000,GRMZM2G079913
Sobic.006G003300,GRMZM2G079944
Sobic.004G091000,GRMZM2G080056
Sobic.003G185300,GRMZM2G080116
Sobic.002G112600,GRMZM2G080139
Sobic.007G123500,GRMZM2G080178
Sobic.001G183600,GRMZM2G080231
Sobic.009G019700,GRMZM2G080263
Sobic.007G106300,GRMZM2G080387
Sobic.003G156300,GRMZM2G080442
Sobic.004G355300,GRMZM2G080497
Sobic.001G396200,GRMZM2G080501
Sobic.010G032700,GRMZM2G080542
Sobic.004G286100,GRMZM2G080608
Sobic.003G048600,GRMZM2G080722
Sobic.009G180700,GRMZM2G080731
Sobic.003G256100,GRMZM2G080767
Sobic.003G383500,GRMZM2G080816
Sobic.004G289400,GRMZM2G080842
Sobic.009G079300,GRMZM2G080851
Sobic.004G278500,GRMZM2G081037
Sobic.004G278600,GRMZM2G081172
Sobic.001G440200,GRMZM2G081175
Sobic.004G222000,GRMZM2G081192
Sobic.004G279100,GRMZM2G081310
Sobic.004G221400,GRMZM2G081406
Sobic.007G199700,GRMZM2G081441
Sobic.007G199800,GRMZM2G081441
Sobic.001G248200,GRMZM2G081504
Sobic.002G297000,GRMZM2G081571
Sobic.007G062100,GRMZM2G081577
Sobic.002G233100,GRMZM2G081676
Sobic.002G295700,GRMZM2G081774
Sobic.002G297100,GRMZM2G081790
Sobic.002G297200,GRMZM2G081812
Sobic.004G351200,GRMZM2G081843
Sobic.008G111700,GRMZM2G081935
Sobic.004G351300,GRMZM2G081965
Sobic.004G351400,GRMZM2G082007
Sobic.007G123600,GRMZM2G082180
Sobic.003G130600,GRMZM2G082214
Sobic.004G351500,GRMZM2G082222
Sobic.010G232900,GRMZM2G082322
Sobic.001G144001,GRMZM2G082342
Sobic.009G163100,GRMZM2G082384
Sobic.003G402600,GRMZM2G082390
Sobic.010G058400,GRMZM2G082399
Sobic.002G172000,GRMZM2G082487
Sobic.003G286000,GRMZM2G082512
Sobic.010G099200,GRMZM2G082564
Sobic.002G359100,GRMZM2G082612
Sobic.010G099300,GRMZM2G082613
Sobic.002G398300,GRMZM2G082627
Sobic.009G206600,GRMZM2G082707
Sobic.005G145900,GRMZM2G082799
Sobic.010G255000,GRMZM2G082823
Sobic.009G189000,GRMZM2G082894
Sobic.002G058700,GRMZM2G082931
Sobic.008G074900,GRMZM2G082943
Sobic.002G060000,GRMZM2G082964
Sobic.002G060101,GRMZM2G082964
Sobic.002G007100,GRMZM2G082974
Sobic.010G255800,GRMZM2G083022
Sobic.009G112300,GRMZM2G083068
Sobic.001G008700,GRMZM2G083081
Sobic.002G007700,GRMZM2G083094
Sobic.003G430800,GRMZM2G083117
Sobic.001G403900,GRMZM2G083190
Sobic.001G404000,GRMZM2G083222
Sobic.009G035900,GRMZM2G083292
Sobic.009G088200,GRMZM2G083344
Sobic.001G427500,GRMZM2G083367
Sobic.003G058100,GRMZM2G083394
Sobic.001G007900,GRMZM2G083410
Sobic.007G214900,GRMZM2G083411
Sobic.002G020600,GRMZM2G083572
Sobic.005G164000,GRMZM2G083599
Sobic.001G007500,GRMZM2G083620
Sobic.001G007400,GRMZM2G083813
Sobic.004G274500,GRMZM2G084035
Sobic.001G007100,GRMZM2G084164
Sobic.004G279601,GRMZM2G084195
Sobic.010G080400,GRMZM2G084264
Sobic.009G141400,GRMZM2G084274
Sobic.001G373500,GRMZM2G084397
Sobic.007G180600,GRMZM2G084406
Sobic.009G016500,GRMZM2G084429
Sobic.009G116900,GRMZM2G084489
Sobic.006G179400,GRMZM2G084491
Sobic.004G307200,GRMZM2G084498
Sobic.004G332000,GRMZM2G084515
Sobic.001G380600,GRMZM2G084525
Sobic.008G101600,GRMZM2G084647
Sobic.003G185600,GRMZM2G084727
Sobic.008G101300,GRMZM2G084762
Sobic.001G448300,GRMZM2G084859
Sobic.002G133800,GRMZM2G084881
Sobic.004G343900,GRMZM2G084984
Sobic.004G344000,GRMZM2G084984
Sobic.003G139800,GRMZM2G085038
Sobic.002G133900,GRMZM2G085153
Sobic.001G032200,GRMZM2G085301
Sobic.010G103200,GRMZM2G085378
Sobic.003G146900,GRMZM2G085402
Sobic.001G143000,GRMZM2G085405
Sobic.003G261500,GRMZM2G085438
Sobic.004G350700,GRMZM2G085547
Sobic.003G350200,GRMZM2G085563
Sobic.003G314100,GRMZM2G085602
Sobic.001G070700,GRMZM2G085613
Sobic.004G097900,GRMZM2G085718
Sobic.001G201700,GRMZM2G085747
Sobic.004G099900,GRMZM2G085750
Sobic.007G196300,GRMZM2G085836
Sobic.004G350600,GRMZM2G085856
Sobic.002G136300,GRMZM2G085939
Sobic.003G201900,GRMZM2G086236
Sobic.010G052500,GRMZM2G086277
Sobic.001G085000,GRMZM2G086287
Sobic.009G133700,GRMZM2G086464
Sobic.006G197400,GRMZM2G086474
Sobic.006G197500,GRMZM2G086474
Sobic.009G027200,GRMZM2G086766
Sobic.002G380600,GRMZM2G086805
Sobic.005G063700,GRMZM2G087105
Sobic.003G040700,GRMZM2G087146
Sobic.005G062200,GRMZM2G087212
Sobic.004G232700,GRMZM2G087245
Sobic.002G254500,GRMZM2G087312
Sobic.008G063800,GRMZM2G087413
Sobic.008G064000,GRMZM2G087413
Sobic.001G090700,GRMZM2G087435
Sobic.009G137800,GRMZM2G087451
Sobic.002G346700,GRMZM2G087462
Sobic.002G346600,GRMZM2G087479
Sobic.008G064900,GRMZM2G087513
Sobic.008G065000,GRMZM2G087590
Sobic.002G327201,GRMZM2G087662
Sobic.006G100501,GRMZM2G087809
Sobic.001G258300,GRMZM2G087827
Sobic.003G360900,GRMZM2G087875
Sobic.002G141200,GRMZM2G088014
Sobic.001G260701,GRMZM2G088028
Sobic.001G260800,GRMZM2G088064
Sobic.004G124400,GRMZM2G088138
Sobic.002G224000,GRMZM2G088208
Sobic.003G186900,GRMZM2G088218
Sobic.002G224200,GRMZM2G088242
Sobic.003G042700,GRMZM2G088356
Sobic.007G028400,GRMZM2G088511
Sobic.007G041500,GRMZM2G088549
Sobic.005G063800,GRMZM2G088778
Sobic.005G063900,GRMZM2G088778
Sobic.002G199500,GRMZM2G088819
Sobic.007G028600,GRMZM2G089086
Sobic.009G131800,GRMZM2G089308
Sobic.009G184700,GRMZM2G089355
Sobic.009G027300,GRMZM2G089406
Sobic.001G001800,GRMZM2G089409
Sobic.001G002600,GRMZM2G089498
Sobic.010G133500,GRMZM2G089562
Sobic.010G229000,GRMZM2G089640
Sobic.001G423633,GRMZM2G089803
Sobic.001G423666,GRMZM2G089803
Sobic.007G076900,GRMZM2G090010
Sobic.004G018300,GRMZM2G090156
Sobic.001G116800,GRMZM2G090190
Sobic.007G171200,GRMZM2G090241
Sobic.002G358400,GRMZM2G090274
Sobic.006G044200,GRMZM2G090441
Sobic.003G317700,GRMZM2G090528
Sobic.005G149500,GRMZM2G090559
Sobic.001G050200,GRMZM2G090573
Sobic.002G222600,GRMZM2G090603
Sobic.001G187100,GRMZM2G090642
Sobic.003G326800,GRMZM2G090747
Sobic.002G139800,GRMZM2G090837
Sobic.009G045400,GRMZM2G090963
Sobic.003G326300,GRMZM2G091054
Sobic.004G320700,GRMZM2G091143
Sobic.006G050100,GRMZM2G091168
Sobic.004G319800,GRMZM2G091189
Sobic.003G024200,GRMZM2G091228
Sobic.003G024300,GRMZM2G091228
Sobic.007G191300,GRMZM2G091243
Sobic.003G224100,GRMZM2G091276
Sobic.003G224200,GRMZM2G091358
Sobic.003G392000,GRMZM2G091419
Sobic.007G120000,GRMZM2G091478
Sobic.010G183800,GRMZM2G091652
Sobic.003G263900,GRMZM2G091973
Sobic.009G219800,GRMZM2G092003
Sobic.003G264000,GRMZM2G092018
Sobic.008G037500,GRMZM2G092021
Sobic.002G071100,GRMZM2G092284
Sobic.006G094100,GRMZM2G092325
Sobic.002G071000,GRMZM2G092327
Sobic.006G263500,GRMZM2G092338
Sobic.006G263900,GRMZM2G092365
Sobic.008G168500,GRMZM2G092391
Sobic.007G043500,GRMZM2G092451
Sobic.005G033400,GRMZM2G092581
Sobic.005G033600,GRMZM2G092581
Sobic.005G033700,GRMZM2G092581
Sobic.003G438900,GRMZM2G092616
Sobic.001G535200,GRMZM2G092718
Sobic.001G535100,GRMZM2G092723
Sobic.001G534532,GRMZM2G092776
Sobic.001G534600,GRMZM2G092776
Sobic.003G133700,GRMZM2G092793
Sobic.009G023401,GRMZM2G092804
Sobic.001G110500,GRMZM2G093139
Sobic.004G003100,GRMZM2G093173
Sobic.009G063200,GRMZM2G093408
Sobic.009G205500,GRMZM2G093418
Sobic.006G271900,GRMZM2G093623
Sobic.001G296400,GRMZM2G093880
Sobic.007G074500,GRMZM2G093900
Sobic.001G543600,GRMZM2G093964
Sobic.009G157100,GRMZM2G094017
Sobic.003G093900,GRMZM2G094050
Sobic.006G110200,GRMZM2G094072
Sobic.007G180100,GRMZM2G094123
Sobic.003G079200,GRMZM2G094304
Sobic.007G150000,GRMZM2G094500
Sobic.007G193700,GRMZM2G094526
Sobic.005G015700,GRMZM2G094589
Sobic.001G266500,GRMZM2G094632
Sobic.001G266600,GRMZM2G094632
Sobic.006G181900,GRMZM2G094860
Sobic.005G123200,GRMZM2G094978
Sobic.001G256400,GRMZM2G094999
Sobic.001G267500,GRMZM2G095094
Sobic.001G082100,GRMZM2G095185
Sobic.001G156900,GRMZM2G095239
Sobic.008G152200,GRMZM2G095331
Sobic.010G034700,GRMZM2G095340
Sobic.010G034800,GRMZM2G095340
Sobic.003G051700,GRMZM2G095595
Sobic.007G191800,GRMZM2G095631
Sobic.003G292866,GRMZM2G095634
Sobic.003G051600,GRMZM2G095655
Sobic.003G128200,GRMZM2G095657
Sobic.001G411400,GRMZM2G095727
Sobic.009G205800,GRMZM2G095807
Sobic.009G205900,GRMZM2G095807
Sobic.009G206000,GRMZM2G095807
Sobic.006G071628,GRMZM2G095810
Sobic.001G040600,GRMZM2G095865
Sobic.006G183600,GRMZM2G095892
Sobic.002G038200,GRMZM2G095969
Sobic.002G038500,GRMZM2G096016
Sobic.010G274600,GRMZM2G096051
Sobic.008G054500,GRMZM2G096070
Sobic.006G183900,GRMZM2G096086
Sobic.006G184000,GRMZM2G096086
Sobic.002G372600,GRMZM2G096106
Sobic.001G041000,GRMZM2G096165
Sobic.003G400100,GRMZM2G096169
Sobic.004G178000,GRMZM2G096171
Sobic.003G016000,GRMZM2G096234
Sobic.004G351100,GRMZM2G096343
Sobic.001G471500,GRMZM2G096348
Sobic.001G471600,GRMZM2G096352
Sobic.010G249300,GRMZM2G096363
Sobic.009G241900,GRMZM2G096435
Sobic.003G015300,GRMZM2G096525
Sobic.001G109400,GRMZM2G096591
Sobic.006G025000,GRMZM2G096610
Sobic.006G135000,GRMZM2G096705
Sobic.002G002200,GRMZM2G096814
Sobic.003G032900,GRMZM2G096904
Sobic.010G077600,GRMZM2G097021
Sobic.003G307200,GRMZM2G097032
Sobic.008G124800,GRMZM2G097068
Sobic.004G319700,GRMZM2G097081
Sobic.003G022200,GRMZM2G097085
Sobic.003G151000,GRMZM2G097103
Sobic.006G047300,GRMZM2G097106
Sobic.002G303200,GRMZM2G097170
Sobic.002G424600,GRMZM2G097277
Sobic.003G291300,GRMZM2G097282
Sobic.001G157500,GRMZM2G097364
Sobic.009G148600,GRMZM2G097421
Sobic.006G227000,GRMZM2G097841
Sobic.006G227100,GRMZM2G097841
Sobic.006G227200,GRMZM2G097841
Sobic.006G227300,GRMZM2G097841
Sobic.006G227400,GRMZM2G097841
Sobic.006G227600,GRMZM2G097841
Sobic.006G226400,GRMZM2G097854
Sobic.006G226700,GRMZM2G097854
Sobic.006G226800,GRMZM2G097854
Sobic.006G226900,GRMZM2G097854
Sobic.006G227800,GRMZM2G097854
Sobic.005G144300,GRMZM2G097896
Sobic.001G445600,GRMZM2G097898
Sobic.003G082600,GRMZM2G097900
Sobic.009G003000,GRMZM2G098039
Sobic.003G443800,GRMZM2G098056
Sobic.001G356000,GRMZM2G098179
Sobic.009G002100,GRMZM2G098203
Sobic.009G002000,GRMZM2G098212
Sobic.009G001900,GRMZM2G098237
Sobic.006G249400,GRMZM2G098290
Sobic.007G207500,GRMZM2G098527
Sobic.002G132400,GRMZM2G098545
Sobic.002G040600,GRMZM2G098637
Sobic.004G349550,GRMZM2G098744
Sobic.004G349600,GRMZM2G098744
Sobic.001G421900,GRMZM2G098784
Sobic.008G070800,GRMZM2G098815
Sobic.001G443800,GRMZM2G098875
Sobic.007G053700,GRMZM2G098884
Sobic.003G245800,GRMZM2G098973
Sobic.010G240400,GRMZM2G099092
Sobic.004G342000,GRMZM2G099097
Sobic.004G228300,GRMZM2G099109
Sobic.004G154900,GRMZM2G099136
Sobic.001G016700,GRMZM2G099160
Sobic.010G015400,GRMZM2G099278
Sobic.002G343700,GRMZM2G099285
Sobic.004G341500,GRMZM2G099297
Sobic.004G341600,GRMZM2G099297
Sobic.004G340200,GRMZM2G099420
Sobic.004G340300,GRMZM2G099420
Sobic.003G023600,GRMZM2G099483
Sobic.003G023666,GRMZM2G099483
Sobic.003G023800,GRMZM2G099483
Sobic.001G058400,GRMZM2G099604
Sobic.001G058700,GRMZM2G099630
Sobic.006G043700,GRMZM2G099696
Sobic.006G140900,GRMZM2G099729
Sobic.005G151700,GRMZM2G099765
Sobic.005G150900,GRMZM2G099862
Sobic.008G001100,GRMZM2G099980
Sobic.010G136100,GRMZM2G100018
Sobic.009G134500,GRMZM2G100152
Sobic.004G111200,GRMZM2G100234
Sobic.004G111400,GRMZM2G100234
Sobic.006G024800,GRMZM2G100255
Sobic.006G024700,GRMZM2G100286
Sobic.001G099500,GRMZM2G100380
Sobic.001G099600,GRMZM2G100380
Sobic.001G098700,GRMZM2G100391
Sobic.010G231800,GRMZM2G100462
Sobic.002G168600,GRMZM2G100484
Sobic.001G028600,GRMZM2G100495
Sobic.001G028800,GRMZM2G100495
Sobic.010G181000,GRMZM2G100518
Sobic.004G284200,GRMZM2G100543
Sobic.004G300100,GRMZM2G100716
Sobic.001G483500,GRMZM2G100750
Sobic.010G228600,GRMZM2G100819
Sobic.010G228500,GRMZM2G100858
Sobic.006G171300,GRMZM2G100931
Sobic.010G244600,GRMZM2G100976
Sobic.001G436000,GRMZM2G100988
Sobic.001G435900,GRMZM2G101001
Sobic.002G373100,GRMZM2G101142
Sobic.002G373200,GRMZM2G101142
Sobic.008G066700,GRMZM2G101221
Sobic.002G425200,GRMZM2G101390
Sobic.006G139300,GRMZM2G101393
Sobic.002G425000,GRMZM2G101409
Sobic.010G215700,GRMZM2G101499
Sobic.007G193500,GRMZM2G101511
Sobic.004G232000,GRMZM2G101518
Sobic.004G299300,GRMZM2G101687
Sobic.010G170900,GRMZM2G101707
Sobic.004G350900,GRMZM2G101754
Sobic.004G342700,GRMZM2G102200
Sobic.004G342500,GRMZM2G102216
Sobic.003G425100,GRMZM2G102314
Sobic.003G227700,GRMZM2G102318
Sobic.003G227800,GRMZM2G102318
Sobic.003G227900,GRMZM2G102318
Sobic.001G124600,GRMZM2G102616
Sobic.001G125100,GRMZM2G102711
Sobic.010G277600,GRMZM2G102838
Sobic.010G277700,GRMZM2G102915
Sobic.010G277800,GRMZM2G102923
Sobic.010G008300,GRMZM2G102938
Sobic.002G390700,GRMZM2G102944
Sobic.010G054100,GRMZM2G103033
Sobic.010G008433,GRMZM2G103078
Sobic.001G444600,GRMZM2G103113
Sobic.009G061800,GRMZM2G103164
Sobic.009G062300,GRMZM2G103164
Sobic.010G028300,GRMZM2G103166
Sobic.007G125200,GRMZM2G103186
Sobic.010G010700,GRMZM2G103230
Sobic.010G222200,GRMZM2G103251
Sobic.010G222600,GRMZM2G103251
Sobic.010G278300,GRMZM2G103266
Sobic.010G028333,GRMZM2G103311
Sobic.002G134600,GRMZM2G103345
Sobic.007G017400,GRMZM2G103430
Sobic.010G168200,GRMZM2G103526
Sobic.007G088100,GRMZM2G103721
Sobic.002G294000,GRMZM2G103840
Sobic.002G018133,GRMZM2G103955
Sobic.009G068500,GRMZM2G104133
Sobic.003G395100,GRMZM2G104179
Sobic.006G245900,GRMZM2G104268
Sobic.006G245800,GRMZM2G104288
Sobic.001G109000,GRMZM2G104332
Sobic.004G069000,GRMZM2G104357
Sobic.009G143600,GRMZM2G104363
Sobic.009G121000,GRMZM2G104397
Sobic.010G118300,GRMZM2G104511
Sobic.001G438600,GRMZM2G104575
Sobic.006G098300,GRMZM2G104603
Sobic.006G098400,GRMZM2G104603
Sobic.001G438400,GRMZM2G104616
Sobic.001G438200,GRMZM2G104618
Sobic.006G044600,GRMZM2G104649
Sobic.007G086300,GRMZM2G104651
Sobic.006G276100,GRMZM2G104658
Sobic.001G346700,GRMZM2G104676
Sobic.007G086500,GRMZM2G104704
Sobic.007G045600,GRMZM2G104907
Sobic.004G207000,GRMZM2G104925
Sobic.010G003600,GRMZM2G104945
Sobic.010G004100,GRMZM2G104958
Sobic.002G134400,GRMZM2G104999
Sobic.003G411000,GRMZM2G105005
Sobic.003G431100,GRMZM2G105221
Sobic.008G177100,GRMZM2G105368
Sobic.004G258500,GRMZM2G105522
Sobic.005G179300,GRMZM2G105570
Sobic.004G075900,GRMZM2G105631
Sobic.009G242300,GRMZM2G105712
Sobic.001G104300,GRMZM2G105755
Sobic.008G158100,GRMZM2G105766
Sobic.006G176000,GRMZM2G105801
Sobic.007G156300,GRMZM2G105954
Sobic.008G149000,GRMZM2G105991
Sobic.004G028300,GRMZM2G106053
Sobic.007G057201,GRMZM2G106136
Sobic.007G055000,GRMZM2G106164
Sobic.007G167200,GRMZM2G106165
Sobic.002G160400,GRMZM2G106213
Sobic.003G324000,GRMZM2G106250
Sobic.003G323500,GRMZM2G106344
Sobic.010G185500,GRMZM2G106427
Sobic.009G131900,GRMZM2G106459
Sobic.009G063800,GRMZM2G106526
Sobic.008G046400,GRMZM2G106556
Sobic.005G160900,GRMZM2G106604
Sobic.008G191100,GRMZM2G106730
Sobic.008G191000,GRMZM2G106748
Sobic.006G274000,GRMZM2G106781
Sobic.006G274300,GRMZM2G106792
Sobic.003G189000,GRMZM2G106960
Sobic.010G179900,GRMZM2G107027
Sobic.010G005000,GRMZM2G107073
Sobic.001G037900,GRMZM2G107076
Sobic.004G338500,GRMZM2G107109
Sobic.006G108600,GRMZM2G107114
Sobic.010G125700,GRMZM2G107116
Sobic.006G109000,GRMZM2G107306
Sobic.004G086400,GRMZM2G107322
Sobic.010G096400,GRMZM2G107373
Sobic.004G306300,GRMZM2G107414
Sobic.003G401500,GRMZM2G107498
Sobic.003G045200,GRMZM2G107556
Sobic.006G258300,GRMZM2G107557
Sobic.003G283700,GRMZM2G107570
Sobic.006G258000,GRMZM2G107620
Sobic.001G505600,GRMZM2G107651
Sobic.003G046300,GRMZM2G107696
Sobic.003G220600,GRMZM2G107757
Sobic.004G182700,GRMZM2G107771
Sobic.005G146000,GRMZM2G107931
Sobic.002G116800,GRMZM2G107956
Sobic.002G116900,GRMZM2G107968
Sobic.003G277300,GRMZM2G107985
Sobic.003G155800,GRMZM2G108259
Sobic.001G362100,GRMZM2G108265
Sobic.004G336800,GRMZM2G108284
Sobic.001G309500,GRMZM2G108309
Sobic.008G100000,GRMZM2G108348
Sobic.004G337000,GRMZM2G108364
Sobic.001G362200,GRMZM2G108384
Sobic.005G168300,GRMZM2G108482
Sobic.001G040000,GRMZM2G108643
Sobic.001G384000,GRMZM2G108655
Sobic.001G039900,GRMZM2G108677
Sobic.009G226900,GRMZM2G108851
Sobic.002G282200,GRMZM2G108981
Sobic.002G282100,GRMZM2G108991
Sobic.010G167900,GRMZM2G109009
Sobic.002G374500,GRMZM2G109120
Sobic.001G337400,GRMZM2G109286
Sobic.001G336700,GRMZM2G109326
Sobic.009G135000,GRMZM2G109354
Sobic.002G423500,GRMZM2G109425
Sobic.006G137000,GRMZM2G109496
Sobic.008G010900,GRMZM2G109618
Sobic.003G105800,GRMZM2G109627
Sobic.004G100100,GRMZM2G109680
Sobic.004G100200,GRMZM2G109731
Sobic.008G080000,GRMZM2G109881
Sobic.010G126700,GRMZM2G110168
Sobic.001G230100,GRMZM2G110201
Sobic.004G268400,GRMZM2G110244
Sobic.001G536700,GRMZM2G110258
Sobic.003G134600,GRMZM2G110368
Sobic.008G109300,GRMZM2G110369
Sobic.008G109400,GRMZM2G110369
Sobic.008G109600,GRMZM2G110369
Sobic.008G109700,GRMZM2G110369
Sobic.002G187400,GRMZM2G110412
Sobic.001G162900,GRMZM2G110423
Sobic.001G163300,GRMZM2G110423
Sobic.004G266300,GRMZM2G110483
Sobic.003G106500,GRMZM2G110504
Sobic.006G009000,GRMZM2G110567
Sobic.009G079500,GRMZM2G110584
Sobic.003G301800,GRMZM2G110714
Sobic.002G173600,GRMZM2G110816
Sobic.001G037800,GRMZM2G110881
Sobic.006G279100,GRMZM2G110908
Sobic.001G258000,GRMZM2G110968
Sobic.001G257800,GRMZM2G110976
Sobic.004G048100,GRMZM2G111293
Sobic.007G075700,GRMZM2G111300
Sobic.004G048000,GRMZM2G111304
Sobic.003G287800,GRMZM2G111344
Sobic.003G287200,GRMZM2G111354
Sobic.004G331300,GRMZM2G111415
Sobic.006G123200,GRMZM2G111423
Sobic.003G311800,GRMZM2G111428
Sobic.004G331200,GRMZM2G111451
Sobic.006G123100,GRMZM2G111462
Sobic.003G310800,GRMZM2G111501
Sobic.003G310100,GRMZM2G111511
Sobic.001G228000,GRMZM2G111537
Sobic.002G371300,GRMZM2G111614
Sobic.003G016800,GRMZM2G111710
Sobic.004G096900,GRMZM2G111886
Sobic.003G142100,GRMZM2G111998
Sobic.001G013300,GRMZM2G112003
Sobic.001G013200,GRMZM2G112015
Sobic.006G177500,GRMZM2G112057
Sobic.003G395500,GRMZM2G112079
Sobic.009G229000,GRMZM2G112085
Sobic.006G176200,GRMZM2G112100
Sobic.003G019900,GRMZM2G112686
Sobic.007G017500,GRMZM2G112792
Sobic.003G349900,GRMZM2G112865
Sobic.003G087200,GRMZM2G112968
Sobic.009G212500,GRMZM2G113078
Sobic.001G461200,GRMZM2G113159
Sobic.007G206100,GRMZM2G113181
Sobic.001G460900,GRMZM2G113205
Sobic.001G460800,GRMZM2G113232
Sobic.007G206200,GRMZM2G113252
Sobic.001G537700,GRMZM2G113267
Sobic.001G460700,GRMZM2G113287
Sobic.001G460600,GRMZM2G113295
Sobic.009G010700,GRMZM2G113340
Sobic.003G096400,GRMZM2G113378
Sobic.001G460400,GRMZM2G113423
Sobic.002G351600,GRMZM2G113476
Sobic.009G234000,GRMZM2G113549
Sobic.001G274200,GRMZM2G113592
Sobic.002G200000,GRMZM2G113619
Sobic.010G050400,GRMZM2G113640
Sobic.001G459700,GRMZM2G113653
Sobic.006G195100,GRMZM2G113800
Sobic.004G350300,GRMZM2G113950
Sobic.002G280900,GRMZM2G114107
Sobic.001G118000,GRMZM2G114162
Sobic.006G214300,GRMZM2G114182
Sobic.002G300000,GRMZM2G114322
Sobic.004G093900,GRMZM2G114427
Sobic.004G094000,GRMZM2G114427
Sobic.008G165100,GRMZM2G114584
Sobic.008G165000,GRMZM2G114613
Sobic.001G078500,GRMZM2G114634
Sobic.002G287300,GRMZM2G114650
Sobic.009G155400,GRMZM2G114653
Sobic.004G294100,GRMZM2G114660
Sobic.007G128500,GRMZM2G114702
Sobic.001G471000,GRMZM2G114758
Sobic.010G122000,GRMZM2G114801
Sobic.008G164800,GRMZM2G114850
Sobic.008G164600,GRMZM2G114930
Sobic.009G155600,GRMZM2G114954
Sobic.007G128000,GRMZM2G114988
Sobic.004G316800,GRMZM2G115013
Sobic.004G057200,GRMZM2G115342
Sobic.005G058800,GRMZM2G115451
Sobic.001G497200,GRMZM2G115674
Sobic.003G252900,GRMZM2G115766
Sobic.001G320700,GRMZM2G115841
Sobic.004G086000,GRMZM2G116079
Sobic.003G196600,GRMZM2G116083
Sobic.003G311900,GRMZM2G116086
Sobic.003G305700,GRMZM2G116273
Sobic.001G292700,GRMZM2G116327
Sobic.010G262300,GRMZM2G116427
Sobic.001G293000,GRMZM2G116452
Sobic.001G293200,GRMZM2G116452
Sobic.005G168200,GRMZM2G116461
Sobic.007G001100,GRMZM2G116629
Sobic.005G117300,GRMZM2G116634
Sobic.010G071400,GRMZM2G116881
Sobic.010G071500,GRMZM2G116881
Sobic.010G136300,GRMZM2G117057
Sobic.005G002900,GRMZM2G117300
Sobic.009G144600,GRMZM2G117365
Sobic.009G144700,GRMZM2G117365
Sobic.009G144800,GRMZM2G117365
Sobic.009G144900,GRMZM2G117365
Sobic.009G145500,GRMZM2G117365
Sobic.009G145600,GRMZM2G117365
Sobic.009G145700,GRMZM2G117365
Sobic.003G384200,GRMZM2G117405
Sobic.002G215000,GRMZM2G117412
Sobic.004G038000,GRMZM2G117459
Sobic.006G238200,GRMZM2G117531
Sobic.003G219300,GRMZM2G117742
Sobic.007G120401,GRMZM2G117755
Sobic.001G361000,GRMZM2G117779
Sobic.002G288800,GRMZM2G117865
Sobic.002G289400,GRMZM2G117865
Sobic.002G289500,GRMZM2G117865
Sobic.002G289601,GRMZM2G117865
Sobic.002G341500,GRMZM2G117968
Sobic.001G305100,GRMZM2G117999
Sobic.007G121300,GRMZM2G118104
Sobic.009G112400,GRMZM2G118109
Sobic.003G434900,GRMZM2G118265
Sobic.004G124800,GRMZM2G118312
Sobic.004G125100,GRMZM2G118312
Sobic.004G125300,GRMZM2G118312
Sobic.003G434200,GRMZM2G118636
Sobic.003G434000,GRMZM2G118644
Sobic.010G088800,GRMZM2G118657
Sobic.004G218200,GRMZM2G118717
Sobic.005G066100,GRMZM2G118759
Sobic.003G292400,GRMZM2G118770
Sobic.003G292200,GRMZM2G118806
Sobic.001G360700,GRMZM2G119067
Sobic.001G360800,GRMZM2G119067
Sobic.001G296900,GRMZM2G119079
Sobic.006G028300,GRMZM2G119116
Sobic.006G028400,GRMZM2G119116
Sobic.006G028500,GRMZM2G119116
Sobic.006G028900,GRMZM2G119116
Sobic.005G034600,GRMZM2G119117
Sobic.009G231100,GRMZM2G119256
Sobic.004G266000,GRMZM2G119258
Sobic.007G149550,GRMZM2G119301
Sobic.003G375600,GRMZM2G119314
Sobic.006G198900,GRMZM2G119383
Sobic.004G012800,GRMZM2G119393
Sobic.003G375500,GRMZM2G119397
Sobic.003G213700,GRMZM2G119407
Sobic.004G012700,GRMZM2G119426
Sobic.009G028100,GRMZM2G119483
Sobic.002G223700,GRMZM2G119516
Sobic.004G062000,GRMZM2G119578
Sobic.001G428800,GRMZM2G119627
Sobic.004G049700,GRMZM2G119640
Sobic.002G386500,GRMZM2G119675
Sobic.010G228000,GRMZM2G119714
Sobic.002G386600,GRMZM2G119745
Sobic.006G213300,GRMZM2G119802
Sobic.002G190800,GRMZM2G119906
Sobic.002G246900,GRMZM2G120091
Sobic.010G112800,GRMZM2G120163
Sobic.006G060400,GRMZM2G120182
Sobic.003G158400,GRMZM2G120202
Sobic.007G167100,GRMZM2G120257
Sobic.010G074900,GRMZM2G120371
Sobic.001G252000,GRMZM2G120579
Sobic.007G048800,GRMZM2G120592
Sobic.007G049100,GRMZM2G120592
Sobic.007G049200,GRMZM2G120592
Sobic.007G049500,GRMZM2G120592
Sobic.007G049600,GRMZM2G120592
Sobic.004G171200,GRMZM2G120784
Sobic.003G250400,GRMZM2G120816
Sobic.009G027900,GRMZM2G120839
Sobic.003G292932,GRMZM2G120951
Sobic.004G346500,GRMZM2G120964
Sobic.001G492400,GRMZM2G120987
Sobic.003G143600,GRMZM2G121278
Sobic.002G310300,GRMZM2G121427
Sobic.004G093400,GRMZM2G121495
Sobic.009G036200,GRMZM2G121510
Sobic.001G029900,GRMZM2G121715
Sobic.003G330000,GRMZM2G121785
Sobic.001G031200,GRMZM2G121840
Sobic.001G031600,GRMZM2G121851
Sobic.010G178300,GRMZM2G122172
Sobic.010G001700,GRMZM2G122261
Sobic.010G086800,GRMZM2G122302
Sobic.003G184200,GRMZM2G122344
Sobic.001G235500,GRMZM2G122654
Sobic.004G251500,GRMZM2G122715
Sobic.004G252100,GRMZM2G122811
Sobic.004G252500,GRMZM2G122843
Sobic.004G252800,GRMZM2G122848
Sobic.010G099100,GRMZM2G122892
Sobic.008G127100,GRMZM2G122999
Sobic.004G203000,GRMZM2G123037
Sobic.001G053700,GRMZM2G123063
Sobic.006G116200,GRMZM2G123178
Sobic.003G069875,GRMZM2G123314
Sobic.003G069950,GRMZM2G123314
Sobic.003G070025,GRMZM2G123314
Sobic.007G140400,GRMZM2G123362
Sobic.010G202900,GRMZM2G123482
Sobic.001G225700,GRMZM2G123495
Sobic.004G017700,GRMZM2G123511
Sobic.005G028800,GRMZM2G123652
Sobic.005G028600,GRMZM2G123660
Sobic.001G310100,GRMZM2G123709
Sobic.002G228700,GRMZM2G123764
Sobic.004G352800,GRMZM2G123818
Sobic.004G352200,GRMZM2G123831
Sobic.003G308300,GRMZM2G124047
Sobic.001G397000,GRMZM2G124059
Sobic.003G306900,GRMZM2G124091
Sobic.009G076200,GRMZM2G124179
Sobic.001G063000,GRMZM2G124229
Sobic.001G335900,GRMZM2G124239
Sobic.003G306200,GRMZM2G124321
Sobic.001G330850,GRMZM2G124409
Sobic.001G040500,GRMZM2G124441
Sobic.003G150500,GRMZM2G124553
Sobic.005G168000,GRMZM2G124602
Sobic.008G106900,GRMZM2G124658
Sobic.004G254900,GRMZM2G124684
Sobic.004G255000,GRMZM2G124684
Sobic.002G271400,GRMZM2G124809
Sobic.010G001300,GRMZM2G124815
Sobic.010G001400,GRMZM2G124815
Sobic.002G271800,GRMZM2G124820
Sobic.001G181300,GRMZM2G124863
Sobic.003G285700,GRMZM2G124876
Sobic.003G041900,GRMZM2G125020
Sobic.010G143400,GRMZM2G125072
Sobic.006G257300,GRMZM2G125083
Sobic.004G271200,GRMZM2G125259
Sobic.004G250900,GRMZM2G125268
Sobic.006G105300,GRMZM2G125350
Sobic.004G250800,GRMZM2G125378
Sobic.003G078900,GRMZM2G125414
Sobic.006G105600,GRMZM2G125424
Sobic.006G090900,GRMZM2G125436
Sobic.006G091100,GRMZM2G125476
Sobic.002G321400,GRMZM2G125495
Sobic.004G219400,GRMZM2G125529
Sobic.004G250300,GRMZM2G125544
Sobic.001G021900,GRMZM2G125552
Sobic.001G022000,GRMZM2G125552
Sobic.004G219300,GRMZM2G125556
Sobic.006G182900,GRMZM2G125585
Sobic.007G000500,GRMZM2G125648
Sobic.007G000700,GRMZM2G125768
Sobic.002G192000,GRMZM2G125775
Sobic.007G166100,GRMZM2G125777
Sobic.001G022300,GRMZM2G125784
Sobic.004G333700,GRMZM2G125838
Sobic.002G318800,GRMZM2G125935
Sobic.007G095500,GRMZM2G126128
Sobic.006G050900,GRMZM2G126194
Sobic.003G255500,GRMZM2G126251
Sobic.010G272800,GRMZM2G126361
Sobic.006G165200,GRMZM2G126742
Sobic.001G514000,GRMZM2G126745
Sobic.001G514500,GRMZM2G126802
Sobic.001G511500,GRMZM2G126839
Sobic.010G235400,GRMZM2G126920
Sobic.010G235500,GRMZM2G126920
Sobic.010G235600,GRMZM2G126920
Sobic.010G235700,GRMZM2G126920
Sobic.010G235800,GRMZM2G126920
Sobic.003G077600,GRMZM2G126956
Sobic.001G239500,GRMZM2G126988
Sobic.001G314600,GRMZM2G127029
Sobic.005G090600,GRMZM2G127134
Sobic.001G315700,GRMZM2G127141
Sobic.010G057300,GRMZM2G127147
Sobic.010G057400,GRMZM2G127147
Sobic.010G197800,GRMZM2G127154
Sobic.010G066601,GRMZM2G127251
Sobic.010G066700,GRMZM2G127251
Sobic.010G066800,GRMZM2G127251
Sobic.004G253100,GRMZM2G127524
Sobic.003G012900,GRMZM2G127650
Sobic.002G201700,GRMZM2G127717
Sobic.002G317400,GRMZM2G127729
Sobic.010G009300,GRMZM2G127798
Sobic.009G201900,GRMZM2G127844
Sobic.003G122800,GRMZM2G128080
Sobic.005G064200,GRMZM2G128268
Sobic.005G064300,GRMZM2G128268
Sobic.005G064400,GRMZM2G128268
Sobic.001G312000,GRMZM2G128301
Sobic.006G066900,GRMZM2G128399
Sobic.006G067400,GRMZM2G128399
Sobic.006G067500,GRMZM2G128399
Sobic.010G227100,GRMZM2G128485
Sobic.007G047200,GRMZM2G128504
Sobic.010G227200,GRMZM2G128560
Sobic.009G111000,GRMZM2G128682
Sobic.009G248100,GRMZM2G128726
Sobic.009G248300,GRMZM2G128748
Sobic.002G380300,GRMZM2G128771
Sobic.009G256100,GRMZM2G128981
Sobic.001G139100,GRMZM2G128986
Sobic.003G377000,GRMZM2G129065
Sobic.001G138800,GRMZM2G129083
Sobic.006G203700,GRMZM2G129133
Sobic.002G430100,GRMZM2G129209
Sobic.002G430500,GRMZM2G129238
Sobic.007G209400,GRMZM2G129405
Sobic.010G154000,GRMZM2G129431
Sobic.007G209600,GRMZM2G129448
Sobic.001G105200,GRMZM2G129554
Sobic.002G357100,GRMZM2G129575
Sobic.007G046400,GRMZM2G129585
Sobic.007G065700,GRMZM2G129615
Sobic.010G191800,GRMZM2G129642
Sobic.001G105300,GRMZM2G129681
Sobic.001G105500,GRMZM2G129700
Sobic.006G077200,GRMZM2G129781
Sobic.010G153600,GRMZM2G129783
Sobic.003G104000,GRMZM2G129806
Sobic.001G087000,GRMZM2G129913
Sobic.009G050200,GRMZM2G130010
Sobic.005G017400,GRMZM2G130049
Sobic.001G086800,GRMZM2G130053
Sobic.003G288100,GRMZM2G130119
Sobic.001G004300,GRMZM2G130260
Sobic.007G167500,GRMZM2G130287
Sobic.001G004000,GRMZM2G130302
Sobic.001G003900,GRMZM2G130314
Sobic.006G051000,GRMZM2G130351
Sobic.005G134100,GRMZM2G130379
Sobic.002G215700,GRMZM2G130440
Sobic.007G220000,GRMZM2G130505
Sobic.001G070100,GRMZM2G130675
Sobic.002G354600,GRMZM2G130773
Sobic.002G172600,GRMZM2G130790
Sobic.004G001700,GRMZM2G130813
Sobic.003G335700,GRMZM2G130831
Sobic.001G462800,GRMZM2G130943
Sobic.009G080600,GRMZM2G131152
Sobic.009G050500,GRMZM2G131249
Sobic.001G114500,GRMZM2G131324
Sobic.007G030100,GRMZM2G131329
Sobic.003G229400,GRMZM2G131334
Sobic.005G200900,GRMZM2G131443
Sobic.002G406600,GRMZM2G131467
Sobic.002G408000,GRMZM2G131554
Sobic.006G002900,GRMZM2G131611
Sobic.001G289400,GRMZM2G131667
Sobic.003G275200,GRMZM2G131708
Sobic.001G391200,GRMZM2G131785
Sobic.005G028100,GRMZM2G131793
Sobic.007G069700,GRMZM2G131943
Sobic.001G091900,GRMZM2G131998
Sobic.005G032300,GRMZM2G132000
Sobic.001G187700,GRMZM2G132007
Sobic.001G187800,GRMZM2G132036
Sobic.001G091701,GRMZM2G132121
Sobic.001G091801,GRMZM2G132121
Sobic.009G109600,GRMZM2G132130
Sobic.003G324900,GRMZM2G132284
Sobic.006G155000,GRMZM2G132301
Sobic.010G107000,GRMZM2G132373
Sobic.004G146300,GRMZM2G132403
Sobic.002G008800,GRMZM2G132468
Sobic.010G269200,GRMZM2G132593
Sobic.010G269500,GRMZM2G132644
Sobic.009G174900,GRMZM2G132759
Sobic.003G099400,GRMZM2G132811
Sobic.004G051700,GRMZM2G132854
Sobic.004G051401,GRMZM2G132862
Sobic.004G051300,GRMZM2G132866
Sobic.003G158300,GRMZM2G132903
Sobic.005G050500,GRMZM2G132968
Sobic.006G119700,GRMZM2G132994
Sobic.006G118900,GRMZM2G133016
Sobic.006G177600,GRMZM2G133018
Sobic.003G314800,GRMZM2G133029
Sobic.006G116700,GRMZM2G133067
Sobic.004G277100,GRMZM2G133146
Sobic.003G315500,GRMZM2G133175
Sobic.010G110100,GRMZM2G133331
Sobic.007G097100,GRMZM2G133394
Sobic.002G304700,GRMZM2G133421
Sobic.004G226600,GRMZM2G133444
Sobic.005G034300,GRMZM2G133624
Sobic.006G059400,GRMZM2G133657
Sobic.005G056800,GRMZM2G133716
Sobic.004G067500,GRMZM2G133746
Sobic.008G188400,GRMZM2G133793
Sobic.003G433900,GRMZM2G133844
Sobic.003G433750,GRMZM2G133885
Sobic.004G023000,GRMZM2G133937
Sobic.003G433300,GRMZM2G133952
Sobic.003G433200,GRMZM2G133959
Sobic.007G172900,GRMZM2G133969
Sobic.004G233600,GRMZM2G134104
Sobic.001G376600,GRMZM2G134107
Sobic.009G117200,GRMZM2G134230
Sobic.001G019800,GRMZM2G134270
Sobic.002G222700,GRMZM2G134351
Sobic.001G325700,GRMZM2G134426
Sobic.002G222900,GRMZM2G134430
Sobic.002G223000,GRMZM2G134497
Sobic.002G223100,GRMZM2G134502
Sobic.006G109700,GRMZM2G134539
Sobic.005G204400,GRMZM2G134559
Sobic.004G175600,GRMZM2G134563
Sobic.007G106700,GRMZM2G134625
Sobic.007G171000,GRMZM2G134708
Sobic.002G133400,GRMZM2G134788
Sobic.004G000500,GRMZM2G134806
Sobic.001G235700,GRMZM2G134862
Sobic.010G146700,GRMZM2G134888
Sobic.001G251900,GRMZM2G134903
Sobic.010G258300,GRMZM2G134930
Sobic.003G117600,GRMZM2G134941
Sobic.010G150800,GRMZM2G135022
Sobic.010G150900,GRMZM2G135022
Sobic.004G327000,GRMZM2G135073
Sobic.005G169500,GRMZM2G135195
Sobic.009G044300,GRMZM2G135320
Sobic.005G157200,GRMZM2G135354
Sobic.003G342800,GRMZM2G135362
Sobic.006G109400,GRMZM2G135430
Sobic.006G109500,GRMZM2G135470
Sobic.009G067400,GRMZM2G135530
Sobic.009G067450,GRMZM2G135530
Sobic.003G301500,GRMZM2G135586
Sobic.003G206800,GRMZM2G135795
Sobic.004G290100,GRMZM2G135893
Sobic.004G290200,GRMZM2G135893
Sobic.001G203600,GRMZM2G135940
Sobic.010G080300,GRMZM2G135970
Sobic.009G045300,GRMZM2G135978
Sobic.005G039600,GRMZM2G135990
Sobic.010G080200,GRMZM2G136058
Sobic.004G255600,GRMZM2G136139
Sobic.006G278500,GRMZM2G136283
Sobic.008G058400,GRMZM2G136288
Sobic.001G484800,GRMZM2G136389
Sobic.003G302600,GRMZM2G136400
Sobic.006G278400,GRMZM2G136494
Sobic.006G084600,GRMZM2G136508
Sobic.009G136100,GRMZM2G136567
Sobic.010G136000,GRMZM2G136750
Sobic.003G198900,GRMZM2G136765
Sobic.010G135300,GRMZM2G136800
Sobic.001G151700,GRMZM2G136889
Sobic.006G235300,GRMZM2G136960
Sobic.006G235200,GRMZM2G136964
Sobic.006G210600,GRMZM2G137009
Sobic.004G283700,GRMZM2G137029
Sobic.004G001000,GRMZM2G137443
Sobic.002G235300,GRMZM2G137477
Sobic.005G084600,GRMZM2G137546
Sobic.002G235800,GRMZM2G137551
Sobic.004G262800,GRMZM2G137673
Sobic.002G405300,GRMZM2G137713
Sobic.002G405200,GRMZM2G137724
Sobic.006G018600,GRMZM2G137736
Sobic.001G329400,GRMZM2G137816
Sobic.001G076600,GRMZM2G137847
Sobic.008G062900,GRMZM2G138003
Sobic.007G204600,GRMZM2G138060
Sobic.008G129100,GRMZM2G138077
Sobic.002G164200,GRMZM2G138178
Sobic.007G125100,GRMZM2G138259
Sobic.002G111700,GRMZM2G138303
Sobic.006G059700,GRMZM2G138355
Sobic.002G225700,GRMZM2G138396
Sobic.004G284900,GRMZM2G138407
Sobic.008G019700,GRMZM2G138441
Sobic.002G225600,GRMZM2G138468
Sobic.002G225650,GRMZM2G138468
Sobic.001G026400,GRMZM2G138494
Sobic.001G026200,GRMZM2G138511
Sobic.001G172800,GRMZM2G138572
Sobic.001G252500,GRMZM2G138583
Sobic.001G018100,GRMZM2G138676
Sobic.003G326100,GRMZM2G138698
Sobic.003G326000,GRMZM2G138756
Sobic.009G176500,GRMZM2G138844
Sobic.003G445800,GRMZM2G138967
Sobic.001G335500,GRMZM2G138987
Sobic.001G335600,GRMZM2G138987
Sobic.001G237600,GRMZM2G139024
Sobic.010G145200,GRMZM2G139029
Sobic.001G228400,GRMZM2G139066
Sobic.010G261800,GRMZM2G139073
Sobic.003G308400,GRMZM2G139093
Sobic.003G320100,GRMZM2G139141
Sobic.003G320200,GRMZM2G139141
Sobic.003G320900,GRMZM2G139175
Sobic.004G315200,GRMZM2G139293
Sobic.003G062300,GRMZM2G139369
Sobic.004G017500,GRMZM2G139372
Sobic.003G322466,GRMZM2G139374
Sobic.003G322700,GRMZM2G139374
Sobic.006G041100,GRMZM2G139407
Sobic.006G041000,GRMZM2G139512
Sobic.007G043400,GRMZM2G139550
Sobic.009G125800,GRMZM2G139565
Sobic.003G070800,GRMZM2G139600
Sobic.008G071400,GRMZM2G139700
Sobic.006G143600,GRMZM2G139797
Sobic.003G123200,GRMZM2G139952
Sobic.004G351700,GRMZM2G140033
Sobic.002G211900,GRMZM2G140160
Sobic.006G010200,GRMZM2G140448
Sobic.007G133700,GRMZM2G140500
Sobic.007G226100,GRMZM2G140545
Sobic.009G117300,GRMZM2G140590
Sobic.009G117400,GRMZM2G140590
Sobic.007G226400,GRMZM2G140600
Sobic.002G431100,GRMZM2G140667
Sobic.003G094200,GRMZM2G140754
Sobic.003G094100,GRMZM2G140782
Sobic.004G359100,GRMZM2G140809
Sobic.003G338900,GRMZM2G140822
Sobic.004G358900,GRMZM2G140832
Sobic.010G007400,GRMZM2G140867
Sobic.010G251300,GRMZM2G140917
Sobic.003G135900,GRMZM2G140994
Sobic.003G136000,GRMZM2G140994
Sobic.010G007500,GRMZM2G141009
Sobic.007G061800,GRMZM2G141034
Sobic.002G392700,GRMZM2G141510
Sobic.002G392800,GRMZM2G141551
Sobic.009G013600,GRMZM2G141859
Sobic.009G013700,GRMZM2G141873
Sobic.007G072600,GRMZM2G142043
Sobic.002G427800,GRMZM2G142437
Sobic.002G137200,GRMZM2G142502
Sobic.002G137100,GRMZM2G142544
Sobic.009G177700,GRMZM2G142640
Sobic.006G267800,GRMZM2G142667
Sobic.006G267900,GRMZM2G142718
Sobic.004G345600,GRMZM2G142768
Sobic.006G269200,GRMZM2G142802
Sobic.004G345700,GRMZM2G142806
Sobic.010G080800,GRMZM2G142816
Sobic.006G179500,GRMZM2G142832
Sobic.003G160200,GRMZM2G142870
Sobic.003G184400,GRMZM2G142964
Sobic.006G104800,GRMZM2G143168
Sobic.002G370400,GRMZM2G143173
Sobic.001G530700,GRMZM2G143187
Sobic.003G053300,GRMZM2G143274
Sobic.006G245300,GRMZM2G143352
Sobic.005G065900,GRMZM2G143397
Sobic.004G064900,GRMZM2G143457
Sobic.004G064600,GRMZM2G143462
Sobic.006G244600,GRMZM2G143499
Sobic.006G101800,GRMZM2G143590
Sobic.001G257400,GRMZM2G143599
Sobic.009G079900,GRMZM2G143747
Sobic.010G221600,GRMZM2G143767
Sobic.010G222300,GRMZM2G143782
Sobic.010G222400,GRMZM2G143782
Sobic.010G222501,GRMZM2G143782
Sobic.004G349900,GRMZM2G143854
Sobic.001G032900,GRMZM2G144024
Sobic.003G263100,GRMZM2G144028
Sobic.001G232400,GRMZM2G144044
Sobic.001G232700,GRMZM2G144044
Sobic.001G033600,GRMZM2G144071
Sobic.001G003200,GRMZM2G144196
Sobic.001G018000,GRMZM2G144273
Sobic.010G193900,GRMZM2G144362
Sobic.003G044200,GRMZM2G144403
Sobic.002G126000,GRMZM2G144415
Sobic.001G247300,GRMZM2G144420
Sobic.003G044800,GRMZM2G144464
Sobic.009G159600,GRMZM2G144504
Sobic.005G180800,GRMZM2G144635
Sobic.004G297000,GRMZM2G144638
Sobic.003G282800,GRMZM2G144716
Sobic.002G065200,GRMZM2G144843
Sobic.003G012600,GRMZM2G144853
Sobic.003G274900,GRMZM2G144923
Sobic.003G273900,GRMZM2G145019
Sobic.004G192600,GRMZM2G145054
Sobic.001G435100,GRMZM2G145085
Sobic.006G217700,GRMZM2G145175
Sobic.001G423600,GRMZM2G145313
Sobic.001G400101,GRMZM2G145330
Sobic.010G012001,GRMZM2G145396
Sobic.010G012500,GRMZM2G145396
Sobic.006G217200,GRMZM2G145480
Sobic.003G408000,GRMZM2G145496
Sobic.009G112900,GRMZM2G145573
Sobic.010G225801,GRMZM2G145583
Sobic.003G155300,GRMZM2G145595
Sobic.005G032600,GRMZM2G145651
Sobic.005G032400,GRMZM2G145666
Sobic.005G032500,GRMZM2G145666
Sobic.010G012100,GRMZM2G145718
Sobic.010G011900,GRMZM2G145721
Sobic.009G127000,GRMZM2G145752
Sobic.001G115800,GRMZM2G145850
Sobic.007G035700,GRMZM2G145972
Sobic.008G046700,GRMZM2G146018
Sobic.004G073300,GRMZM2G146034
Sobic.004G073400,GRMZM2G146034
Sobic.004G073500,GRMZM2G146034
Sobic.004G073600,GRMZM2G146034
Sobic.001G191500,GRMZM2G146041
Sobic.003G117200,GRMZM2G146047
Sobic.007G117400,GRMZM2G146118
Sobic.010G224400,GRMZM2G146140
Sobic.007G117200,GRMZM2G146177
Sobic.010G224300,GRMZM2G146190
Sobic.003G352300,GRMZM2G146206
Sobic.004G348600,GRMZM2G146207
Sobic.004G348500,GRMZM2G146228
Sobic.004G348400,GRMZM2G146234
Sobic.005G001000,GRMZM2G146267
Sobic.005G001500,GRMZM2G146283
Sobic.002G363800,GRMZM2G146292
Sobic.001G430400,GRMZM2G146313
Sobic.004G277000,GRMZM2G146337
Sobic.005G001700,GRMZM2G146378
Sobic.002G364000,GRMZM2G146416
Sobic.003G361900,GRMZM2G146437
Sobic.001G233700,GRMZM2G146446
Sobic.007G123100,GRMZM2G146518
Sobic.002G302300,GRMZM2G146745
Sobic.002G300300,GRMZM2G146761
Sobic.004G226800,GRMZM2G146786
Sobic.006G150700,GRMZM2G146809
Sobic.007G074600,GRMZM2G146862
Sobic.003G409400,GRMZM2G146885
Sobic.004G127400,GRMZM2G147026
Sobic.009G151100,GRMZM2G147051
Sobic.004G155600,GRMZM2G147123
Sobic.009G148200,GRMZM2G147213
Sobic.009G088700,GRMZM2G147221
Sobic.004G177400,GRMZM2G147288
Sobic.006G066500,GRMZM2G147390
Sobic.005G021900,GRMZM2G147420
Sobic.005G021950,GRMZM2G147443
Sobic.007G087800,GRMZM2G147500
Sobic.001G439300,GRMZM2G147534
Sobic.003G109500,GRMZM2G147587
Sobic.003G436300,GRMZM2G147709
Sobic.004G116900,GRMZM2G147727
Sobic.007G116800,GRMZM2G147756
Sobic.003G036300,GRMZM2G147882
Sobic.002G063800,GRMZM2G147908
Sobic.002G251300,GRMZM2G147955
Sobic.003G299700,GRMZM2G148022
Sobic.001G536300,GRMZM2G148057
Sobic.001G323701,GRMZM2G148090
Sobic.004G113300,GRMZM2G148118
Sobic.004G113400,GRMZM2G148118
Sobic.010G060701,GRMZM2G148167
Sobic.002G375000,GRMZM2G148194
Sobic.004G303800,GRMZM2G148355
Sobic.004G304000,GRMZM2G148355
Sobic.004G304100,GRMZM2G148355
Sobic.004G304200,GRMZM2G148355
Sobic.004G304300,GRMZM2G148355
Sobic.004G331500,GRMZM2G148374
Sobic.010G156000,GRMZM2G148460
Sobic.006G171000,GRMZM2G148467
Sobic.004G254300,GRMZM2G148534
Sobic.006G224800,GRMZM2G148594
Sobic.006G225200,GRMZM2G148621
Sobic.010G121700,GRMZM2G148624
Sobic.002G272500,GRMZM2G148769
Sobic.003G372600,GRMZM2G148783
Sobic.003G298300,GRMZM2G148881
Sobic.003G146000,GRMZM2G148904
Sobic.003G146100,GRMZM2G148904
Sobic.004G146600,GRMZM2G148913
Sobic.001G019700,GRMZM2G148937
Sobic.003G297500,GRMZM2G149031
Sobic.003G297100,GRMZM2G149104
Sobic.003G296800,GRMZM2G149105
Sobic.004G180900,GRMZM2G149138
Sobic.004G226500,GRMZM2G149272
Sobic.001G314100,GRMZM2G149273
Sobic.010G271100,GRMZM2G149360
Sobic.010G271200,GRMZM2G149360
Sobic.010G271300,GRMZM2G149360
Sobic.005G087000,GRMZM2G149428
Sobic.003G439700,GRMZM2G149587
Sobic.006G000800,GRMZM2G149665
Sobic.007G001200,GRMZM2G149843
Sobic.006G260900,GRMZM2G149932
Sobic.006G135900,GRMZM2G149994
Sobic.006G199900,GRMZM2G150107
Sobic.009G086100,GRMZM2G150134
Sobic.004G013000,GRMZM2G150193
Sobic.009G077600,GRMZM2G150201
Sobic.010G239800,GRMZM2G150209
Sobic.009G087700,GRMZM2G150217
Sobic.006G261800,GRMZM2G150262
Sobic.010G238900,GRMZM2G150276
Sobic.010G239166,GRMZM2G150276
Sobic.010G239300,GRMZM2G150276
Sobic.010G239400,GRMZM2G150276
Sobic.007G119101,GRMZM2G150350
Sobic.009G046600,GRMZM2G150367
Sobic.009G046200,GRMZM2G150434
Sobic.009G045800,GRMZM2G150485
Sobic.002G264300,GRMZM2G150541
Sobic.004G349800,GRMZM2G150648
Sobic.010G248000,GRMZM2G150726
Sobic.002G076400,GRMZM2G150754
Sobic.002G180100,GRMZM2G150762
Sobic.001G371200,GRMZM2G150834
Sobic.010G268100,GRMZM2G151200
Sobic.004G192100,GRMZM2G151230
Sobic.003G280600,GRMZM2G151245
Sobic.005G000800,GRMZM2G151268
Sobic.007G132700,GRMZM2G151519
Sobic.003G280800,GRMZM2G151614
Sobic.007G151800,GRMZM2G151639
Sobic.002G130500,GRMZM2G151644
Sobic.008G139700,GRMZM2G151717
Sobic.008G136900,GRMZM2G151720
Sobic.001G425150,GRMZM2G151893
Sobic.002G429300,GRMZM2G151905
Sobic.002G429400,GRMZM2G151975
Sobic.001G344400,GRMZM2G152105
Sobic.001G301900,GRMZM2G152214
Sobic.004G355700,GRMZM2G152278
Sobic.008G161800,GRMZM2G152421
Sobic.008G034400,GRMZM2G152561
Sobic.004G203600,GRMZM2G152616
Sobic.007G040100,GRMZM2G152655
Sobic.008G034600,GRMZM2G152688
Sobic.001G170500,GRMZM2G152764
Sobic.010G037600,GRMZM2G152777
Sobic.010G038500,GRMZM2G152777
Sobic.010G038700,GRMZM2G152808
Sobic.006G042500,GRMZM2G152857
Sobic.006G042800,GRMZM2G152860
Sobic.009G142500,GRMZM2G152862
Sobic.001G448800,GRMZM2G152895
Sobic.001G344500,GRMZM2G152908
Sobic.005G127200,GRMZM2G152962
Sobic.004G118400,GRMZM2G152984
Sobic.003G221200,GRMZM2G153058
Sobic.003G305200,GRMZM2G153274
Sobic.002G294500,GRMZM2G153369
Sobic.002G294600,GRMZM2G153523
Sobic.009G062400,GRMZM2G153582
Sobic.002G295300,GRMZM2G153586
Sobic.004G111800,GRMZM2G153597
Sobic.004G111700,GRMZM2G153602
Sobic.010G190200,GRMZM2G153666
Sobic.005G007900,GRMZM2G153675
Sobic.007G146400,GRMZM2G153722
Sobic.004G044000,GRMZM2G153745
Sobic.003G084300,GRMZM2G153766
Sobic.001G193500,GRMZM2G153815
Sobic.004G043600,GRMZM2G153899
Sobic.004G030600,GRMZM2G154059
Sobic.001G408300,GRMZM2G154316
Sobic.008G163000,GRMZM2G154317
Sobic.006G144900,GRMZM2G154721
Sobic.006G145200,GRMZM2G154725
Sobic.005G121200,GRMZM2G154735
Sobic.007G206700,GRMZM2G154766
Sobic.010G256700,GRMZM2G154845
Sobic.010G256932,GRMZM2G154845
Sobic.010G067600,GRMZM2G154892
Sobic.003G115332,GRMZM2G154893
Sobic.010G232600,GRMZM2G155015
Sobic.008G118800,GRMZM2G155096
Sobic.006G160600,GRMZM2G155341
Sobic.010G106000,GRMZM2G155343
Sobic.008G118400,GRMZM2G155375
Sobic.006G160300,GRMZM2G155387
Sobic.005G003800,GRMZM2G155437
Sobic.004G326800,GRMZM2G155499
Sobic.006G163300,GRMZM2G155502
Sobic.006G160200,GRMZM2G155543
Sobic.010G035200,GRMZM2G155662
Sobic.009G222400,GRMZM2G155746
Sobic.006G180300,GRMZM2G155762
Sobic.006G180600,GRMZM2G155776
Sobic.005G126600,GRMZM2G155849
Sobic.009G031500,GRMZM2G155889
Sobic.006G054300,GRMZM2G155962
Sobic.008G113600,GRMZM2G155974
Sobic.008G113400,GRMZM2G155998
Sobic.004G264700,GRMZM2G156068
Sobic.010G248301,GRMZM2G156162
Sobic.006G208400,GRMZM2G156174
Sobic.010G102800,GRMZM2G156255
Sobic.004G264600,GRMZM2G156301
Sobic.004G264500,GRMZM2G156307
Sobic.010G102700,GRMZM2G156310
Sobic.004G264400,GRMZM2G156320
Sobic.001G440000,GRMZM2G156388
Sobic.004G328100,GRMZM2G156415
Sobic.010G149300,GRMZM2G156517
Sobic.010G148600,GRMZM2G156529
Sobic.010G148800,GRMZM2G156529
Sobic.003G085300,GRMZM2G156632
Sobic.003G085400,GRMZM2G156632
Sobic.003G109700,GRMZM2G156643
Sobic.003G109600,GRMZM2G156673
Sobic.003G085000,GRMZM2G156713
Sobic.001G179740,GRMZM2G156748
Sobic.010G112100,GRMZM2G156910
Sobic.003G269800,GRMZM2G157043
Sobic.010G110500,GRMZM2G157113
Sobic.010G110700,GRMZM2G157113
Sobic.004G227000,GRMZM2G157252
Sobic.001G153300,GRMZM2G157310
Sobic.006G029200,GRMZM2G157313
Sobic.009G083200,GRMZM2G157332
Sobic.003G238000,GRMZM2G157334
Sobic.006G029000,GRMZM2G157354
Sobic.007G180450,GRMZM2G157384
Sobic.004G344700,GRMZM2G157472
Sobic.009G083300,GRMZM2G157564
Sobic.003G218300,GRMZM2G157589
Sobic.002G413000,GRMZM2G157621
Sobic.001G364600,GRMZM2G157729
Sobic.010G052400,GRMZM2G157820
Sobic.008G154500,GRMZM2G157825
Sobic.008G154700,GRMZM2G157825
Sobic.008G154900,GRMZM2G157825
Sobic.004G263800,GRMZM2G157836
Sobic.008G154600,GRMZM2G157873
Sobic.008G154801,GRMZM2G157873
Sobic.008G155300,GRMZM2G157873
Sobic.003G147000,GRMZM2G158008
Sobic.009G235100,GRMZM2G158024
Sobic.006G089900,GRMZM2G158029
Sobic.006G090000,GRMZM2G158069
Sobic.006G090100,GRMZM2G158097
Sobic.006G009500,GRMZM2G158141
Sobic.001G222000,GRMZM2G158179
Sobic.002G307700,GRMZM2G158216
Sobic.005G082100,GRMZM2G158240
Sobic.001G220900,GRMZM2G158277
Sobic.006G065700,GRMZM2G158300
Sobic.004G182600,GRMZM2G158384
Sobic.010G206800,GRMZM2G158668
Sobic.009G250500,GRMZM2G158788
Sobic.004G312000,GRMZM2G158839
Sobic.004G311900,GRMZM2G158860
Sobic.002G253600,GRMZM2G158884
Sobic.002G204500,GRMZM2G159125
Sobic.002G394300,GRMZM2G159166
Sobic.002G375200,GRMZM2G159218
Sobic.002G374900,GRMZM2G159237
Sobic.002G375100,GRMZM2G159237
Sobic.006G052400,GRMZM2G159675
Sobic.004G199300,GRMZM2G159691
Sobic.001G071300,GRMZM2G159711
Sobic.010G169600,GRMZM2G159744
Sobic.003G024600,GRMZM2G159752
Sobic.005G154800,GRMZM2G159756
Sobic.005G155100,GRMZM2G159756
Sobic.006G018400,GRMZM2G159811
Sobic.001G441300,GRMZM2G159824
Sobic.008G002700,GRMZM2G159908
Sobic.010G119300,GRMZM2G159953
Sobic.001G036200,GRMZM2G160027
Sobic.006G143900,GRMZM2G160069
Sobic.010G190001,GRMZM2G160526
Sobic.010G190100,GRMZM2G160526
Sobic.009G156000,GRMZM2G160556
Sobic.001G108000,GRMZM2G160606
Sobic.004G153000,GRMZM2G160609
Sobic.001G108100,GRMZM2G160611
Sobic.003G189200,GRMZM2G160719
Sobic.009G162500,GRMZM2G160763
Sobic.008G114000,GRMZM2G160862
Sobic.008G114101,GRMZM2G160862
Sobic.009G178800,GRMZM2G161009
Sobic.003G412800,GRMZM2G161168
Sobic.001G196200,GRMZM2G161506
Sobic.001G389600,GRMZM2G161664
Sobic.010G221500,GRMZM2G161666
Sobic.010G022100,GRMZM2G161673
Sobic.001G289200,GRMZM2G161760
Sobic.001G317900,GRMZM2G161891
Sobic.001G318000,GRMZM2G161891
Sobic.003G016300,GRMZM2G161988
Sobic.007G017700,GRMZM2G162020
Sobic.007G016400,GRMZM2G162079
Sobic.010G173700,GRMZM2G162295
Sobic.003G361400,GRMZM2G162329
Sobic.002G091600,GRMZM2G162374
Sobic.009G249900,GRMZM2G162413
Sobic.009G250000,GRMZM2G162450
Sobic.001G413600,GRMZM2G162451
Sobic.001G413100,GRMZM2G162467
Sobic.006G188800,GRMZM2G162640
Sobic.009G174000,GRMZM2G162668
Sobic.004G219100,GRMZM2G162670
Sobic.005G030600,GRMZM2G162697
Sobic.008G163800,GRMZM2G162945
Sobic.008G163600,GRMZM2G162962
Sobic.008G163400,GRMZM2G162988
Sobic.004G096500,GRMZM2G162992
Sobic.008G187100,GRMZM2G163059
Sobic.008G186900,GRMZM2G163099
Sobic.002G332600,GRMZM2G163211
Sobic.004G004100,GRMZM2G163247
Sobic.002G332900,GRMZM2G163297
Sobic.002G333100,GRMZM2G163307
Sobic.004G199400,GRMZM2G163396
Sobic.008G053500,GRMZM2G163476
Sobic.008G072050,GRMZM2G163507
Sobic.008G070600,GRMZM2G163514
Sobic.008G070700,GRMZM2G163514
Sobic.009G166400,GRMZM2G163658
Sobic.007G002900,GRMZM2G163671
Sobic.007G002800,GRMZM2G163709
Sobic.007G002600,GRMZM2G163717
Sobic.007G002500,GRMZM2G163726
Sobic.002G079700,GRMZM2G163769
Sobic.010G031300,GRMZM2G163798
Sobic.007G177400,GRMZM2G163801
Sobic.003G255000,GRMZM2G163841
Sobic.004G290300,GRMZM2G163925
Sobic.003G256200,GRMZM2G163988
Sobic.005G065700,GRMZM2G164064
Sobic.005G066000,GRMZM2G164064
Sobic.005G066200,GRMZM2G164064
Sobic.005G066300,GRMZM2G164064
Sobic.005G066366,GRMZM2G164064
Sobic.005G066432,GRMZM2G164064
Sobic.005G066500,GRMZM2G164064
Sobic.005G066600,GRMZM2G164064
Sobic.009G149100,GRMZM2G164090
Sobic.007G132500,GRMZM2G164117
Sobic.002G301100,GRMZM2G164304
Sobic.001G371300,GRMZM2G164358
Sobic.004G113700,GRMZM2G164359
Sobic.008G176000,GRMZM2G164418
Sobic.001G106800,GRMZM2G164470
Sobic.010G131300,GRMZM2G164669
Sobic.009G142800,GRMZM2G164814
Sobic.010G224700,GRMZM2G164835
Sobic.008G169200,GRMZM2G164868
Sobic.010G174000,GRMZM2G164883
Sobic.010G002600,GRMZM2G164916
Sobic.002G267900,GRMZM2G164963
Sobic.002G074400,GRMZM2G165133
Sobic.004G200400,GRMZM2G165231
Sobic.001G038700,GRMZM2G165255
Sobic.004G200700,GRMZM2G165257
Sobic.001G039100,GRMZM2G165270
Sobic.009G080200,GRMZM2G165567
Sobic.003G063000,GRMZM2G165692
Sobic.001G141300,GRMZM2G165901
Sobic.004G040900,GRMZM2G165917
Sobic.004G037900,GRMZM2G165931
Sobic.001G537500,GRMZM2G165939
Sobic.002G299700,GRMZM2G165949
Sobic.004G037600,GRMZM2G165966
Sobic.004G041600,GRMZM2G166041
Sobic.001G140600,GRMZM2G166082
Sobic.001G140400,GRMZM2G166094
Sobic.004G041900,GRMZM2G166145
Sobic.004G042000,GRMZM2G166145
Sobic.003G261000,GRMZM2G166192
Sobic.002G114000,GRMZM2G166230
Sobic.002G114200,GRMZM2G166230
Sobic.002G114400,GRMZM2G166230
Sobic.002G114300,GRMZM2G166245
Sobic.002G114700,GRMZM2G166245
Sobic.003G338100,GRMZM2G166345
Sobic.003G283800,GRMZM2G166383
Sobic.003G283900,GRMZM2G166413
Sobic.003G101500,GRMZM2G166507
Sobic.005G125100,GRMZM2G166566
Sobic.005G037800,GRMZM2G166622
Sobic.005G037900,GRMZM2G166622
Sobic.005G038100,GRMZM2G166622
Sobic.010G060500,GRMZM2G166659
Sobic.008G008100,GRMZM2G166671
Sobic.005G138800,GRMZM2G166674
Sobic.007G155400,GRMZM2G166695
Sobic.008G008300,GRMZM2G166701
Sobic.007G123400,GRMZM2G166711
Sobic.004G251200,GRMZM2G166713
Sobic.005G138600,GRMZM2G166718
Sobic.008G009900,GRMZM2G166753
Sobic.001G281600,GRMZM2G166771
Sobic.005G138500,GRMZM2G166776
Sobic.003G398700,GRMZM2G166875
Sobic.003G398800,GRMZM2G166877
Sobic.006G148200,GRMZM2G166903
Sobic.002G401900,GRMZM2G166971
Sobic.004G002901,GRMZM2G167103
Sobic.004G003000,GRMZM2G167103
Sobic.002G181300,GRMZM2G167245
Sobic.001G366500,GRMZM2G167336
Sobic.001G366300,GRMZM2G167338
Sobic.003G184300,GRMZM2G167422
Sobic.003G440300,GRMZM2G167758
Sobic.003G440500,GRMZM2G167766
Sobic.003G442300,GRMZM2G167872
Sobic.002G159200,GRMZM2G167886
Sobic.001G447200,GRMZM2G167957
Sobic.003G363400,GRMZM2G168079
Sobic.010G112600,GRMZM2G168190
Sobic.010G094600,GRMZM2G168200
Sobic.001G245000,GRMZM2G168240
Sobic.001G542900,GRMZM2G168257
Sobic.001G542800,GRMZM2G168281
Sobic.010G029900,GRMZM2G168299
Sobic.010G107200,GRMZM2G168304
Sobic.001G542600,GRMZM2G168355
Sobic.003G444200,GRMZM2G168375
Sobic.004G246800,GRMZM2G168378
Sobic.003G075800,GRMZM2G168393
Sobic.004G093200,GRMZM2G168404
Sobic.003G444500,GRMZM2G168412
Sobic.004G258300,GRMZM2G168431
Sobic.003G445300,GRMZM2G168439
Sobic.005G196900,GRMZM2G168476
Sobic.008G075200,GRMZM2G168510
Sobic.003G437800,GRMZM2G168552
Sobic.009G004500,GRMZM2G168590
Sobic.004G053500,GRMZM2G168629
Sobic.002G317100,GRMZM2G168679
Sobic.002G242600,GRMZM2G168693
Sobic.001G326100,GRMZM2G168760
Sobic.004G053000,GRMZM2G168888
Sobic.006G158266,GRMZM2G168953
Sobic.006G158332,GRMZM2G168953
Sobic.004G052000,GRMZM2G169020
Sobic.002G378000,GRMZM2G169087
Sobic.010G170000,GRMZM2G169089
Sobic.005G140500,GRMZM2G169095
Sobic.001G297900,GRMZM2G169200
Sobic.010G205000,GRMZM2G169321
Sobic.003G357800,GRMZM2G169329
Sobic.010G204900,GRMZM2G169333
Sobic.001G485600,GRMZM2G169384
Sobic.001G485700,GRMZM2G169384
Sobic.003G365000,GRMZM2G169398
Sobic.003G365200,GRMZM2G169405
Sobic.006G112600,GRMZM2G169516
Sobic.003G279900,GRMZM2G169548
Sobic.003G279600,GRMZM2G169597
Sobic.004G230200,GRMZM2G169628
Sobic.006G196600,GRMZM2G169642
Sobic.006G196500,GRMZM2G169645
Sobic.006G112700,GRMZM2G169648
Sobic.010G153700,GRMZM2G169788
Sobic.004G036300,GRMZM2G169998
Sobic.005G155300,GRMZM2G170161
Sobic.010G026600,GRMZM2G170177
Sobic.007G024200,GRMZM2G170262
Sobic.007G024400,GRMZM2G170262
Sobic.002G266800,GRMZM2G170276
Sobic.004G310500,GRMZM2G170313
Sobic.007G204300,GRMZM2G170351
Sobic.003G241700,GRMZM2G170412
Sobic.003G198300,GRMZM2G170632
Sobic.009G040700,GRMZM2G170798
Sobic.001G368600,GRMZM2G170812
Sobic.001G367800,GRMZM2G170890
Sobic.002G048200,GRMZM2G170896
Sobic.003G399800,GRMZM2G170975
Sobic.010G176700,GRMZM2G171114
Sobic.003G121600,GRMZM2G171122
Sobic.010G209800,GRMZM2G171317
Sobic.010G209600,GRMZM2G171328
Sobic.004G084900,GRMZM2G171423
Sobic.001G527200,GRMZM2G171440
Sobic.001G527300,GRMZM2G171450
Sobic.004G085200,GRMZM2G171452
Sobic.001G527900,GRMZM2G171466
Sobic.001G528400,GRMZM2G171469
Sobic.004G085300,GRMZM2G171520
Sobic.002G316900,GRMZM2G171707
Sobic.006G003100,GRMZM2G171716
Sobic.003G049000,GRMZM2G171942
Sobic.001G090300,GRMZM2G171961
Sobic.001G520700,GRMZM2G171994
Sobic.001G089500,GRMZM2G172011
Sobic.001G394000,GRMZM2G172099
Sobic.002G399900,GRMZM2G172138
Sobic.004G345900,GRMZM2G172214
Sobic.005G084100,GRMZM2G172330
Sobic.005G132400,GRMZM2G172369
Sobic.003G079600,GRMZM2G172386
Sobic.003G079900,GRMZM2G172386
Sobic.010G217800,GRMZM2G172413
Sobic.001G483800,GRMZM2G172523
Sobic.010G015100,GRMZM2G172664
Sobic.003G381600,GRMZM2G172829
Sobic.007G131800,GRMZM2G172834
Sobic.005G025800,GRMZM2G173035
Sobic.009G191500,GRMZM2G173137
Sobic.002G304500,GRMZM2G173186
Sobic.009G183300,GRMZM2G173195
Sobic.008G169300,GRMZM2G173280
Sobic.007G189600,GRMZM2G173325
Sobic.006G270100,GRMZM2G173413
Sobic.006G270800,GRMZM2G173483
Sobic.006G115200,GRMZM2G173633
Sobic.006G115100,GRMZM2G173649
Sobic.006G271000,GRMZM2G173660
Sobic.007G186200,GRMZM2G173684
Sobic.009G202900,GRMZM2G173710
Sobic.007G096700,GRMZM2G173747
Sobic.002G087500,GRMZM2G173809
Sobic.010G026300,GRMZM2G173858
Sobic.003G313100,GRMZM2G173862
Sobic.003G312700,GRMZM2G173868
Sobic.009G168000,GRMZM2G173874
Sobic.002G085300,GRMZM2G173926
Sobic.001G214600,GRMZM2G173978
Sobic.001G215300,GRMZM2G174145
Sobic.007G203000,GRMZM2G174149
Sobic.010G129600,GRMZM2G174170
Sobic.010G105800,GRMZM2G174315
Sobic.003G078700,GRMZM2G174343
Sobic.009G161900,GRMZM2G174370
Sobic.004G293100,GRMZM2G174511
Sobic.004G021100,GRMZM2G174568
Sobic.004G021000,GRMZM2G174596
Sobic.004G113900,GRMZM2G174598
Sobic.004G020900,GRMZM2G174667
Sobic.004G020800,GRMZM2G174669
Sobic.006G004500,GRMZM2G174671
Sobic.007G074000,GRMZM2G174719
Sobic.007G074200,GRMZM2G174719
Sobic.007G074400,GRMZM2G174719
Sobic.008G060050,GRMZM2G174726
Sobic.008G060100,GRMZM2G174726
Sobic.007G089900,GRMZM2G174732
Sobic.006G004600,GRMZM2G174773
Sobic.006G004700,GRMZM2G174773
Sobic.006G004900,GRMZM2G174773
Sobic.006G005200,GRMZM2G174773
Sobic.007G036900,GRMZM2G174860
Sobic.007G071500,GRMZM2G174984
Sobic.003G126500,GRMZM2G175071
Sobic.003G047100,GRMZM2G175171
Sobic.003G047400,GRMZM2G175253
Sobic.010G095700,GRMZM2G175272
Sobic.009G022100,GRMZM2G175419
Sobic.009G022200,GRMZM2G175419
Sobic.006G080200,GRMZM2G175525
Sobic.010G240900,GRMZM2G175543
Sobic.006G039600,GRMZM2G175606
Sobic.004G118100,GRMZM2G175805
Sobic.009G123000,GRMZM2G176056
Sobic.002G198500,GRMZM2G176141
Sobic.007G204900,GRMZM2G176197
Sobic.002G423300,GRMZM2G176327
Sobic.002G050400,GRMZM2G176375
Sobic.005G121800,GRMZM2G176433
Sobic.002G223600,GRMZM2G176486
Sobic.001G144600,GRMZM2G176688
Sobic.001G144300,GRMZM2G176723
Sobic.001G144400,GRMZM2G176723
Sobic.006G003400,GRMZM2G176737
Sobic.006G003501,GRMZM2G176737
Sobic.006G003500,GRMZM2G176737
Sobic.006G003700,GRMZM2G176737
Sobic.001G144200,GRMZM2G176748
Sobic.002G101300,GRMZM2G176977
Sobic.002G101400,GRMZM2G176977
Sobic.006G009100,GRMZM2G176998
Sobic.008G137800,GRMZM2G177019
Sobic.006G030800,GRMZM2G177077
Sobic.002G359700,GRMZM2G177110
Sobic.006G275200,GRMZM2G177151
Sobic.002G021200,GRMZM2G177165
Sobic.010G215500,GRMZM2G177169
Sobic.006G031200,GRMZM2G177203
Sobic.006G275100,GRMZM2G177213
Sobic.006G275000,GRMZM2G177224
Sobic.003G360400,GRMZM2G177324
Sobic.006G273800,GRMZM2G177340
Sobic.006G234100,GRMZM2G177412
Sobic.006G234466,GRMZM2G177491
Sobic.010G032200,GRMZM2G177636
Sobic.007G212600,GRMZM2G177720
Sobic.010G028600,GRMZM2G177726
Sobic.001G119600,GRMZM2G177885
Sobic.008G021300,GRMZM2G177895
Sobic.008G021200,GRMZM2G177912
Sobic.001G446200,GRMZM2G177914
Sobic.001G118800,GRMZM2G177942
Sobic.001G446100,GRMZM2G177982
Sobic.006G282100,GRMZM2G178062
Sobic.001G507400,GRMZM2G178072
Sobic.002G260600,GRMZM2G178182
Sobic.001G462500,GRMZM2G178190
Sobic.001G462300,GRMZM2G178215
Sobic.001G442600,GRMZM2G178289
Sobic.010G171501,GRMZM2G178432
Sobic.004G299200,GRMZM2G178435
Sobic.001G303900,GRMZM2G178546
Sobic.001G361900,GRMZM2G178645
Sobic.001G361700,GRMZM2G178663
Sobic.009G031800,GRMZM2G178686
Sobic.010G016900,GRMZM2G178756
Sobic.001G489000,GRMZM2G178775
Sobic.001G489300,GRMZM2G178787
Sobic.001G489400,GRMZM2G178826
Sobic.001G490000,GRMZM2G178880
Sobic.001G490800,GRMZM2G178916
Sobic.002G258400,GRMZM2G178917
Sobic.004G334300,GRMZM2G178919
Sobic.004G334400,GRMZM2G178955
Sobic.004G334800,GRMZM2G178972
Sobic.003G276100,GRMZM2G179215
Sobic.002G313600,GRMZM2G179459
Sobic.002G313300,GRMZM2G179500
Sobic.003G129400,GRMZM2G179504
Sobic.006G258500,GRMZM2G179523
Sobic.006G258400,GRMZM2G179532
Sobic.009G080900,GRMZM2G179679
Sobic.003G232700,GRMZM2G179693
Sobic.007G126900,GRMZM2G179800
Sobic.010G259400,GRMZM2G180319
Sobic.006G225600,GRMZM2G180471
Sobic.007G087400,GRMZM2G180547
Sobic.006G122200,GRMZM2G180716
Sobic.002G368901,GRMZM2G180950
Sobic.004G084200,GRMZM2G180971
Sobic.003G148900,GRMZM2G180990
Sobic.006G192000,GRMZM2G181021
Sobic.008G016200,GRMZM2G181081
Sobic.001G472500,GRMZM2G181148
Sobic.004G322200,GRMZM2G181336
Sobic.004G322000,GRMZM2G181358
Sobic.001G468100,GRMZM2G181568
Sobic.010G276400,GRMZM2G300348
Sobic.006G133400,GRMZM2G300569
Sobic.007G223900,GRMZM2G301148
Sobic.003G041801,GRMZM2G301376
Sobic.001G180000,GRMZM2G301405
Sobic.006G182800,GRMZM2G301485
Sobic.004G093100,GRMZM2G301512
Sobic.004G093000,GRMZM2G301513
Sobic.004G283400,GRMZM2G301585
Sobic.004G323500,GRMZM2G301647
Sobic.002G314700,GRMZM2G301738
Sobic.007G222600,GRMZM2G301908
Sobic.003G414300,GRMZM2G302045
Sobic.003G413800,GRMZM2G302074
Sobic.007G023600,GRMZM2G302160
Sobic.005G197300,GRMZM2G302233
Sobic.007G023400,GRMZM2G302259
Sobic.008G119700,GRMZM2G302279
Sobic.008G119800,GRMZM2G302279
Sobic.007G054400,GRMZM2G302323
Sobic.003G303700,GRMZM2G302639
Sobic.008G141900,GRMZM2G302891
Sobic.004G058300,GRMZM2G303086
Sobic.009G086300,GRMZM2G303168
Sobic.004G046400,GRMZM2G303374
Sobic.003G419800,GRMZM2G303587
Sobic.003G134400,GRMZM2G304091
Sobic.003G134100,GRMZM2G304121
Sobic.005G015300,GRMZM2G304212
Sobic.010G226100,GRMZM2G304372
Sobic.010G226500,GRMZM2G304372
Sobic.002G077500,GRMZM2G304548
Sobic.002G077600,GRMZM2G304548
Sobic.002G078800,GRMZM2G304548
Sobic.003G200501,GRMZM2G304575
Sobic.003G021100,GRMZM2G304687
Sobic.001G417000,GRMZM2G305027
Sobic.001G416800,GRMZM2G305046
Sobic.001G416900,GRMZM2G305046
Sobic.002G252800,GRMZM2G305864
Sobic.007G224700,GRMZM2G306032
Sobic.006G015400,GRMZM2G306237
Sobic.006G126800,GRMZM2G306348
Sobic.006G127350,GRMZM2G306348
Sobic.003G254400,GRMZM2G306412
Sobic.001G399800,GRMZM2G306482
Sobic.003G156600,GRMZM2G306610
Sobic.009G112500,GRMZM2G306851
Sobic.004G354100,GRMZM2G307088
Sobic.006G085700,GRMZM2G307262
Sobic.010G279600,GRMZM2G307402
Sobic.008G193300,GRMZM2G307561
Sobic.008G193200,GRMZM2G307600
Sobic.003G429401,GRMZM2G307756
Sobic.001G342000,GRMZM2G308735
Sobic.007G023300,GRMZM2G308944
Sobic.010G098700,GRMZM2G309035
Sobic.002G322500,GRMZM2G309048
Sobic.007G061500,GRMZM2G309109
Sobic.003G029500,GRMZM2G309568
Sobic.004G259500,GRMZM2G309950
Sobic.010G176800,GRMZM2G310144
Sobic.004G288900,GRMZM2G310410
Sobic.002G068400,GRMZM2G310548
Sobic.005G121300,GRMZM2G311011
Sobic.002G317500,GRMZM2G311187
Sobic.003G345000,GRMZM2G311220
Sobic.003G256900,GRMZM2G311680
Sobic.009G096300,GRMZM2G312221
Sobic.004G190900,GRMZM2G312806
Sobic.001G191700,GRMZM2G312974
Sobic.008G038100,GRMZM2G313320
Sobic.001G012800,GRMZM2G313481
Sobic.001G359700,GRMZM2G313529
Sobic.003G281300,GRMZM2G313737
Sobic.010G122666,GRMZM2G313761
Sobic.010G122800,GRMZM2G313761
Sobic.010G122900,GRMZM2G313761
Sobic.010G123000,GRMZM2G313816
Sobic.001G344700,GRMZM2G314769
Sobic.001G344800,GRMZM2G314769
Sobic.001G344900,GRMZM2G314769
Sobic.007G092600,GRMZM2G315072
Sobic.004G294200,GRMZM2G315079
Sobic.004G001600,GRMZM2G315594
Sobic.002G122300,GRMZM2G315734
Sobic.001G301700,GRMZM2G315786
Sobic.006G136600,GRMZM2G315885
Sobic.002G290100,GRMZM2G315902
Sobic.007G225000,GRMZM2G315931
Sobic.003G378500,GRMZM2G316214
Sobic.007G175600,GRMZM2G316275
Sobic.003G377100,GRMZM2G316362
Sobic.003G363100,GRMZM2G316534
Sobic.004G328900,GRMZM2G316778
Sobic.004G328800,GRMZM2G316787
Sobic.001G299700,GRMZM2G316827
Sobic.003G265900,GRMZM2G316907
Sobic.006G087300,GRMZM2G316925
Sobic.001G389300,GRMZM2G317262
Sobic.001G097700,GRMZM2G317614
Sobic.008G077900,GRMZM2G317731
Sobic.001G432400,GRMZM2G317895
Sobic.010G002700,GRMZM2G318010
Sobic.002G256601,GRMZM2G318220
Sobic.002G423000,GRMZM2G318296
Sobic.004G091600,GRMZM2G318689
Sobic.010G150100,GRMZM2G319595
Sobic.009G206700,GRMZM2G319747
Sobic.008G018000,GRMZM2G319878
Sobic.008G011700,GRMZM2G319965
Sobic.002G202000,GRMZM2G320140
Sobic.007G187600,GRMZM2G320723
Sobic.003G239500,GRMZM2G321290
Sobic.002G130900,GRMZM2G321767
Sobic.003G102700,GRMZM2G322047
Sobic.010G235000,GRMZM2G322328
Sobic.004G015500,GRMZM2G322348
Sobic.006G191100,GRMZM2G322506
Sobic.006G190300,GRMZM2G322582
Sobic.006G190000,GRMZM2G322586
Sobic.004G112100,GRMZM2G322593
Sobic.002G396400,GRMZM2G322618
Sobic.006G193500,GRMZM2G322634
Sobic.002G054901,GRMZM2G322641
Sobic.002G055100,GRMZM2G322641
Sobic.002G123000,GRMZM2G322661
Sobic.005G134600,GRMZM2G322844
Sobic.010G200600,GRMZM2G322888
Sobic.010G200000,GRMZM2G322892
Sobic.009G152700,GRMZM2G322953
Sobic.009G224200,GRMZM2G323387
Sobic.002G228200,GRMZM2G323504
Sobic.004G295400,GRMZM2G323719
Sobic.008G114900,GRMZM2G323936
Sobic.008G066000,GRMZM2G324157
Sobic.010G113800,GRMZM2G324375
Sobic.002G035900,GRMZM2G324471
Sobic.001G454600,GRMZM2G324478
Sobic.002G037700,GRMZM2G324507
Sobic.002G037600,GRMZM2G324544
Sobic.006G226000,GRMZM2G324767
Sobic.006G225700,GRMZM2G324781
Sobic.006G225900,GRMZM2G324781
Sobic.004G027300,GRMZM2G324863
Sobic.003G182800,GRMZM2G324903
Sobic.004G026300,GRMZM2G324956
Sobic.003G029900,GRMZM2G325612
Sobic.010G179800,GRMZM2G325650
Sobic.010G145800,GRMZM2G325679
Sobic.008G106700,GRMZM2G326116
Sobic.008G106800,GRMZM2G326116
Sobic.010G209900,GRMZM2G326734
Sobic.001G128000,GRMZM2G327260
Sobic.009G084600,GRMZM2G327741
Sobic.003G110200,GRMZM2G328094
Sobic.003G143300,GRMZM2G328205
Sobic.003G345600,GRMZM2G328341
Sobic.008G099900,GRMZM2G328427
Sobic.002G381200,GRMZM2G328593
Sobic.008G154300,GRMZM2G328780
Sobic.009G166300,GRMZM2G328988
Sobic.001G457800,GRMZM2G329014
Sobic.001G365800,GRMZM2G329144
Sobic.010G086400,GRMZM2G329195
Sobic.010G085900,GRMZM2G329293
Sobic.010G085600,GRMZM2G329306
Sobic.003G386700,GRMZM2G329325
Sobic.006G015300,GRMZM2G329559
Sobic.010G038400,GRMZM2G329710
Sobic.007G094200,GRMZM2G329957
Sobic.010G079500,GRMZM2G330024
Sobic.010G229500,GRMZM2G330394
Sobic.006G082900,GRMZM2G330424
Sobic.009G202200,GRMZM2G330693
Sobic.001G197300,GRMZM2G330751
Sobic.001G308900,GRMZM2G331154
Sobic.002G132600,GRMZM2G331533
Sobic.008G134300,GRMZM2G332280
Sobic.008G134500,GRMZM2G332280
Sobic.007G218500,GRMZM2G332522
Sobic.007G218700,GRMZM2G332522
Sobic.007G185801,GRMZM2G332660
Sobic.007G213600,GRMZM2G332809
Sobic.001G042000,GRMZM2G332976
Sobic.009G081900,GRMZM2G333079
Sobic.001G177700,GRMZM2G333140
Sobic.003G077500,GRMZM2G333512
Sobic.010G239700,GRMZM2G333875
Sobic.010G242300,GRMZM2G333875
Sobic.010G242400,GRMZM2G333875
Sobic.010G100800,GRMZM2G334409
Sobic.009G137600,GRMZM2G334899
Sobic.005G064100,GRMZM2G335126
Sobic.003G370400,GRMZM2G335218
Sobic.002G221500,GRMZM2G335419
Sobic.001G367600,GRMZM2G335604
Sobic.010G175800,GRMZM2G335618
Sobic.003G188300,GRMZM2G335720
Sobic.004G074600,GRMZM2G336761
Sobic.001G067800,GRMZM2G336783
Sobic.004G075100,GRMZM2G336800
Sobic.001G077100,GRMZM2G336902
Sobic.009G164300,GRMZM2G336908
Sobic.007G171600,GRMZM2G337128
Sobic.001G189900,GRMZM2G337330
Sobic.007G054900,GRMZM2G337387
Sobic.010G126900,GRMZM2G337768
Sobic.002G352301,GRMZM2G337892
Sobic.003G187700,GRMZM2G338158
Sobic.003G188100,GRMZM2G338161
Sobic.009G251700,GRMZM2G338661
Sobic.009G251600,GRMZM2G338696
Sobic.010G006900,GRMZM2G339129
Sobic.003G227200,GRMZM2G339503
Sobic.001G198000,GRMZM2G339562
Sobic.003G353500,GRMZM2G339736
Sobic.003G274100,GRMZM2G339781
Sobic.004G060000,GRMZM2G339909
Sobic.003G278300,GRMZM2G339957
Sobic.006G260200,GRMZM2G340084
Sobic.009G180600,GRMZM2G340224
Sobic.002G253200,GRMZM2G340534
Sobic.008G057300,GRMZM2G340721
Sobic.008G057000,GRMZM2G340756
Sobic.002G187100,GRMZM2G340933
Sobic.007G087700,GRMZM2G341058
Sobic.002G139200,GRMZM2G341253
Sobic.002G209100,GRMZM2G341499
Sobic.004G265400,GRMZM2G342515
Sobic.004G293300,GRMZM2G342691
Sobic.001G498900,GRMZM2G342807
Sobic.008G159601,GRMZM2G342821
Sobic.006G265100,GRMZM2G343144
Sobic.006G265400,GRMZM2G343149
Sobic.006G007300,GRMZM2G343291
Sobic.002G284800,GRMZM2G343361
Sobic.009G249400,GRMZM2G343428
Sobic.010G183500,GRMZM2G343563
Sobic.008G055000,GRMZM2G344339
Sobic.006G175800,GRMZM2G344476
Sobic.006G175900,GRMZM2G344476
Sobic.005G031700,GRMZM2G344857
Sobic.009G228900,GRMZM2G345039
Sobic.002G026700,GRMZM2G345189
Sobic.002G026800,GRMZM2G345189
Sobic.002G026900,GRMZM2G345189
Sobic.002G027100,GRMZM2G345189
Sobic.002G027300,GRMZM2G345189
Sobic.002G025400,GRMZM2G345270
Sobic.005G165201,GRMZM2G345622
Sobic.005G165400,GRMZM2G345622
Sobic.005G165500,GRMZM2G345622
Sobic.004G215600,GRMZM2G346278
Sobic.002G331900,GRMZM2G346499
Sobic.002G332000,GRMZM2G346499
Sobic.004G291300,GRMZM2G346601
Sobic.002G088200,GRMZM2G346757
Sobic.002G156900,GRMZM2G346865
Sobic.002G160100,GRMZM2G346865
Sobic.004G358000,GRMZM2G347047
Sobic.006G010000,GRMZM2G347623
Sobic.001G114200,GRMZM2G347645
Sobic.006G022301,GRMZM2G347693
Sobic.001G414650,GRMZM2G347717
Sobic.002G175500,GRMZM2G347743
Sobic.002G010000,GRMZM2G347995
Sobic.010G093400,GRMZM2G348551
Sobic.008G105800,GRMZM2G349187
Sobic.008G106200,GRMZM2G349187
Sobic.008G107100,GRMZM2G349187
Sobic.008G107200,GRMZM2G349187
Sobic.003G119100,GRMZM2G349193
Sobic.006G078100,GRMZM2G349709
Sobic.010G183700,GRMZM2G349834
Sobic.004G272500,GRMZM2G350157
Sobic.002G011000,GRMZM2G350357
Sobic.002G403300,GRMZM2G350773
Sobic.004G046600,GRMZM2G351027
Sobic.004G056300,GRMZM2G351747
Sobic.009G113000,GRMZM2G351775
Sobic.009G026800,GRMZM2G351937
Sobic.009G026900,GRMZM2G351941
Sobic.003G210100,GRMZM2G351990
Sobic.003G131900,GRMZM2G352413
Sobic.002G299500,GRMZM2G352428
Sobic.002G128600,GRMZM2G352855
Sobic.001G496900,GRMZM2G352898
Sobic.005G015200,GRMZM2G353024
Sobic.002G112000,GRMZM2G353091
Sobic.009G089532,GRMZM2G353107
Sobic.009G090400,GRMZM2G353107
Sobic.003G130200,GRMZM2G353266
Sobic.003G130400,GRMZM2G353266
Sobic.002G427400,GRMZM2G353276
Sobic.002G242400,GRMZM2G353446
Sobic.010G125000,GRMZM2G353729
Sobic.010G064200,GRMZM2G353905
Sobic.006G216400,GRMZM2G354209
Sobic.007G147200,GRMZM2G354373
Sobic.008G002800,GRMZM2G354558
Sobic.008G003200,GRMZM2G354558
Sobic.007G008500,GRMZM2G354618
Sobic.001G540300,GRMZM2G354851
Sobic.006G089000,GRMZM2G355469
Sobic.009G019400,GRMZM2G355742
Sobic.004G116500,GRMZM2G356034
Sobic.004G309700,GRMZM2G356046
Sobic.002G195000,GRMZM2G356103
Sobic.003G428900,GRMZM2G356714
Sobic.004G199200,GRMZM2G356935
Sobic.002G414900,GRMZM2G357683
Sobic.002G373950,GRMZM2G358381
Sobic.009G088500,GRMZM2G358606
Sobic.003G009501,GRMZM2G358977
Sobic.002G376000,GRMZM2G358987
Sobic.001G331000,GRMZM2G359033
Sobic.007G189500,GRMZM2G359102
Sobic.001G340800,GRMZM2G359314
Sobic.002G202100,GRMZM2G359521
Sobic.010G047800,GRMZM2G359904
Sobic.007G098400,GRMZM2G359986
Sobic.007G004100,GRMZM2G360352
Sobic.004G218000,GRMZM2G360389
Sobic.002G346200,GRMZM2G360517
Sobic.006G178400,GRMZM2G360529
Sobic.008G047500,GRMZM2G360698
Sobic.004G265700,GRMZM2G361074
Sobic.001G491200,GRMZM2G361256
Sobic.009G081700,GRMZM2G362163
Sobic.008G147700,GRMZM2G362306
Sobic.010G111900,GRMZM2G362410
Sobic.002G039800,GRMZM2G362718
Sobic.010G229801,GRMZM2G362726
Sobic.004G247700,GRMZM2G362823
Sobic.009G103300,GRMZM2G363253
Sobic.009G000700,GRMZM2G363429
Sobic.007G022200,GRMZM2G363540
Sobic.007G019700,GRMZM2G363557
Sobic.002G126500,GRMZM2G363715
Sobic.006G022800,GRMZM2G363926
Sobic.006G023000,GRMZM2G363926
Sobic.006G023900,GRMZM2G363926
Sobic.006G200901,GRMZM2G364060
Sobic.002G114800,GRMZM2G365035
Sobic.004G077300,GRMZM2G365185
Sobic.003G065700,GRMZM2G365497
Sobic.002G218700,GRMZM2G365515
Sobic.002G276500,GRMZM2G365613
Sobic.009G033400,GRMZM2G365774
Sobic.002G220000,GRMZM2G366101
Sobic.004G211900,GRMZM2G366392
Sobic.009G170900,GRMZM2G366851
Sobic.009G187700,GRMZM2G366873
Sobic.001G100501,GRMZM2G367094
Sobic.001G100600,GRMZM2G367094
Sobic.005G146800,GRMZM2G367348
Sobic.003G443200,GRMZM2G367701
Sobic.003G193600,GRMZM2G368556
Sobic.001G219700,GRMZM2G368755
Sobic.006G252300,GRMZM2G368898
Sobic.003G249600,GRMZM2G369047
Sobic.003G349100,GRMZM2G370044
Sobic.006G082250,GRMZM2G371017
Sobic.006G082300,GRMZM2G371017
Sobic.003G406900,GRMZM2G371079
Sobic.004G280301,GRMZM2G371486
Sobic.009G135400,GRMZM2G371524
Sobic.003G157400,GRMZM2G371670
Sobic.005G156201,GRMZM2G372058
Sobic.005G156500,GRMZM2G372068
Sobic.005G156600,GRMZM2G372068
Sobic.005G156800,GRMZM2G372068
Sobic.007G199600,GRMZM2G372171
Sobic.001G333000,GRMZM2G372632
Sobic.004G184700,GRMZM2G372633
Sobic.009G221701,GRMZM2G372985
Sobic.003G156000,GRMZM2G373106
Sobic.004G028100,GRMZM2G373914
Sobic.003G017200,GRMZM2G373928
Sobic.009G154400,GRMZM2G373958
Sobic.004G032300,GRMZM2G374074
Sobic.004G032800,GRMZM2G374088
Sobic.001G206500,GRMZM2G374385
Sobic.005G086400,GRMZM2G375517
Sobic.003G216800,GRMZM2G375707
Sobic.003G216901,GRMZM2G375707
Sobic.003G236000,GRMZM2G375975
Sobic.002G221800,GRMZM2G376548
Sobic.001G200700,GRMZM2G376743
Sobic.010G073300,GRMZM2G376809
Sobic.008G078000,GRMZM2G377079
Sobic.008G078100,GRMZM2G377079
Sobic.008G078200,GRMZM2G377079
Sobic.007G201200,GRMZM2G377143
Sobic.004G255100,GRMZM2G377161
Sobic.004G298400,GRMZM2G377217
Sobic.006G142600,GRMZM2G377641
Sobic.004G278900,GRMZM2G378073
Sobic.001G467400,GRMZM2G378217
Sobic.010G251400,GRMZM2G378762
Sobic.003G333000,GRMZM2G379035
Sobic.005G199400,GRMZM2G379252
Sobic.003G006400,GRMZM2G379286
Sobic.007G120100,GRMZM2G379445
Sobic.007G120200,GRMZM2G379445
Sobic.006G183400,GRMZM2G379540
Sobic.002G398100,GRMZM2G379770
Sobic.002G398200,GRMZM2G379770
Sobic.004G289700,GRMZM2G380242
Sobic.010G016500,GRMZM2G380377
Sobic.004G249800,GRMZM2G380457
Sobic.002G226000,GRMZM2G381059
Sobic.002G226100,GRMZM2G381059
Sobic.002G226400,GRMZM2G381071
Sobic.009G045100,GRMZM2G381129
Sobic.003G140000,GRMZM2G381376
Sobic.001G237500,GRMZM2G381453
Sobic.006G004400,GRMZM2G381691
Sobic.002G057300,GRMZM2G381769
Sobic.007G063600,GRMZM2G382323
Sobic.007G063900,GRMZM2G382323
Sobic.003G024700,GRMZM2G382379
Sobic.004G355200,GRMZM2G383210
Sobic.010G120200,GRMZM2G383404
Sobic.001G144100,GRMZM2G383735
Sobic.002G416300,GRMZM2G383937
Sobic.001G008800,GRMZM2G384070
Sobic.006G250400,GRMZM2G384255
Sobic.004G003900,GRMZM2G384293
Sobic.001G007300,GRMZM2G384338
Sobic.008G095200,GRMZM2G384695
Sobic.009G188100,GRMZM2G384755
Sobic.010G223100,GRMZM2G385182
Sobic.004G075700,GRMZM2G385338
Sobic.007G196100,GRMZM2G385619
Sobic.010G080500,GRMZM2G385948
Sobic.002G135400,GRMZM2G386138
Sobic.002G135500,GRMZM2G386138
Sobic.002G135600,GRMZM2G386138
Sobic.002G135700,GRMZM2G386138
Sobic.003G014600,GRMZM2G386170
Sobic.003G014766,GRMZM2G386170
Sobic.010G161400,GRMZM2G386171
Sobic.009G133800,GRMZM2G386229
Sobic.006G164800,GRMZM2G386430
Sobic.008G017900,GRMZM2G386802
Sobic.001G456800,GRMZM2G386998
Sobic.009G087100,GRMZM2G387227
Sobic.001G200800,GRMZM2G387360
Sobic.001G200900,GRMZM2G387360
Sobic.009G215000,GRMZM2G387594
Sobic.009G215100,GRMZM2G387603
Sobic.009G184800,GRMZM2G388371
Sobic.007G197400,GRMZM2G388778
Sobic.010G213500,GRMZM2G388987
Sobic.009G058400,GRMZM2G389070
Sobic.009G046800,GRMZM2G389118
Sobic.002G231100,GRMZM2G389379
Sobic.004G018200,GRMZM2G389768
Sobic.001G251400,GRMZM2G390432
Sobic.007G028500,GRMZM2G390489
Sobic.001G269200,GRMZM2G390678
Sobic.001G269400,GRMZM2G390678
Sobic.001G269600,GRMZM2G390678
Sobic.001G269700,GRMZM2G390678
Sobic.001G269800,GRMZM2G390678
Sobic.003G024500,GRMZM2G390889
Sobic.003G024400,GRMZM2G390896
Sobic.007G105700,GRMZM2G391000
Sobic.005G198400,GRMZM2G391164
Sobic.006G172500,GRMZM2G391286
Sobic.004G031700,GRMZM2G391413
Sobic.006G170400,GRMZM2G392040
Sobic.001G204400,GRMZM2G392823
Sobic.003G263800,GRMZM2G393150
Sobic.001G535500,GRMZM2G393334
Sobic.007G207600,GRMZM2G393337
Sobic.003G006100,GRMZM2G393347
Sobic.001G449200,GRMZM2G393507
Sobic.001G534132,GRMZM2G393536
Sobic.002G062000,GRMZM2G395128
Sobic.003G415400,GRMZM2G395429
Sobic.008G147800,GRMZM2G395549
Sobic.003G267400,GRMZM2G395672
Sobic.001G040800,GRMZM2G395844
Sobic.008G087900,GRMZM2G395853
Sobic.001G256200,GRMZM2G396070
Sobic.003G362700,GRMZM2G396248
Sobic.010G116200,GRMZM2G396632
Sobic.009G161401,GRMZM2G397261
Sobic.004G194400,GRMZM2G397540
Sobic.002G165500,GRMZM2G398089
Sobic.007G192400,GRMZM2G398135
Sobic.001G381600,GRMZM2G398288
Sobic.001G027100,GRMZM2G398668
Sobic.006G156500,GRMZM2G399048
Sobic.002G214600,GRMZM2G399284
Sobic.006G043800,GRMZM2G399530
Sobic.006G044100,GRMZM2G399530
Sobic.001G016100,GRMZM2G399750
Sobic.001G016300,GRMZM2G399750
Sobic.001G016350,GRMZM2G399750
Sobic.006G248801,GRMZM2G400109
Sobic.007G030800,GRMZM2G400135
Sobic.002G342700,GRMZM2G400169
Sobic.008G001200,GRMZM2G400238
Sobic.003G137600,GRMZM2G400497
Sobic.005G014200,GRMZM2G400559
Sobic.009G252200,GRMZM2G401721
Sobic.009G098000,GRMZM2G401830
Sobic.004G051200,GRMZM2G401869
Sobic.008G067100,GRMZM2G401934
Sobic.006G171100,GRMZM2G401975
Sobic.006G171200,GRMZM2G401983
Sobic.001G123700,GRMZM2G402039
Sobic.002G069700,GRMZM2G402165
Sobic.002G425300,GRMZM2G402262
Sobic.002G424900,GRMZM2G402307
Sobic.004G342600,GRMZM2G402319
Sobic.007G043700,GRMZM2G402653
Sobic.003G427000,GRMZM2G402708
Sobic.010G269000,GRMZM2G402862
Sobic.001G177300,GRMZM2G403218
Sobic.008G187200,GRMZM2G403313
Sobic.008G158900,GRMZM2G403475
Sobic.005G034700,GRMZM2G403562
Sobic.001G141800,GRMZM2G403719
Sobic.009G238100,GRMZM2G403797
Sobic.010G155800,GRMZM2G404081
Sobic.008G096200,GRMZM2G404132
Sobic.007G045100,GRMZM2G404530
Sobic.007G045300,GRMZM2G404530
Sobic.010G159400,GRMZM2G404888
Sobic.001G217000,GRMZM2G405090
Sobic.010G100600,GRMZM2G405133
Sobic.008G149500,GRMZM2G405385
Sobic.009G229500,GRMZM2G405706
Sobic.004G231900,GRMZM2G405815
Sobic.006G274800,GRMZM2G406074
Sobic.006G274700,GRMZM2G406099
Sobic.010G277900,GRMZM2G406101
Sobic.006G274400,GRMZM2G406119
Sobic.001G038400,GRMZM2G406974
Sobic.009G142000,GRMZM2G408096
Sobic.003G230100,GRMZM2G408537
Sobic.003G277400,GRMZM2G408706
Sobic.001G113900,GRMZM2G408897
Sobic.002G293700,GRMZM2G409224
Sobic.003G198500,GRMZM2G409343
Sobic.002G001800,GRMZM2G409771
Sobic.006G142000,GRMZM2G410083
Sobic.004G099400,GRMZM2G410293
Sobic.009G185700,GRMZM2G410318
Sobic.009G215600,GRMZM2G410352
Sobic.005G134200,GRMZM2G410567
Sobic.004G045100,GRMZM2G410963
Sobic.004G088900,GRMZM2G411561
Sobic.001G417700,GRMZM2G412075
Sobic.002G156400,GRMZM2G412276
Sobic.001G227500,GRMZM2G412304
Sobic.010G143500,GRMZM2G412611
Sobic.002G370900,GRMZM2G412888
Sobic.004G124500,GRMZM2G412899
Sobic.002G270600,GRMZM2G412911
Sobic.002G059100,GRMZM2G412981
Sobic.004G094300,GRMZM2G413069
Sobic.010G275001,GRMZM2G413135
Sobic.004G118500,GRMZM2G413193
Sobic.001G538866,GRMZM2G413337
Sobic.009G233900,GRMZM2G413647
Sobic.009G233700,GRMZM2G413652
Sobic.001G194600,GRMZM2G414159
Sobic.004G273600,GRMZM2G414304
Sobic.009G247700,GRMZM2G414315
Sobic.009G145900,GRMZM2G414373
Sobic.002G056400,GRMZM2G414496
Sobic.002G056701,GRMZM2G414496
Sobic.003G373700,GRMZM2G414696
Sobic.010G216100,GRMZM2G414826
Sobic.008G054600,GRMZM2G414866
Sobic.006G185800,GRMZM2G414915
Sobic.003G442700,GRMZM2G415538
Sobic.006G018200,GRMZM2G415579
Sobic.006G018300,GRMZM2G415579
Sobic.004G196400,GRMZM2G416061
Sobic.009G253101,GRMZM2G416201
Sobic.009G082600,GRMZM2G416308
Sobic.010G250200,GRMZM2G416386
Sobic.003G115700,GRMZM2G416817
Sobic.009G260200,GRMZM2G417164
Sobic.001G162300,GRMZM2G417223
Sobic.004G351600,GRMZM2G417682
Sobic.001G246900,GRMZM2G418031
Sobic.001G247000,GRMZM2G418031
Sobic.002G341600,GRMZM2G418415
Sobic.003G383800,GRMZM2G418689
Sobic.006G028600,GRMZM2G418985
Sobic.007G121200,GRMZM2G419409
Sobic.002G190100,GRMZM2G419606
Sobic.006G009800,GRMZM2G419826
Sobic.004G049800,GRMZM2G419953
Sobic.002G380000,GRMZM2G419969
Sobic.004G049400,GRMZM2G419994
Sobic.004G049300,GRMZM2G420004
Sobic.004G048900,GRMZM2G420010
Sobic.003G194100,GRMZM2G420119
Sobic.006G098500,GRMZM2G420713
Sobic.007G020800,GRMZM2G420812
Sobic.007G020900,GRMZM2G420812
Sobic.007G022400,GRMZM2G420812
Sobic.003G068500,GRMZM2G421669
Sobic.003G069601,GRMZM2G421669
Sobic.003G069750,GRMZM2G421669
Sobic.008G061000,GRMZM2G422175
Sobic.004G327900,GRMZM2G422190
Sobic.004G020401,GRMZM2G423129
Sobic.004G020300,GRMZM2G423137
Sobic.001G040400,GRMZM2G423139
Sobic.003G205400,GRMZM2G423169
Sobic.007G153700,GRMZM2G423292
Sobic.001G456650,GRMZM2G423331
Sobic.002G037900,GRMZM2G423636
Sobic.003G415500,GRMZM2G423959
Sobic.006G185300,GRMZM2G424112
Sobic.006G091200,GRMZM2G424348
Sobic.005G028900,GRMZM2G424491
Sobic.006G017800,GRMZM2G424651
Sobic.005G120900,GRMZM2G425241
Sobic.007G153001,GRMZM2G425999
Sobic.010G059800,GRMZM2G426175
Sobic.007G067700,GRMZM2G426591
Sobic.001G022100,GRMZM2G426735
Sobic.001G390900,GRMZM2G426964
Sobic.006G165400,GRMZM2G427097
Sobic.007G147000,GRMZM2G427409
Sobic.010G066500,GRMZM2G427503
Sobic.001G515700,GRMZM2G428040
Sobic.006G249600,GRMZM2G428119
Sobic.001G214100,GRMZM2G428356
Sobic.010G227400,GRMZM2G428518
Sobic.001G306700,GRMZM2G428579
Sobic.001G374100,GRMZM2G428933
Sobic.010G009400,GRMZM2G429113
Sobic.003G101700,GRMZM2G429169
Sobic.006G164000,GRMZM2G429237
Sobic.001G138900,GRMZM2G430685
Sobic.007G175800,GRMZM2G430755
Sobic.001G351700,GRMZM2G431243
Sobic.004G001800,GRMZM2G431344
Sobic.010G106900,GRMZM2G431708
Sobic.003G324200,GRMZM2G431723
Sobic.009G253600,GRMZM2G431850
Sobic.010G203600,GRMZM2G432167
Sobic.010G203800,GRMZM2G432167
Sobic.001G187900,GRMZM2G432571
Sobic.001G209550,GRMZM2G432697
Sobic.001G210101,GRMZM2G432697
Sobic.001G210200,GRMZM2G432697
Sobic.001G210250,GRMZM2G432697
Sobic.004G050400,GRMZM2G434191
Sobic.003G314200,GRMZM2G434363
Sobic.010G053100,GRMZM2G434561
Sobic.010G053200,GRMZM2G434561
Sobic.001G239900,GRMZM2G434910
Sobic.003G433100,GRMZM2G435034
Sobic.004G289900,GRMZM2G435684
Sobic.008G040000,GRMZM2G435761
Sobic.005G169600,GRMZM2G436001
Sobic.005G169900,GRMZM2G436001
Sobic.001G375700,GRMZM2G436092
Sobic.003G359400,GRMZM2G436332
Sobic.001G203000,GRMZM2G436710
Sobic.006G127900,GRMZM2G437481
Sobic.003G303000,GRMZM2G437859
Sobic.001G329600,GRMZM2G438121
Sobic.003G325600,GRMZM2G438301
Sobic.002G001400,GRMZM2G438456
Sobic.003G445700,GRMZM2G438673
Sobic.009G109300,GRMZM2G439297
Sobic.004G242400,GRMZM2G439339
Sobic.010G047000,GRMZM2G439457
Sobic.008G129700,GRMZM2G439884
Sobic.007G226300,GRMZM2G440925
Sobic.004G351800,GRMZM2G441687
Sobic.002G138000,GRMZM2G442555
Sobic.010G207100,GRMZM2G442804
Sobic.008G079900,GRMZM2G443240
Sobic.008G080200,GRMZM2G443240
Sobic.009G042900,GRMZM2G443340
Sobic.006G064000,GRMZM2G443509
Sobic.006G085900,GRMZM2G443776
Sobic.007G059500,GRMZM2G444073
Sobic.002G063900,GRMZM2G444540
Sobic.008G159100,GRMZM2G444621
Sobic.005G008600,GRMZM2G444808
Sobic.003G012500,GRMZM2G445461
Sobic.007G130900,GRMZM2G445478
Sobic.006G216800,GRMZM2G445617
Sobic.006G092500,GRMZM2G446201
Sobic.010G220700,GRMZM2G446218
Sobic.001G430700,GRMZM2G446234
Sobic.004G326400,GRMZM2G446313
Sobic.001G359000,GRMZM2G446363
Sobic.001G164100,GRMZM2G446454
Sobic.001G164200,GRMZM2G446454
Sobic.001G287900,GRMZM2G447056
Sobic.010G030900,GRMZM2G447347
Sobic.002G213200,GRMZM2G447569
Sobic.001G019200,GRMZM2G447976
Sobic.001G019300,GRMZM2G448001
Sobic.006G224500,GRMZM2G448051
Sobic.004G353800,GRMZM2G448241
Sobic.001G438800,GRMZM2G448330
Sobic.001G370400,GRMZM2G448687
Sobic.007G063000,GRMZM2G449355
Sobic.004G317300,GRMZM2G449909
Sobic.006G261000,GRMZM2G450231
Sobic.005G112300,GRMZM2G451357
Sobic.009G256500,GRMZM2G451483
Sobic.006G058600,GRMZM2G451716
Sobic.001G123500,GRMZM2G452026
Sobic.002G024000,GRMZM2G452121
Sobic.002G025000,GRMZM2G452121
Sobic.005G007800,GRMZM2G452717
Sobic.009G027100,GRMZM2G453078
Sobic.010G004400,GRMZM2G453388
Sobic.004G256300,GRMZM2G453424
Sobic.003G015700,GRMZM2G453565
Sobic.003G015800,GRMZM2G453565
Sobic.008G131900,GRMZM2G454039
Sobic.004G078500,GRMZM2G454306
Sobic.009G064200,GRMZM2G454327
Sobic.003G270800,GRMZM2G455124
Sobic.006G180100,GRMZM2G455128
Sobic.006G180200,GRMZM2G455128
Sobic.006G025300,GRMZM2G455476
Sobic.010G106100,GRMZM2G455642
Sobic.004G355600,GRMZM2G455658
Sobic.009G258100,GRMZM2G456000
Sobic.010G013800,GRMZM2G456023
Sobic.006G208600,GRMZM2G456547
Sobic.006G208300,GRMZM2G456644
Sobic.008G174966,GRMZM2G456669
Sobic.003G131800,GRMZM2G456923
Sobic.005G160100,GRMZM2G457381
Sobic.008G191900,GRMZM2G457523
Sobic.004G010200,GRMZM2G457630
Sobic.001G122200,GRMZM2G457881
Sobic.005G154100,GRMZM2G458075
Sobic.007G035900,GRMZM2G458200
Sobic.006G200700,GRMZM2G458283
Sobic.008G016100,GRMZM2G458888
Sobic.003G217800,GRMZM2G459373
Sobic.004G217600,GRMZM2G459474
Sobic.004G303000,GRMZM2G460025
Sobic.004G220200,GRMZM2G460360
Sobic.001G090600,GRMZM2G460396
Sobic.007G177000,GRMZM2G460406
Sobic.003G413400,GRMZM2G460581
Sobic.003G254500,GRMZM2G460814
Sobic.001G107600,GRMZM2G461145
Sobic.006G075700,GRMZM2G461465
Sobic.002G009300,GRMZM2G461569
Sobic.010G014500,GRMZM2G461716
Sobic.010G014600,GRMZM2G461716
Sobic.003G407600,GRMZM2G461793
Sobic.001G136000,GRMZM2G461936
Sobic.001G136150,GRMZM2G461936
Sobic.001G135500,GRMZM2G461948
Sobic.001G414100,GRMZM2G462422
Sobic.003G256300,GRMZM2G462623
Sobic.002G186100,GRMZM2G462924
Sobic.010G002500,GRMZM2G463462
Sobic.003G052100,GRMZM2G463493
Sobic.002G085100,GRMZM2G463996
Sobic.002G084900,GRMZM2G464013
Sobic.006G259600,GRMZM2G464137
Sobic.006G259700,GRMZM2G464137
Sobic.006G259300,GRMZM2G464176
Sobic.003G129600,GRMZM2G464491
Sobic.003G186000,GRMZM2G464754
Sobic.003G014100,GRMZM2G464891
Sobic.010G152300,GRMZM2G464895
Sobic.010G152400,GRMZM2G464895
Sobic.010G152500,GRMZM2G464895
Sobic.006G154000,GRMZM2G465091
Sobic.001G038500,GRMZM2G465112
Sobic.007G206800,GRMZM2G465165
Sobic.001G239200,GRMZM2G465723
Sobic.001G239000,GRMZM2G465728
Sobic.010G022200,GRMZM2G466498
Sobic.002G133100,GRMZM2G466543
Sobic.002G133300,GRMZM2G466560
Sobic.001G249300,GRMZM2G466835
Sobic.010G252401,GRMZM2G466908
Sobic.001G194800,GRMZM2G466938
Sobic.001G532300,GRMZM2G467007
Sobic.008G004000,GRMZM2G467086
Sobic.008G005900,GRMZM2G467123
Sobic.008G006000,GRMZM2G467134
Sobic.008G008400,GRMZM2G467147
Sobic.003G019200,GRMZM2G467370
Sobic.010G102500,GRMZM2G467520
Sobic.010G102600,GRMZM2G467528
Sobic.006G055400,GRMZM2G467640
Sobic.004G042300,GRMZM2G467682
Sobic.004G042800,GRMZM2G467703
Sobic.003G308500,GRMZM2G468132
Sobic.006G158100,GRMZM2G468693
Sobic.006G158200,GRMZM2G468756
Sobic.003G182600,GRMZM2G469012
Sobic.003G270100,GRMZM2G469901
Sobic.005G031000,GRMZM2G469969
Sobic.005G031200,GRMZM2G469969
Sobic.006G128700,GRMZM2G470365
Sobic.009G004600,GRMZM2G470513
Sobic.004G230800,GRMZM2G470524
Sobic.003G440200,GRMZM2G470648
Sobic.003G399266,GRMZM2G470862
Sobic.003G399100,GRMZM2G470862
Sobic.005G155200,GRMZM2G470984
Sobic.004G308500,GRMZM2G471594
Sobic.004G249100,GRMZM2G471733
Sobic.004G321400,GRMZM2G472023
Sobic.007G052600,GRMZM2G472453
Sobic.003G051300,GRMZM2G473147
Sobic.010G217700,GRMZM2G473162
Sobic.010G217600,GRMZM2G473258
Sobic.004G349300,GRMZM2G473411
Sobic.001G089400,GRMZM2G473697
Sobic.010G010900,GRMZM2G473788
Sobic.005G060100,GRMZM2G473925
Sobic.006G196700,GRMZM2G473960
Sobic.010G097200,GRMZM2G474088
Sobic.004G085900,GRMZM2G474092
Sobic.004G114400,GRMZM2G474119
Sobic.002G308500,GRMZM2G474236
Sobic.002G412300,GRMZM2G474451
Sobic.002G412200,GRMZM2G474462
Sobic.009G022000,GRMZM2G474658
Sobic.009G022500,GRMZM2G474658
Sobic.006G275300,GRMZM2G475276
Sobic.002G198700,GRMZM2G475536
Sobic.007G126300,GRMZM2G475702
Sobic.009G218700,GRMZM2G475980
Sobic.003G329100,GRMZM2G475994
Sobic.003G328700,GRMZM2G476009
Sobic.008G105200,GRMZM2G476175
Sobic.004G198900,GRMZM2G476652
Sobic.003G397300,GRMZM2G476762
Sobic.003G076900,GRMZM2G477503
Sobic.001G214800,GRMZM2G477694
Sobic.008G151900,GRMZM2G477885
Sobic.008G125000,GRMZM2G478621
Sobic.006G273900,GRMZM2G478807
Sobic.010G022500,GRMZM2G478892
Sobic.001G493800,GRMZM2G479000
Sobic.001G489500,GRMZM2G479529
Sobic.002G020800,GRMZM2G479717
Sobic.009G200000,GRMZM2G479987
Sobic.006G233700,GRMZM2G480171
Sobic.002G313400,GRMZM2G480809
Sobic.001G429200,GRMZM2G481069
Sobic.006G122100,GRMZM2G481373
Sobic.007G176000,GRMZM2G481440
Sobic.007G176100,GRMZM2G481440
Sobic.003G071600,GRMZM2G481843
Sobic.001G197600,GRMZM2G486933
Sobic.001G197700,GRMZM2G486933
Sobic.001G197800,GRMZM2G486933
Sobic.003G263701,GRMZM2G487776
Sobic.003G265000,GRMZM2G487776
Sobic.008G025600,GRMZM2G495626
Sobic.008G159250,GRMZM2G502563
Sobic.008G176500,GRMZM2G503156
Sobic.008G016400,GRMZM2G503308
Sobic.004G242100,GRMZM2G503738
Sobic.002G126800,GRMZM2G504910
Sobic.007G168100,GRMZM2G517302
Sobic.009G108500,GRMZM2G517332
Sobic.003G040400,GRMZM2G523371
Sobic.005G134000,GRMZM2G527387
Sobic.001G424900,GRMZM2G529549
Sobic.003G333100,GRMZM2G529768
Sobic.001G506066,GRMZM2G532534
Sobic.010G087100,GRMZM2G534116
Sobic.003G024450,GRMZM2G536820
Sobic.009G167300,GRMZM2G540732
Sobic.007G068800,GRMZM2G540834
Sobic.001G027200,GRMZM2G541399
Sobic.001G027400,GRMZM2G541399
Sobic.007G127000,GRMZM2G542847
Sobic.007G127100,GRMZM2G542847
Sobic.007G127400,GRMZM2G542847
Sobic.007G127550,GRMZM2G542847
Sobic.006G049600,GRMZM2G547542
Sobic.001G145400,GRMZM2G553314
Sobic.001G114100,GRMZM2G554962
Sobic.003G094350,GRMZM2G566786
Sobic.004G071900,GRMZM2G570768
Sobic.002G212100,GRMZM2G571067
Sobic.009G229200,GRMZM2G573324
Sobic.010G165300,GRMZM2G575566
Sobic.002G179100,GRMZM2G579432
Sobic.003G326700,GRMZM2G591605
Sobic.001G422200,GRMZM2G700034
Sobic.003G087700,GRMZM2G700386
Sobic.003G357900,GRMZM2G700784
Sobic.003G346100,GRMZM2G700806
Sobic.010G229100,GRMZM2G700998
Sobic.010G077100,GRMZM2G701058
Sobic.010G094800,GRMZM2G701082
Sobic.001G052800,GRMZM2G701297
Sobic.007G130600,GRMZM2G702490
Sobic.006G181150,GRMZM2G702578
Sobic.004G214800,GRMZM2G702599
Sobic.002G262900,GRMZM2G703303
Sobic.002G364100,GRMZM2G703354
Sobic.002G364301,GRMZM2G703354
Sobic.002G364500,GRMZM2G703354
Sobic.002G364600,GRMZM2G703354
Sobic.002G390200,GRMZM2G703373
Sobic.001G388100,GRMZM2G704475
Sobic.006G281600,GRMZM5G800751
Sobic.006G163800,GRMZM5G800975
Sobic.007G165500,GRMZM5G801875
Sobic.009G163900,GRMZM5G802801
Sobic.008G063400,GRMZM5G803355
Sobic.006G175100,GRMZM5G803874
Sobic.002G329400,GRMZM5G803981
Sobic.005G003300,GRMZM5G804382
Sobic.007G071300,GRMZM5G804816
Sobic.002G035800,GRMZM5G805105
Sobic.009G130800,GRMZM5G805134
Sobic.003G391600,GRMZM5G805585
Sobic.007G038900,GRMZM5G805675
Sobic.009G224800,GRMZM5G805874
Sobic.003G127300,GRMZM5G806649
Sobic.004G334200,GRMZM5G806771
Sobic.001G358300,GRMZM5G806784
Sobic.001G378150,GRMZM5G807660
Sobic.009G251000,GRMZM5G807767
Sobic.002G353000,GRMZM5G807835
Sobic.004G025900,GRMZM5G808290
Sobic.005G008101,GRMZM5G808348
Sobic.001G083600,GRMZM5G808610
Sobic.009G058500,GRMZM5G809361
Sobic.009G257800,GRMZM5G809587
Sobic.010G077000,GRMZM5G809695
Sobic.006G146000,GRMZM5G810727
Sobic.002G390300,GRMZM5G812660
Sobic.003G401100,GRMZM5G812921
Sobic.003G389300,GRMZM5G813206
Sobic.009G077200,GRMZM5G813584
Sobic.007G149500,GRMZM5G813661
Sobic.006G280800,GRMZM5G813783
Sobic.001G146800,GRMZM5G814310
Sobic.009G225300,GRMZM5G814771
Sobic.009G140600,GRMZM5G815808
Sobic.010G225100,GRMZM5G816289
Sobic.003G316700,GRMZM5G817625
Sobic.001G084200,GRMZM5G818068
Sobic.009G238600,GRMZM5G818101
Sobic.001G298300,GRMZM5G818887
Sobic.010G100516,GRMZM5G819204
Sobic.002G400200,GRMZM5G819438
Sobic.001G370800,GRMZM5G820626
Sobic.001G371500,GRMZM5G820626
Sobic.002G330300,GRMZM5G821439
Sobic.008G073200,GRMZM5G821755
Sobic.001G144700,GRMZM5G822180
Sobic.009G251100,GRMZM5G822426
Sobic.008G003700,GRMZM5G822591
Sobic.008G085700,GRMZM5G823484
Sobic.003G316500,GRMZM5G823534
Sobic.001G241300,GRMZM5G823750
Sobic.003G000100,GRMZM5G824388
Sobic.002G359600,GRMZM5G824534
Sobic.003G308800,GRMZM5G825226
Sobic.001G417200,GRMZM5G825759
Sobic.010G095200,GRMZM5G826194
Sobic.001G160000,GRMZM5G826465
Sobic.001G457100,GRMZM5G826763
Sobic.009G173500,GRMZM5G827266
Sobic.003G274800,GRMZM5G827505
Sobic.002G238400,GRMZM5G827575
Sobic.007G225700,GRMZM5G828182
Sobic.001G111300,GRMZM5G829476
Sobic.010G044400,GRMZM5G829897
Sobic.006G068100,GRMZM5G831009
Sobic.002G116300,GRMZM5G831712
Sobic.010G256200,GRMZM5G832166
Sobic.001G500300,GRMZM5G832248
Sobic.003G343200,GRMZM5G832582
Sobic.004G273800,GRMZM5G833253
Sobic.006G005600,GRMZM5G833699
Sobic.007G078800,GRMZM5G834199
Sobic.002G305400,GRMZM5G834303
Sobic.002G305600,GRMZM5G834303
Sobic.009G162700,GRMZM5G836669
Sobic.001G046700,GRMZM5G836683
Sobic.002G029000,GRMZM5G836990
Sobic.007G180000,GRMZM5G837626
Sobic.003G442800,GRMZM5G838388
Sobic.003G300600,GRMZM5G838773
Sobic.006G228300,GRMZM5G838853
Sobic.001G068600,GRMZM5G839640
Sobic.001G100800,GRMZM5G840435
Sobic.001G101100,GRMZM5G840435
Sobic.002G006600,GRMZM5G840582
Sobic.010G135000,GRMZM5G841142
Sobic.001G500000,GRMZM5G841893
Sobic.003G389800,GRMZM5G842886
Sobic.003G144900,GRMZM5G842965
Sobic.006G173000,GRMZM5G843302
Sobic.009G218450,GRMZM5G843537
Sobic.002G068600,GRMZM5G843555
Sobic.002G068701,GRMZM5G843555
Sobic.006G149101,GRMZM5G844316
Sobic.001G280100,GRMZM5G845129
Sobic.010G058500,GRMZM5G846196
Sobic.005G004000,GRMZM5G846506
Sobic.001G457300,GRMZM5G846548
Sobic.007G154100,GRMZM5G848747
Sobic.005G005000,GRMZM5G849471
Sobic.002G368800,GRMZM5G849499
Sobic.006G128100,GRMZM5G850786
Sobic.009G245600,GRMZM5G851564
Sobic.004G043750,GRMZM5G851807
Sobic.007G130400,GRMZM5G851815
Sobic.003G201100,GRMZM5G852378
Sobic.006G022000,GRMZM5G852672
Sobic.001G180400,GRMZM5G853066
Sobic.001G180600,GRMZM5G853066
Sobic.005G050200,GRMZM5G854138
Sobic.002G305900,GRMZM5G854185
Sobic.008G086300,GRMZM5G855629
Sobic.006G282000,GRMZM5G856180
Sobic.002G165401,GRMZM5G856323
Sobic.003G358100,GRMZM5G857641
Sobic.003G373200,GRMZM5G858593
Sobic.003G100800,GRMZM5G860137
Sobic.002G265300,GRMZM5G860226
Sobic.009G257700,GRMZM5G860590
Sobic.001G540100,GRMZM5G860824
Sobic.003G024000,GRMZM5G861077
Sobic.001G131400,GRMZM5G861357
Sobic.001G068901,GRMZM5G861451
Sobic.003G425300,GRMZM5G861678
Sobic.001G391400,GRMZM5G862107
Sobic.010G204100,GRMZM5G862355
Sobic.007G007000,GRMZM5G863229
Sobic.006G280900,GRMZM5G864693
Sobic.002G257200,GRMZM5G866100
Sobic.005G005300,GRMZM5G866336
Sobic.006G254300,GRMZM5G866734
Sobic.002G417201,GRMZM5G867463
Sobic.009G058600,GRMZM5G868471
Sobic.002G303700,GRMZM5G868679
Sobic.007G225400,GRMZM5G868730
Sobic.003G126600,GRMZM5G868868
Sobic.001G069400,GRMZM5G868875
Sobic.001G272700,GRMZM5G869635
Sobic.003G316400,GRMZM5G869971
Sobic.010G072800,GRMZM5G869993
Sobic.007G042900,GRMZM5G870572
Sobic.006G104500,GRMZM5G870959
Sobic.002G305800,GRMZM5G871013
Sobic.002G042500,GRMZM5G871297
Sobic.003G028200,GRMZM5G871861
Sobic.001G052400,GRMZM5G872217
Sobic.002G005000,GRMZM5G873015
Sobic.007G000200,GRMZM5G873295
Sobic.001G069000,GRMZM5G874903
Sobic.001G541800,GRMZM5G875564
Sobic.008G025900,GRMZM5G875655
Sobic.004G084400,GRMZM5G876003
Sobic.002G082350,GRMZM5G876616
Sobic.002G082500,GRMZM5G876616
Sobic.002G082700,GRMZM5G876616
Sobic.002G304200,GRMZM5G877483
Sobic.001G391000,GRMZM5G877547
Sobic.002G042400,GRMZM5G877941
Sobic.004G032900,GRMZM5G878541
Sobic.008G088600,GRMZM5G878970
Sobic.001G253200,GRMZM5G879737
Sobic.009G165000,GRMZM5G879851
Sobic.001G358200,GRMZM5G880028
Sobic.006G114400,GRMZM5G880300
Sobic.003G243400,GRMZM5G881088
Sobic.003G241600,GRMZM5G881508
Sobic.002G006900,GRMZM5G881605
Sobic.001G434450,GRMZM5G882351
Sobic.001G434500,GRMZM5G882351
Sobic.001G152100,GRMZM5G883855
Sobic.007G148900,GRMZM5G884985
Sobic.007G149000,GRMZM5G884985
Sobic.004G358200,GRMZM5G885045
Sobic.006G249500,GRMZM5G885867
Sobic.005G121100,GRMZM5G887286
Sobic.009G236000,GRMZM5G887975
Sobic.010G064800,GRMZM5G889152
Sobic.001G398950,GRMZM5G889372
Sobic.008G167700,GRMZM5G889760
Sobic.002G303900,GRMZM5G890599
Sobic.005G005400,GRMZM5G890665
Sobic.007G046000,GRMZM5G890820
Sobic.005G021200,GRMZM5G890976
Sobic.009G201000,GRMZM5G891056
Sobic.001G500200,GRMZM5G891656
Sobic.001G542300,GRMZM5G891969
Sobic.003G125100,GRMZM5G892035
Sobic.001G069300,GRMZM5G892151
Sobic.009G257600,GRMZM5G892645
Sobic.001G216400,GRMZM5G892700
Sobic.001G216500,GRMZM5G892700
Sobic.003G062400,GRMZM5G893976
Sobic.001G453000,GRMZM5G894234
Sobic.006G228000,GRMZM5G895313
Sobic.002G320100,GRMZM5G895534
Sobic.001G465900,GRMZM5G895554
Sobic.001G281100,GRMZM5G895933
Sobic.003G304400,GRMZM5G896568
Sobic.001G458000,GRMZM5G896916
Sobic.003G344900,GRMZM5G897342
Sobic.001G051500,GRMZM5G897976
Sobic.001G331100,GRMZM5G897980
Sobic.010G230400,GRMZM5G898330
Sobic.001G405800,GRMZM5G898471
Sobic.002G366300,GRMZM5G898684
Sobic.001G502200,AC149475_2_FG003
Sobic.001G501800,AC149475_2_FG005
Sobic.001G501600,AC149475_2_FG007
Sobic.001G517900,AC149810_2_FG008
Sobic.001G505000,AC149818_2_FG004
Sobic.001G503600,AC149818_2_FG005
Sobic.001G503500,AC149818_2_FG006
Sobic.001G503200,AC149818_2_FG008
Sobic.001G503100,AC149818_2_FG009
Sobic.001G503000,AC149818_2_FG009
Sobic.001G483100,AC149828_2_FG002
Sobic.001G483300,AC149828_2_FG004
Sobic.001G488000,AC149829_2_FG002
Sobic.001G488400,AC149829_2_FG004
Sobic.001G488500,AC149829_2_FG006
Sobic.003G389100,AC155376_2_FG004
Sobic.003G389000,AC155376_2_FG005
Sobic.001G065100,AC155496_2_FG009
Sobic.002G201000,AC165178_2_FG004
Sobic.008G133500,AC182617_3_FG001
Sobic.008G133600,AC182617_3_FG001
Sobic.004G009600,AC183888_4_FG008
Sobic.001G075600,AC183932_3_FG007
Sobic.003G396400,AC183950_2_FG004
Sobic.004G062300,AC184130_4_FG005
Sobic.001G217200,AC184866_3_FG007
Sobic.004G260100,AC185226_4_FG001
Sobic.002G290300,AC185415_3_FG005
Sobic.004G248300,AC185471_3_FG005
Sobic.004G234700,AC185478_4_FG005
Sobic.004G315700,AC185501_3_FG001
Sobic.004G314000,AC185501_3_FG006
Sobic.004G329700,AC186287_7_FG005
Sobic.004G330100,AC186287_7_FG005
Sobic.004G330300,AC186287_7_FG005
Sobic.003G015400,AC186574_3_FG002
Sobic.003G081800,AC186897_4_FG016
Sobic.003G028000,AC187157_4_FG001
Sobic.009G200300,AC187243_3_FG005
Sobic.010G259001,AC187283_3_FG005
Sobic.009G105200,AC187551_3_FG002
Sobic.007G184800,AC190609_3_FG001
Sobic.007G184600,AC190609_3_FG002
Sobic.007G184400,AC190609_3_FG003
Sobic.004G305300,AC190640_4_FG002
Sobic.001G121600,AC190734_2_FG003
Sobic.004G350100,AC190761_3_FG002
Sobic.001G251500,AC190822_2_FG001
Sobic.001G255600,AC190968_2_FG009
Sobic.001G055600,AC191048_2_FG006
Sobic.003G142700,AC191069_3_FG004
Sobic.001G482000,AC191071_3_FG001
Sobic.005G164800,AC191257_3_FG006
Sobic.001G476700,AC191304_3_FG012
Sobic.003G428800,AC193786_3_FG005
Sobic.001G516000,AC194032_3_FG017
Sobic.001G157700,AC194158_3_FG005
Sobic.001G157900,AC194158_3_FG005
Sobic.001G158200,AC194158_3_FG005
Sobic.002G382100,AC194203_3_FG003
Sobic.003G209000,AC194341_4_FG002
Sobic.008G028600,AC194362_3_FG003
Sobic.003G325800,AC194405_3_FG021
Sobic.002G353300,AC194970_5_FG001
Sobic.002G353200,AC194970_5_FG002
Sobic.002G353400,AC194970_5_FG005
Sobic.002G353500,AC194970_5_FG009
Sobic.001G073600,AC195340_3_FG002
Sobic.001G072700,AC195340_3_FG005
Sobic.010G050500,AC195587_4_FG001
Sobic.004G260400,AC195796_3_FG001
Sobic.003G014500,AC195899_3_FG002
Sobic.002G001500,AC195902_3_FG005
Sobic.001G484300,AC196059_3_FG003
Sobic.001G484000,AC196059_3_FG004
Sobic.001G484100,AC196059_3_FG004
Sobic.001G529700,AC196090_3_FG006
Sobic.007G035000,AC196412_3_FG001
Sobic.007G035500,AC196412_3_FG001
Sobic.007G035300,AC196412_3_FG001
Sobic.003G195500,AC196426_3_FG007
Sobic.003G252100,AC196465_3_FG006
Sobic.003G252200,AC196465_3_FG006
Sobic.003G078600,AC196470_3_FG007
Sobic.007G047700,AC196475_3_FG005
Sobic.010G029300,AC196779_3_FG003
Sobic.007G123800,AC197047_3_FG001
Sobic.001G151100,AC197122_3_FG003
Sobic.009G168900,AC197705_4_FG004
Sobic.009G169100,AC197705_4_FG006
Sobic.001G456400,AC197717_3_FG002
Sobic.002G238100,AC198353_5_FG001
Sobic.002G238200,AC198353_5_FG001
Sobic.006G115400,AC198506_3_FG001
Sobic.006G074500,AC198509_3_FG004
Sobic.004G170800,AC198752_4_FG004
Sobic.007G138600,AC198937_4_FG005
Sobic.003G191500,AC199315_4_FG001
Sobic.004G333000,AC200065_5_FG009
Sobic.010G017400,AC200124_3_FG005
Sobic.003G029600,AC202386_3_FG002
Sobic.007G165900,AC202707_3_FG002
Sobic.009G037800,AC202915_3_FG002
Sobic.007G209500,AC202991_3_FG004
Sobic.003G292000,AC203173_3_FG001
Sobic.003G291600,AC203173_3_FG002
Sobic.003G291700,AC203173_3_FG002
Sobic.003G292800,AC203240_3_FG008
Sobic.003G329600,AC203294_3_FG001
Sobic.001G292400,AC203571_3_FG001
Sobic.006G114500,AC203841_3_FG009
Sobic.009G257500,AC203862_4_FG002
Sobic.008G160500,AC203865_3_FG001
Sobic.007G048600,AC203909_3_FG007
Sobic.002G162800,AC203957_3_FG004
Sobic.003G387700,AC204007_3_FG008
Sobic.003G098300,AC204254_3_FG001
Sobic.003G327600,AC204359_3_FG005
Sobic.003G339100,AC204502_4_FG006
Sobic.003G236600,AC204619_3_FG003
Sobic.009G253700,AC205012_3_FG002
Sobic.002G276600,AC205017_3_FG010
Sobic.007G139900,AC205057_3_FG002
Sobic.003G349600,AC205250_3_FG004
Sobic.003G348900,AC205250_3_FG006
Sobic.003G352200,AC205326_3_FG002
Sobic.001G437500,AC205419_3_FG001
Sobic.009G208000,AC205471_4_FG003
Sobic.009G208300,AC205471_4_FG008
Sobic.007G118301,AC205562_3_FG002
Sobic.001G405400,AC206223_3_FG001
Sobic.001G404700,AC206223_3_FG006
Sobic.001G405150,AC206223_3_FG007
Sobic.001G405100,AC206223_3_FG008
Sobic.001G404800,AC206223_3_FG010
Sobic.010G247000,AC206319_2_FG004
Sobic.008G175600,AC206768_3_FG005
Sobic.008G175700,AC206768_3_FG005
Sobic.001G459900,AC206831_3_FG015
Sobic.006G148000,AC206901_3_FG005
Sobic.001G126900,AC206941_2_FG002
Sobic.004G194000,AC207328_3_FG003
Sobic.003G186200,AC207342_3_FG001
Sobic.003G186600,AC207342_3_FG007
Sobic.003G186500,AC207342_3_FG008
Sobic.005G008800,AC207533_2_FG002
Sobic.002G039900,AC207888_3_FG009
Sobic.006G201000,AC208110_2_FG001
Sobic.006G201400,AC208110_2_FG007
Sobic.006G138200,AC208551_3_FG008
Sobic.010G207800,AC209050_3_FG001
Sobic.010G209100,AC209050_3_FG003
Sobic.010G209200,AC209050_3_FG003
Sobic.006G181000,AC209206_3_FG011
Sobic.010G103600,AC209629_2_FG003
Sobic.008G124301,AC209744_3_FG001
Sobic.008G124400,AC209744_3_FG001
Sobic.009G197800,AC209819_3_FG005
Sobic.009G198000,AC209819_3_FG005
Sobic.009G197000,AC209819_3_FG005
Sobic.009G197100,AC209819_3_FG005
Sobic.009G197400,AC209819_3_FG005
Sobic.009G197600,AC209819_3_FG005
Sobic.009G196100,AC209819_3_FG009
Sobic.009G195600,AC209819_3_FG012
Sobic.001G046800,AC210013_4_FG002
Sobic.001G042901,AC210013_4_FG005
Sobic.001G043100,AC210013_4_FG008
Sobic.001G043700,AC210013_4_FG010
Sobic.001G043800,AC210013_4_FG011
Sobic.001G044000,AC210013_4_FG012
Sobic.001G045000,AC210013_4_FG014
Sobic.001G045400,AC210013_4_FG017
Sobic.001G045900,AC210013_4_FG017
Sobic.001G045800,AC210013_4_FG017
Sobic.001G046100,AC210013_4_FG019
Sobic.001G046300,AC210013_4_FG019
Sobic.002G013600,AC210211_3_FG003
Sobic.001G428200,AC210314_3_FG006
Sobic.004G188701,AC210616_4_FG003
Sobic.004G189100,AC210616_4_FG005
Sobic.002G258100,AC211164_5_FG003
Sobic.001G154300,AC211276_4_FG008
Sobic.003G287900,AC211349_4_FG001
Sobic.003G053700,AC211474_3_FG006
Sobic.008G151300,AC211749_4_FG007
Sobic.009G159200,AC212287_4_FG002
Sobic.002G117700,AC212404_3_FG006
Sobic.002G117900,AC212404_3_FG006
Sobic.003G056600,AC212565_3_FG001
Sobic.003G057100,AC212565_3_FG001
Sobic.003G057366,AC212565_3_FG001
Sobic.001G032100,AC212728_3_FG001
Sobic.001G131800,AC213463_3_FG002
Sobic.001G131300,AC213463_3_FG004
Sobic.001G130400,AC213463_3_FG007
Sobic.001G130700,AC213463_3_FG009
Sobic.006G276300,AC214046_4_FG005
Sobic.009G025800,AC214648_3_FG003
Sobic.009G025900,AC214648_3_FG005
Sobic.001G115400,AC215181_3_FG004
Sobic.006G048700,AC215690_3_FG002
Sobic.003G257400,AC216793_3_FG008
Sobic.003G095400,AC216871_3_FG001
Sobic.003G094700,AC216871_3_FG001
Sobic.003G095100,AC216871_3_FG001
Sobic.003G095200,AC216871_3_FG001
Sobic.003G095600,AC216871_3_FG004
Sobic.004G280500,AC216872_3_FG002
Sobic.006G068200,AC217051_3_FG005
Sobic.006G068300,AC217051_3_FG006
Sobic.007G130500,AC217121_3_FG007
Sobic.004G177700,AC217665_3_FG005
Sobic.004G170200,AC217811_3_FG003
Sobic.001G345400,AC217887_3_FG003
Sobic.001G346300,AC217887_3_FG005
Sobic.007G088000,AC217947_4_FG002
Sobic.006G221101,AC217978_3_FG001
Sobic.009G140800,AC218035_3_FG004
Sobic.003G061600,AC218457_2_FG008
Sobic.003G337300,AC218972_3_FG001
Sobic.003G337100,AC218972_3_FG002
Sobic.003G336900,AC218972_3_FG004
Sobic.003G336500,AC218972_3_FG007
Sobic.010G160900,AC219020_4_FG002
Sobic.006G106300,AC225176_2_FG006
Sobic.001G289900,AC225193_3_FG003
Sobic.003G308900,AC226442_2_FG007
Sobic.002G250700,AC230021_2_FG002
Sobic.006G172800,AC231226_2_FG001
Sobic.003G363600,AC232238_2_FG004
Sobic.003G364900,AC232238_2_FG008
Sobic.003G346901,AC233788_2_FG002
Sobic.003G347000,AC233788_2_FG002
Sobic.003G347100,AC233788_2_FG002
Sobic.003G347200,AC233788_2_FG002
Sobic.003G346800,AC233788_2_FG003
Sobic.002G239700,AC233861_1_FG001
Sobic.001G151900,AC233885_1_FG001
Sobic.001G152800,AC233885_1_FG002
Sobic.006G135300,AC233888_1_FG001
Sobic.006G135100,AC233888_1_FG002
Sobic.001G453200,AC233893_1_FG003
Sobic.001G218800,AC233894_1_FG005
Sobic.001G476500,AC233899_1_FG002
Sobic.001G476300,AC233899_1_FG004
Sobic.001G476100,AC233899_1_FG005
Sobic.001G499500,AC233901_1_FG005
Sobic.001G499701,AC233901_1_FG008
Sobic.001G499800,AC233901_1_FG008
Sobic.001G499900,AC233901_1_FG008
Sobic.002G292900,AC233910_1_FG004
Sobic.003G390900,AC233916_1_FG002
Sobic.003G391000,AC233916_1_FG002
Sobic.004G018100,AC233922_1_FG004
Sobic.001G415200,AC233939_1_FG004
Sobic.001G236300,AC233949_1_FG004
Sobic.003G418100,AC233953_1_FG005
Sobic.001G396100,AC233955_1_FG002
Sobic.001G395800,AC233955_1_FG008
Sobic.006G193600,AC233979_1_FG006
Sobic.006G194100,AC233979_1_FG007
Sobic.006G193700,AC233979_1_FG007
Sobic.006G194000,AC233979_1_FG007
Sobic.006G193900,AC233979_1_FG008
Sobic.006G194200,AC233979_1_FG008
Sobic.006G194300,AC233979_1_FG008
Sobic.006G194700,AC233979_1_FG011
Sobic.009G146800,AC234152_1_FG002
Sobic.009G147200,AC234152_1_FG002
Sobic.009G147500,AC234152_1_FG002
Sobic.009G147000,AC234152_1_FG007
Sobic.009G178000,AC234155_1_FG002
Sobic.009G177901,AC234155_1_FG003
Sobic.001G304201,AC234161_1_FG001
Sobic.001G304100,AC234161_1_FG002
Sobic.001G302600,AC234161_1_FG002
Sobic.010G059000,AC234171_1_FG003
Sobic.010G059400,AC234171_1_FG010
Sobic.009G239301,AC234185_1_FG004
Sobic.009G239500,AC234185_1_FG004
Sobic.009G239000,AC234185_1_FG006
Sobic.001G476000,AC235544_1_FG002
Sobic.001G474400,AC235544_1_FG004
Sobic.006G174850,AF466202_2_FG008
Sobic.010G077300,AY530952_1_FG001
Sobic.010G052700,GRMZM2G000158
Sobic.003G240700,GRMZM2G000177
Sobic.001G351800,GRMZM2G000209
Sobic.001G351900,GRMZM2G000209
Sobic.006G137600,GRMZM2G000245
Sobic.003G221700,GRMZM2G000256
Sobic.006G095800,GRMZM2G000268
Sobic.006G096000,GRMZM2G000268
Sobic.006G096200,GRMZM2G000268
Sobic.006G096300,GRMZM2G000268
Sobic.003G098200,GRMZM2G000292
Sobic.010G276200,GRMZM2G000376
Sobic.004G188100,GRMZM2G000380
Sobic.007G038500,GRMZM2G000471
Sobic.007G039400,GRMZM2G000481
Sobic.003G065300,GRMZM2G000483
Sobic.003G065400,GRMZM2G000489
Sobic.003G065600,GRMZM2G000489
Sobic.003G065501,GRMZM2G000489
Sobic.004G283300,GRMZM2G000520
Sobic.003G410700,GRMZM2G000581
Sobic.003G410800,GRMZM2G000581
Sobic.002G155500,GRMZM2G000601
Sobic.006G229901,GRMZM2G000620
Sobic.006G229300,GRMZM2G000620
Sobic.006G229500,GRMZM2G000620
Sobic.006G229800,GRMZM2G000620
Sobic.006G229100,GRMZM2G000620
Sobic.006G229200,GRMZM2G000620
Sobic.006G228833,GRMZM2G000633
Sobic.006G229600,GRMZM2G000633
Sobic.002G342100,GRMZM2G000640
Sobic.002G262200,GRMZM2G000692
Sobic.009G249500,GRMZM2G000700
Sobic.006G002201,GRMZM2G000710
Sobic.003G229600,GRMZM2G000739
Sobic.004G231300,GRMZM2G000764
Sobic.005G167300,GRMZM2G000936
Sobic.004G070200,GRMZM2G000964
Sobic.006G161900,GRMZM2G000973
Sobic.004G070100,GRMZM2G000976
Sobic.006G161800,GRMZM2G001035
Sobic.006G159200,GRMZM2G001106
Sobic.003G282400,GRMZM2G001139
Sobic.009G213000,GRMZM2G001243
Sobic.008G000600,GRMZM2G001415
Sobic.003G015000,GRMZM2G001421
Sobic.003G015100,GRMZM2G001421
Sobic.008G000700,GRMZM2G001447
Sobic.009G232200,GRMZM2G001514
Sobic.007G210900,GRMZM2G001541
Sobic.002G216600,GRMZM2G001660
Sobic.002G119400,GRMZM2G001668
Sobic.001G180200,GRMZM2G001724
Sobic.005G200800,GRMZM2G001777
Sobic.006G050400,GRMZM2G001805
Sobic.001G216200,GRMZM2G001887
Sobic.003G153300,GRMZM2G001915
Sobic.004G242000,GRMZM2G001953
Sobic.002G227700,GRMZM2G001977
Sobic.002G228400,GRMZM2G001977
Sobic.002G227900,GRMZM2G001977
Sobic.003G376700,GRMZM2G002023
Sobic.010G043200,GRMZM2G002100
Sobic.002G225200,GRMZM2G002104
Sobic.002G225300,GRMZM2G002131
Sobic.002G225400,GRMZM2G002142
Sobic.007G224100,GRMZM2G002220
Sobic.001G140200,GRMZM2G002225
Sobic.002G426800,GRMZM2G002280
Sobic.001G373900,GRMZM2G002309
Sobic.003G143700,GRMZM2G002416
Sobic.004G117400,GRMZM2G002420
Sobic.009G034400,GRMZM2G002427
Sobic.006G240200,GRMZM2G002430
Sobic.002G205500,GRMZM2G002523
Sobic.002G205900,GRMZM2G002569
Sobic.007G167400,GRMZM2G002704
Sobic.007G135800,GRMZM2G002756
Sobic.001G035200,GRMZM2G002765
Sobic.003G288600,GRMZM2G002786
Sobic.001G035100,GRMZM2G002805
Sobic.002G277100,GRMZM2G002807
Sobic.001G035300,GRMZM2G002815
Sobic.001G035000,GRMZM2G002815
Sobic.001G034700,GRMZM2G002825
Sobic.002G276900,GRMZM2G002828
Sobic.001G196100,GRMZM2G002859
Sobic.002G293400,GRMZM2G002948
Sobic.008G166050,GRMZM2G002993
Sobic.001G042500,GRMZM2G003014
Sobic.005G138300,GRMZM2G003043
Sobic.001G034600,GRMZM2G003068
Sobic.001G034500,GRMZM2G003108
Sobic.001G029300,GRMZM2G003109
Sobic.006G237000,GRMZM2G003190
Sobic.005G052700,GRMZM2G003234
Sobic.002G420600,GRMZM2G003331
Sobic.004G087600,GRMZM2G003377
Sobic.002G421300,GRMZM2G003409
Sobic.002G420800,GRMZM2G003409
Sobic.002G420900,GRMZM2G003409
Sobic.004G087700,GRMZM2G003411
Sobic.004G087800,GRMZM2G003411
Sobic.004G281000,GRMZM2G003514
Sobic.003G405700,GRMZM2G003518
Sobic.002G422300,GRMZM2G003558
Sobic.007G078100,GRMZM2G003642
Sobic.004G116400,GRMZM2G003663
Sobic.010G095600,GRMZM2G003725
Sobic.001G398500,GRMZM2G003738
Sobic.003G093700,GRMZM2G003821
Sobic.003G106300,GRMZM2G003853
Sobic.003G106400,GRMZM2G003853
Sobic.003G106600,GRMZM2G003853
Sobic.003G106800,GRMZM2G003853
Sobic.003G107400,GRMZM2G003853
Sobic.003G107600,GRMZM2G003853
Sobic.009G214200,GRMZM2G003875
Sobic.004G058500,GRMZM2G003988
Sobic.002G242200,GRMZM2G003992
Sobic.003G222900,GRMZM2G004040
Sobic.001G023500,GRMZM2G004092
Sobic.004G287300,GRMZM2G004131
Sobic.001G023800,GRMZM2G004140
Sobic.001G473400,GRMZM2G004172
Sobic.004G296100,GRMZM2G004180
Sobic.002G268900,GRMZM2G004188
Sobic.001G056200,GRMZM2G004290
Sobic.010G078700,GRMZM2G004334
Sobic.003G343000,GRMZM2G004354
Sobic.002G122500,GRMZM2G004408
Sobic.010G001500,GRMZM2G004455
Sobic.001G298400,GRMZM2G004483
Sobic.001G298500,GRMZM2G004516
Sobic.001G472800,GRMZM2G004528
Sobic.002G297800,GRMZM2G004619
Sobic.003G317100,GRMZM2G004690
Sobic.009G180000,GRMZM2G004703
Sobic.007G223600,GRMZM2G004714
Sobic.004G111000,GRMZM2G004741
Sobic.002G297700,GRMZM2G004784
Sobic.004G111100,GRMZM2G004835
Sobic.007G132900,GRMZM2G004878
Sobic.003G389900,GRMZM2G004895
Sobic.007G200000,GRMZM2G004898
Sobic.006G242500,GRMZM2G004924
Sobic.003G238900,GRMZM2G004947
Sobic.003G238800,GRMZM2G004947
Sobic.007G078600,GRMZM2G004997
Sobic.003G389700,GRMZM2G005016
Sobic.003G375100,GRMZM2G005061
Sobic.002G420100,GRMZM2G005103
Sobic.002G213800,GRMZM2G005146
Sobic.009G017200,GRMZM2G005163
Sobic.003G419100,GRMZM2G005170
Sobic.003G213900,GRMZM2G005187
Sobic.010G123400,GRMZM2G005195
Sobic.008G108500,GRMZM2G005205
Sobic.003G375000,GRMZM2G005236
Sobic.007G139700,GRMZM2G005251
Sobic.004G256000,GRMZM2G005256
Sobic.010G209400,GRMZM2G005278
Sobic.006G149600,GRMZM2G005284
Sobic.003G419500,GRMZM2G005290
Sobic.003G213800,GRMZM2G005298
Sobic.009G017400,GRMZM2G005350
Sobic.006G160800,GRMZM2G005353
Sobic.001G106300,GRMZM2G005365
Sobic.003G374850,GRMZM2G005374
Sobic.008G108400,GRMZM2G005419
Sobic.003G419900,GRMZM2G005433
Sobic.003G374700,GRMZM2G005483
Sobic.002G409800,GRMZM2G005493
Sobic.010G042600,GRMZM2G005499
Sobic.003G025600,GRMZM2G005536
Sobic.008G108300,GRMZM2G005540
Sobic.009G017600,GRMZM2G005552
Sobic.003G420201,GRMZM2G005554
Sobic.006G132700,GRMZM2G005633
Sobic.006G132200,GRMZM2G005633
Sobic.006G132300,GRMZM2G005633
Sobic.006G132400,GRMZM2G005633
Sobic.006G132500,GRMZM2G005633
Sobic.006G132100,GRMZM2G005633
Sobic.009G017732,GRMZM2G005710
Sobic.008G016900,GRMZM2G005849
Sobic.006G126500,GRMZM2G005865
Sobic.001G382000,GRMZM2G005869
Sobic.006G131900,GRMZM2G005939
Sobic.002G214800,GRMZM2G005954
Sobic.003G134000,GRMZM2G005980
Sobic.001G382100,GRMZM2G005984
Sobic.005G115500,GRMZM2G005990
Sobic.009G077400,GRMZM2G006036
Sobic.001G382400,GRMZM2G006080
Sobic.003G254600,GRMZM2G006121
Sobic.006G184400,GRMZM2G006212
Sobic.006G131400,GRMZM2G006216
Sobic.004G302800,GRMZM2G006219
Sobic.009G015000,GRMZM2G006280
Sobic.001G399200,GRMZM2G006341
Sobic.003G260300,GRMZM2G006352
Sobic.006G131000,GRMZM2G006428
Sobic.004G202100,GRMZM2G006672
Sobic.001G399400,GRMZM2G006714
Sobic.001G464800,GRMZM2G006721
Sobic.006G266600,GRMZM2G006749
Sobic.005G047100,GRMZM2G006765
Sobic.001G399900,GRMZM2G006830
Sobic.006G247100,GRMZM2G006894
Sobic.006G115600,GRMZM2G006948
Sobic.007G192800,GRMZM2G006953
Sobic.003G021200,GRMZM2G007021
Sobic.005G157300,GRMZM2G007028
Sobic.003G127600,GRMZM2G007057
Sobic.002G358800,GRMZM2G007060
Sobic.001G056700,GRMZM2G007063
Sobic.001G485400,GRMZM2G007134
Sobic.003G005800,GRMZM2G007151
Sobic.003G020500,GRMZM2G007236
Sobic.001G343100,GRMZM2G007252
Sobic.001G343300,GRMZM2G007252
Sobic.001G343400,GRMZM2G007252
Sobic.001G343601,GRMZM2G007252
Sobic.001G343832,GRMZM2G007252
Sobic.003G127500,GRMZM2G007258
Sobic.001G061500,GRMZM2G007260
Sobic.009G164100,GRMZM2G007276
Sobic.005G017000,GRMZM2G007283
Sobic.002G360500,GRMZM2G007324
Sobic.009G135600,GRMZM2G007384
Sobic.009G112600,GRMZM2G007404
Sobic.001G428700,GRMZM2G007406
Sobic.001G402701,GRMZM2G007475
Sobic.006G246200,GRMZM2G007477
Sobic.006G246300,GRMZM2G007477
Sobic.010G033300,GRMZM2G007489
Sobic.001G402400,GRMZM2G007514
Sobic.001G402300,GRMZM2G007590
Sobic.001G057300,GRMZM2G007695
Sobic.006G012900,GRMZM2G007721
Sobic.007G065400,GRMZM2G007734
Sobic.001G151000,GRMZM2G007810
Sobic.003G248100,GRMZM2G007848
Sobic.001G057400,GRMZM2G007867
Sobic.001G061600,GRMZM2G007907
Sobic.001G370900,GRMZM2G007922
Sobic.007G166900,GRMZM2G007953
Sobic.002G029300,GRMZM2G008058
Sobic.010G081800,GRMZM2G008166
Sobic.010G088400,GRMZM2G008196
Sobic.002G090200,GRMZM2G008216
Sobic.002G090300,GRMZM2G008216
Sobic.007G022700,GRMZM2G008273
Sobic.010G088500,GRMZM2G008353
Sobic.010G088700,GRMZM2G008353
Sobic.002G253000,GRMZM2G008374
Sobic.004G350200,GRMZM2G008410
Sobic.009G062000,GRMZM2G008464
Sobic.010G103500,GRMZM2G008556
Sobic.010G079800,GRMZM2G008558
Sobic.002G394600,GRMZM2G008623
Sobic.004G228400,GRMZM2G008691
Sobic.006G267200,GRMZM2G008714
Sobic.004G198400,GRMZM2G008748
Sobic.010G260800,GRMZM2G008754
Sobic.002G067800,GRMZM2G008765
Sobic.004G228500,GRMZM2G008819
Sobic.004G228700,GRMZM2G008839
Sobic.004G070800,GRMZM2G008859
Sobic.002G068100,GRMZM2G008862
Sobic.002G068300,GRMZM2G008919
Sobic.002G194100,GRMZM2G009136
Sobic.001G312500,GRMZM2G009163
Sobic.005G121500,GRMZM2G009188
Sobic.006G243400,GRMZM2G009323
Sobic.002G232100,GRMZM2G009344
Sobic.002G231900,GRMZM2G009344
Sobic.002G236600,GRMZM2G009406
Sobic.003G359100,GRMZM2G009451
Sobic.002G236200,GRMZM2G009478
Sobic.008G173900,GRMZM2G009593
Sobic.001G423700,GRMZM2G009605
Sobic.001G513000,GRMZM2G009754
Sobic.001G512800,GRMZM2G009808
Sobic.001G082600,GRMZM2G009837
Sobic.001G518000,GRMZM2G009869
Sobic.002G413400,GRMZM2G009876
Sobic.006G085601,GRMZM2G009888
Sobic.009G163800,GRMZM2G009936
Sobic.009G169900,GRMZM2G009968
Sobic.003G144800,GRMZM2G010016
Sobic.001G512600,GRMZM2G010017
Sobic.004G023900,GRMZM2G010044
Sobic.001G145600,GRMZM2G010048
Sobic.001G145700,GRMZM2G010048
Sobic.003G412400,GRMZM2G010065
Sobic.003G387600,GRMZM2G010105
Sobic.002G413500,GRMZM2G010136
Sobic.001G145500,GRMZM2G010146
Sobic.003G412600,GRMZM2G010176
Sobic.004G009200,GRMZM2G010251
Sobic.004G009400,GRMZM2G010251
Sobic.004G009500,GRMZM2G010251
Sobic.009G102700,GRMZM2G010319
Sobic.006G087100,GRMZM2G010323
Sobic.004G058000,GRMZM2G010333
Sobic.009G141800,GRMZM2G010348
Sobic.003G074400,GRMZM2G010422
Sobic.009G102900,GRMZM2G010452
Sobic.001G512500,GRMZM2G010490
Sobic.008G140200,GRMZM2G010628
Sobic.001G099000,GRMZM2G010801
Sobic.008G030900,GRMZM2G010868
Sobic.009G187400,GRMZM2G010927
Sobic.004G259000,GRMZM2G010937
Sobic.002G323000,GRMZM2G010941
Sobic.003G267900,GRMZM2G010987
Sobic.002G414700,GRMZM2G010991
Sobic.004G258900,GRMZM2G011007
Sobic.004G258800,GRMZM2G011015
Sobic.003G074900,GRMZM2G011031
Sobic.001G412400,GRMZM2G011071
Sobic.001G118300,GRMZM2G011098
Sobic.004G310600,GRMZM2G011110
Sobic.003G075100,GRMZM2G011213
Sobic.004G328300,GRMZM2G011218
Sobic.002G350500,GRMZM2G011236
Sobic.004G259700,GRMZM2G011253
Sobic.005G074500,GRMZM2G011315
Sobic.005G074100,GRMZM2G011404
Sobic.007G187200,GRMZM2G011473
Sobic.005G088900,GRMZM2G011575
Sobic.001G444700,GRMZM2G011708
Sobic.001G444500,GRMZM2G011708
Sobic.006G097700,GRMZM2G011733
Sobic.002G121100,GRMZM2G011784
Sobic.002G121300,GRMZM2G011784
Sobic.008G032100,GRMZM2G011878
Sobic.008G032200,GRMZM2G011980
Sobic.001G244600,GRMZM2G012030
Sobic.001G357900,GRMZM2G012140
Sobic.004G047400,GRMZM2G012143
Sobic.003G327700,GRMZM2G012160
Sobic.010G017800,GRMZM2G012284
Sobic.004G082200,GRMZM2G012340
Sobic.004G082500,GRMZM2G012393
Sobic.003G255200,GRMZM2G012405
Sobic.002G041800,GRMZM2G012546
Sobic.002G042000,GRMZM2G012546
Sobic.002G042100,GRMZM2G012546
Sobic.002G042300,GRMZM2G012546
Sobic.002G042200,GRMZM2G012546
Sobic.009G026200,GRMZM2G012584
Sobic.008G118200,GRMZM2G012600
Sobic.007G216300,GRMZM2G012631
Sobic.010G108500,GRMZM2G012717
Sobic.004G259101,GRMZM2G012814
Sobic.003G197500,GRMZM2G012966
Sobic.001G300400,GRMZM2G013002
Sobic.004G185900,GRMZM2G013079
Sobic.001G213300,GRMZM2G013082
Sobic.001G456100,GRMZM2G013349
Sobic.003G296300,GRMZM2G013391
Sobic.003G214400,GRMZM2G013456
Sobic.003G126800,GRMZM2G013461
Sobic.009G225500,GRMZM2G013465
Sobic.003G403500,GRMZM2G013481
Sobic.006G139100,GRMZM2G013619
Sobic.001G300500,GRMZM2G013671
Sobic.001G300700,GRMZM2G013671
Sobic.001G010900,GRMZM2G013695
Sobic.003G230900,GRMZM2G013726
Sobic.003G231000,GRMZM2G013726
Sobic.002G308000,GRMZM2G013777
Sobic.002G255700,GRMZM2G013781
Sobic.002G256000,GRMZM2G013781
Sobic.001G433100,GRMZM2G013814
Sobic.001G434100,GRMZM2G013849
Sobic.002G256300,GRMZM2G013892
Sobic.006G073400,GRMZM2G014022
Sobic.003G252400,GRMZM2G014066
Sobic.007G167800,GRMZM2G014069
Sobic.003G267300,GRMZM2G014089
Sobic.003G018600,GRMZM2G014091
Sobic.002G157000,GRMZM2G014106
Sobic.001G005600,GRMZM2G014170
Sobic.004G170900,GRMZM2G014356
Sobic.002G355300,GRMZM2G014400
Sobic.001G092000,GRMZM2G014441
Sobic.003G018400,GRMZM2G014571
Sobic.003G009900,GRMZM2G014580
Sobic.003G010000,GRMZM2G014580
Sobic.003G010100,GRMZM2G014580
Sobic.003G010200,GRMZM2G014580
Sobic.003G010300,GRMZM2G014580
Sobic.007G193900,GRMZM2G014612
Sobic.001G092500,GRMZM2G014618
Sobic.001G092600,GRMZM2G014672
Sobic.010G031400,GRMZM2G014705
Sobic.010G031600,GRMZM2G014705
Sobic.010G031100,GRMZM2G014705
Sobic.010G031900,GRMZM2G014705
Sobic.010G032000,GRMZM2G014705
Sobic.010G032100,GRMZM2G014705
Sobic.001G389700,GRMZM2G014839
Sobic.004G247200,GRMZM2G014854
Sobic.007G047400,GRMZM2G014902
Sobic.007G068900,GRMZM2G014975
Sobic.004G257200,GRMZM2G014994
Sobic.004G322800,GRMZM2G015021
Sobic.003G018700,GRMZM2G015037
Sobic.005G017500,GRMZM2G015080
Sobic.001G294300,GRMZM2G015324
Sobic.002G273200,GRMZM2G015395
Sobic.002G233000,GRMZM2G015409
Sobic.004G078600,GRMZM2G015419
Sobic.009G206800,GRMZM2G015433
Sobic.008G011000,GRMZM2G015592
Sobic.001G474100,GRMZM2G015648
Sobic.002G232900,GRMZM2G015666
Sobic.001G408500,GRMZM2G015730
Sobic.003G209400,GRMZM2G015735
Sobic.002G232800,GRMZM2G015753
Sobic.001G234200,GRMZM2G015861
Sobic.004G264300,GRMZM2G015875
Sobic.005G125950,GRMZM2G015933
Sobic.005G126100,GRMZM2G015933
Sobic.005G126200,GRMZM2G015933
Sobic.004G002200,GRMZM2G015989
Sobic.002G119500,GRMZM2G016066
Sobic.006G231700,GRMZM2G016097
Sobic.002G365100,GRMZM2G016106
Sobic.009G141201,GRMZM2G016153
Sobic.010G230700,GRMZM2G016250
Sobic.007G224900,GRMZM2G016296
Sobic.004G326000,GRMZM2G016362
Sobic.006G187000,GRMZM2G016477
Sobic.009G134600,GRMZM2G016605
Sobic.009G084900,GRMZM2G016655
Sobic.003G427700,GRMZM2G016657
Sobic.003G427800,GRMZM2G016657
Sobic.003G427900,GRMZM2G016657
Sobic.002G030200,GRMZM2G016677
Sobic.010G077700,GRMZM2G016744
Sobic.007G069400,GRMZM2G016841
Sobic.010G230600,GRMZM2G016886
Sobic.004G115700,GRMZM2G016923
Sobic.006G049700,GRMZM2G016926
Sobic.004G234300,GRMZM2G016948
Sobic.007G187700,GRMZM2G016997
Sobic.001G141900,GRMZM2G017137
Sobic.007G224800,GRMZM2G017268
Sobic.003G259400,GRMZM2G017305
Sobic.003G116600,GRMZM2G017329
Sobic.002G139600,GRMZM2G017334
Sobic.010G053800,GRMZM2G017421
Sobic.006G104600,GRMZM2G017426
Sobic.001G042800,GRMZM2G017532
Sobic.007G033200,GRMZM2G017533
Sobic.007G033800,GRMZM2G017586
Sobic.007G179000,GRMZM2G017606
Sobic.001G436100,GRMZM2G017678
Sobic.001G035500,GRMZM2G017682
Sobic.001G254200,GRMZM2G017805
Sobic.006G156300,GRMZM2G017815
Sobic.009G254200,GRMZM2G017821
Sobic.001G469800,GRMZM2G017831
Sobic.005G018800,GRMZM2G017941
Sobic.002G276100,GRMZM2G017961
Sobic.006G185500,GRMZM2G018018
Sobic.006G191600,GRMZM2G018027
Sobic.002G076700,GRMZM2G018046
Sobic.002G239200,GRMZM2G018070
Sobic.001G254300,GRMZM2G018082
Sobic.001G254400,GRMZM2G018082
Sobic.001G254600,GRMZM2G018082
Sobic.010G200900,GRMZM2G018105
Sobic.003G072300,GRMZM2G018177
Sobic.002G054000,GRMZM2G018197
Sobic.009G148700,GRMZM2G018238
Sobic.002G075500,GRMZM2G018241
Sobic.004G012000,GRMZM2G018251
Sobic.010G200800,GRMZM2G018280
Sobic.006G190900,GRMZM2G018314
Sobic.006G191000,GRMZM2G018314
Sobic.006G191200,GRMZM2G018314
Sobic.008G141300,GRMZM2G018372
Sobic.003G191000,GRMZM2G018375
Sobic.004G321300,GRMZM2G018398
Sobic.004G197600,GRMZM2G018416
Sobic.008G189300,GRMZM2G018447
Sobic.006G207500,GRMZM2G018462
Sobic.006G190400,GRMZM2G018485
Sobic.001G040200,GRMZM2G018553
Sobic.002G054300,GRMZM2G018607
Sobic.006G189700,GRMZM2G018631
Sobic.002G125000,GRMZM2G018649
Sobic.002G125200,GRMZM2G018649
Sobic.002G125300,GRMZM2G018649
Sobic.002G125500,GRMZM2G018649
Sobic.002G125700,GRMZM2G018649
Sobic.004G112300,GRMZM2G018673
Sobic.001G199300,GRMZM2G018695
Sobic.004G027500,GRMZM2G018697
Sobic.006G147200,GRMZM2G018760
Sobic.004G103800,GRMZM2G018770
Sobic.004G104100,GRMZM2G018770
Sobic.004G104300,GRMZM2G018770
Sobic.008G189100,GRMZM2G018793
Sobic.008G189200,GRMZM2G018793
Sobic.010G118700,GRMZM2G018823
Sobic.004G063100,GRMZM2G018837
Sobic.004G084100,GRMZM2G018873
Sobic.003G190800,GRMZM2G018901
Sobic.001G155400,GRMZM2G018943
Sobic.010G243100,GRMZM2G018946
Sobic.002G055400,GRMZM2G018992
Sobic.001G349800,GRMZM2G019029
Sobic.002G357800,GRMZM2G019060
Sobic.008G074300,GRMZM2G019090
Sobic.008G074400,GRMZM2G019090
Sobic.004G026700,GRMZM2G019106
Sobic.004G026400,GRMZM2G019166
Sobic.002G083900,GRMZM2G019251
Sobic.006G213000,GRMZM2G019325
Sobic.004G208400,GRMZM2G019335
Sobic.001G308300,GRMZM2G019353
Sobic.003G340300,GRMZM2G019413
Sobic.001G308400,GRMZM2G019430
Sobic.003G239800,GRMZM2G019538
Sobic.003G339600,GRMZM2G019612
Sobic.009G246100,GRMZM2G019771
Sobic.003G339500,GRMZM2G019777
Sobic.010G211300,GRMZM2G019812
Sobic.002G209600,GRMZM2G019901
Sobic.001G166100,GRMZM2G019956
Sobic.001G165700,GRMZM2G019956
Sobic.006G213100,GRMZM2G019986
Sobic.004G216700,GRMZM2G020081
Sobic.009G029600,GRMZM2G020096
Sobic.001G207700,GRMZM2G020098
Sobic.004G103000,GRMZM2G020196
Sobic.004G200000,GRMZM2G020201
Sobic.009G238000,GRMZM2G020291
Sobic.004G199900,GRMZM2G020388
Sobic.004G199700,GRMZM2G020409
Sobic.003G303200,GRMZM2G020552
Sobic.003G378000,GRMZM2G020583
Sobic.004G199500,GRMZM2G020653
Sobic.003G362400,GRMZM2G020728
Sobic.004G255700,GRMZM2G020775
Sobic.003G271900,GRMZM2G020785
Sobic.010G277500,GRMZM2G020912
Sobic.007G163100,GRMZM2G020920
Sobic.007G162800,GRMZM2G020920
Sobic.004G255800,GRMZM2G020938
Sobic.010G112700,GRMZM2G020943
Sobic.001G414200,GRMZM2G020953
Sobic.009G155900,GRMZM2G020977
Sobic.001G414500,GRMZM2G020982
Sobic.004G060900,GRMZM2G020986
Sobic.009G087000,GRMZM2G021069
Sobic.002G386700,GRMZM2G021129
Sobic.001G415500,GRMZM2G021202
Sobic.004G172500,GRMZM2G021225
Sobic.004G191200,GRMZM2G021256
Sobic.003G206300,GRMZM2G021289
Sobic.003G206100,GRMZM2G021289
Sobic.003G206200,GRMZM2G021289
Sobic.003G228200,GRMZM2G021310
Sobic.003G228300,GRMZM2G021310
Sobic.003G228700,GRMZM2G021310
Sobic.001G014100,GRMZM2G021313
Sobic.009G224400,GRMZM2G021331
Sobic.003G228500,GRMZM2G021436
Sobic.003G228600,GRMZM2G021436
Sobic.008G115000,GRMZM2G021471
Sobic.001G365900,GRMZM2G021483
Sobic.002G293000,GRMZM2G021587
Sobic.002G293100,GRMZM2G021587
Sobic.002G342000,GRMZM2G021610
Sobic.003G098800,GRMZM2G021614
Sobic.006G061300,GRMZM2G021725
Sobic.006G062100,GRMZM2G021725
Sobic.009G233100,GRMZM2G021790
Sobic.009G233300,GRMZM2G021877
Sobic.006G221300,GRMZM2G021885
Sobic.004G234000,GRMZM2G021889
Sobic.004G233900,GRMZM2G021912
Sobic.001G224400,GRMZM2G022019
Sobic.002G266000,GRMZM2G022032
Sobic.002G045100,GRMZM2G022041
Sobic.001G005000,GRMZM2G022054
Sobic.002G241500,GRMZM2G022162
Sobic.006G062500,GRMZM2G022180
Sobic.002G045300,GRMZM2G022206
Sobic.002G265500,GRMZM2G022212
Sobic.002G265600,GRMZM2G022212
Sobic.002G265800,GRMZM2G022212
Sobic.002G265900,GRMZM2G022212
Sobic.002G353700,GRMZM2G022213
Sobic.001G004400,GRMZM2G022258
Sobic.008G124500,GRMZM2G022298
Sobic.001G387300,GRMZM2G022398
Sobic.004G262500,GRMZM2G022514
Sobic.003G161500,GRMZM2G022547
Sobic.009G125600,GRMZM2G022551
Sobic.001G398300,GRMZM2G022611
Sobic.003G154200,GRMZM2G022659
Sobic.003G154300,GRMZM2G022659
Sobic.003G154400,GRMZM2G022659
Sobic.001G398100,GRMZM2G022686
Sobic.001G398200,GRMZM2G022686
Sobic.001G397900,GRMZM2G022686
Sobic.010G229300,GRMZM2G022706
Sobic.003G119600,GRMZM2G022711
Sobic.003G119700,GRMZM2G022711
Sobic.005G195800,GRMZM2G022763
Sobic.003G153800,GRMZM2G022782
Sobic.006G212800,GRMZM2G022926
Sobic.003G083200,GRMZM2G022972
Sobic.004G088200,GRMZM2G022987
Sobic.010G234800,GRMZM2G023051
Sobic.002G263800,GRMZM2G023080
Sobic.001G024500,GRMZM2G023081
Sobic.006G058900,GRMZM2G023194
Sobic.002G264000,GRMZM2G023293
Sobic.005G143200,GRMZM2G023328
Sobic.001G162000,GRMZM2G023347
Sobic.009G111500,GRMZM2G023520
Sobic.009G111600,GRMZM2G023520
Sobic.005G159600,GRMZM2G023652
Sobic.003G273400,GRMZM2G023667
Sobic.006G059800,GRMZM2G023708
Sobic.009G105300,GRMZM2G023755
Sobic.006G278900,GRMZM2G023813
Sobic.004G338900,GRMZM2G023899
Sobic.009G031400,GRMZM2G024094
Sobic.001G046900,GRMZM2G024150
Sobic.003G113800,GRMZM2G024151
Sobic.004G305400,GRMZM2G024180
Sobic.003G345700,GRMZM2G024188
Sobic.004G030000,GRMZM2G024310
Sobic.003G221800,GRMZM2G024315
Sobic.003G222200,GRMZM2G024315
Sobic.003G222300,GRMZM2G024315
Sobic.001G047000,GRMZM2G024395
Sobic.010G205800,GRMZM2G024437
Sobic.003G313800,GRMZM2G024476
Sobic.005G039000,GRMZM2G024495
Sobic.003G387100,GRMZM2G024607
Sobic.001G121200,GRMZM2G024690
Sobic.003G225100,GRMZM2G024738
Sobic.002G061600,GRMZM2G024808
Sobic.006G095400,GRMZM2G024811
Sobic.006G159000,GRMZM2G024887
Sobic.001G120900,GRMZM2G024973
Sobic.005G022400,GRMZM2G025002
Sobic.005G023800,GRMZM2G025024
Sobic.005G023900,GRMZM2G025024
Sobic.007G011400,GRMZM2G025037
Sobic.006G120800,GRMZM2G025054
Sobic.003G072500,GRMZM2G025059
Sobic.002G252100,GRMZM2G025095
Sobic.004G014000,GRMZM2G025127
Sobic.001G047900,GRMZM2G025164
Sobic.004G235200,GRMZM2G025171
Sobic.003G052400,GRMZM2G025215
Sobic.001G018500,GRMZM2G025227
Sobic.006G213700,GRMZM2G025243
Sobic.006G213800,GRMZM2G025243
Sobic.001G048100,GRMZM2G025248
Sobic.008G033400,GRMZM2G025250
Sobic.003G225200,GRMZM2G025387
Sobic.004G234900,GRMZM2G025470
Sobic.010G079300,GRMZM2G025491
Sobic.006G214000,GRMZM2G025592
Sobic.004G353300,GRMZM2G025671
Sobic.005G085200,GRMZM2G025783
Sobic.005G085600,GRMZM2G025783
Sobic.004G353500,GRMZM2G025867
Sobic.002G119600,GRMZM2G025924
Sobic.009G043000,GRMZM2G025954
Sobic.003G284300,GRMZM2G025966
Sobic.003G052500,GRMZM2G026015
Sobic.004G272100,GRMZM2G026024
Sobic.004G198600,GRMZM2G026043
Sobic.002G238500,GRMZM2G026065
Sobic.001G127800,GRMZM2G026157
Sobic.002G320600,GRMZM2G026309
Sobic.006G164200,GRMZM2G026391
Sobic.006G164300,GRMZM2G026391
Sobic.002G320200,GRMZM2G026532
Sobic.010G157300,GRMZM2G026562
Sobic.006G124400,GRMZM2G026580
Sobic.005G086300,GRMZM2G026715
Sobic.001G450700,GRMZM2G026742
Sobic.003G141800,GRMZM2G026804
Sobic.001G302200,GRMZM2G026889
Sobic.001G198200,GRMZM2G026892
Sobic.004G295300,GRMZM2G026922
Sobic.001G302000,GRMZM2G026952
Sobic.003G386000,GRMZM2G026969
Sobic.001G386900,GRMZM2G026995
Sobic.004G025400,GRMZM2G027043
Sobic.004G295100,GRMZM2G027098
Sobic.005G134301,GRMZM2G027130
Sobic.005G134400,GRMZM2G027130
Sobic.005G135000,GRMZM2G027130
Sobic.005G135400,GRMZM2G027130
Sobic.003G307700,GRMZM2G027131
Sobic.006G166400,GRMZM2G027173
Sobic.004G024800,GRMZM2G027187
Sobic.004G024700,GRMZM2G027209
Sobic.004G338400,GRMZM2G027302
Sobic.003G194600,GRMZM2G027333
Sobic.001G063300,GRMZM2G027351
Sobic.001G381800,GRMZM2G027499
Sobic.009G228000,GRMZM2G027546
Sobic.004G024200,GRMZM2G027726
Sobic.003G308100,GRMZM2G027794
Sobic.001G063500,GRMZM2G027825
Sobic.003G408500,GRMZM2G027857
Sobic.009G155200,GRMZM2G027960
Sobic.010G251100,GRMZM2G027995
Sobic.004G079800,GRMZM2G028005
Sobic.003G331100,GRMZM2G028054
Sobic.007G217400,GRMZM2G028089
Sobic.003G122900,GRMZM2G028156
Sobic.003G123000,GRMZM2G028156
Sobic.005G040900,GRMZM2G028183
Sobic.001G063900,GRMZM2G028188
Sobic.003G206600,GRMZM2G028190
Sobic.004G231800,GRMZM2G028216
Sobic.001G064500,GRMZM2G028218
Sobic.003G330500,GRMZM2G028346
Sobic.002G118700,GRMZM2G028353
Sobic.009G009400,GRMZM2G028393
Sobic.009G009500,GRMZM2G028393
Sobic.009G009600,GRMZM2G028393
Sobic.009G009700,GRMZM2G028393
Sobic.009G009800,GRMZM2G028393
Sobic.006G254600,GRMZM2G028492
Sobic.006G254900,GRMZM2G028622
Sobic.003G186700,GRMZM2G028733
Sobic.004G153200,GRMZM2G028766
Sobic.003G386200,GRMZM2G028779
Sobic.001G296500,GRMZM2G028796
Sobic.003G420500,GRMZM2G028812
Sobic.001G064600,GRMZM2G028813
Sobic.002G044000,GRMZM2G028834
Sobic.001G479900,GRMZM2G028852
Sobic.001G478700,GRMZM2G028855
Sobic.002G357900,GRMZM2G028905
Sobic.001G356500,GRMZM2G028921
Sobic.003G227000,GRMZM2G028982
Sobic.009G008900,GRMZM2G028986
Sobic.006G218400,GRMZM2G029039
Sobic.006G218600,GRMZM2G029039
Sobic.003G227100,GRMZM2G029077
Sobic.001G390300,GRMZM2G029107
Sobic.002G391400,GRMZM2G029144
Sobic.002G391900,GRMZM2G029144
Sobic.007G094400,GRMZM2G029184
Sobic.006G218700,GRMZM2G029242
Sobic.001G064900,GRMZM2G029270
Sobic.003G337500,GRMZM2G029292
Sobic.004G233200,GRMZM2G029323
Sobic.006G219000,GRMZM2G029478
Sobic.010G165500,GRMZM2G029506
Sobic.004G080100,GRMZM2G029566
Sobic.004G265900,GRMZM2G029573
Sobic.003G110400,GRMZM2G029845
Sobic.004G244500,GRMZM2G029859
Sobic.009G243900,GRMZM2G029974
Sobic.006G219100,GRMZM2G030009
Sobic.003G243900,GRMZM2G030118
Sobic.001G360000,GRMZM2G030139
Sobic.003G244200,GRMZM2G030167
Sobic.001G197400,GRMZM2G030169
Sobic.001G411300,GRMZM2G030203
Sobic.004G080000,GRMZM2G030265
Sobic.003G260700,GRMZM2G030284
Sobic.001G402050,GRMZM2G030293
Sobic.004G080400,GRMZM2G030402
Sobic.002G194600,GRMZM2G030444
Sobic.001G359800,GRMZM2G030458
Sobic.002G419100,GRMZM2G030646
Sobic.009G167900,GRMZM2G030673
Sobic.003G400200,GRMZM2G030688
Sobic.002G347900,GRMZM2G030713
Sobic.003G400600,GRMZM2G030762
Sobic.007G067400,GRMZM2G030772
Sobic.007G067600,GRMZM2G030772
Sobic.007G067616,GRMZM2G030772
Sobic.007G066600,GRMZM2G030772
Sobic.007G066508,GRMZM2G030772
Sobic.007G066816,GRMZM2G030772
Sobic.007G067000,GRMZM2G030772
Sobic.007G066908,GRMZM2G030772
Sobic.001G084600,GRMZM2G030821
Sobic.001G084700,GRMZM2G030821
Sobic.001G434700,GRMZM2G030839
Sobic.001G010300,GRMZM2G030858
Sobic.002G376100,GRMZM2G031081
Sobic.008G058900,GRMZM2G031167
Sobic.008G059000,GRMZM2G031167
Sobic.008G059200,GRMZM2G031167
Sobic.008G059400,GRMZM2G031167
Sobic.008G059100,GRMZM2G031167
Sobic.003G400800,GRMZM2G031204
Sobic.006G193000,GRMZM2G031280
Sobic.002G419700,GRMZM2G031329
Sobic.003G400900,GRMZM2G031338
Sobic.003G401000,GRMZM2G031352
Sobic.006G211701,GRMZM2G031354
Sobic.001G434800,GRMZM2G031441
Sobic.006G211600,GRMZM2G031477
Sobic.006G211200,GRMZM2G031586
Sobic.003G301000,GRMZM2G031607
Sobic.001G397700,GRMZM2G031637
Sobic.003G300800,GRMZM2G031724
Sobic.009G232700,GRMZM2G031827
Sobic.010G086200,GRMZM2G031930
Sobic.006G115700,GRMZM2G031963
Sobic.003G038100,GRMZM2G032049
Sobic.002G348500,GRMZM2G032154
Sobic.004G327500,GRMZM2G032163
Sobic.003G043300,GRMZM2G032190
Sobic.003G038500,GRMZM2G032252
Sobic.006G210800,GRMZM2G032282
Sobic.007G171500,GRMZM2G032367
Sobic.010G178800,GRMZM2G032471
Sobic.003G269200,GRMZM2G032484
Sobic.010G057900,GRMZM2G032505
Sobic.003G269100,GRMZM2G032594
Sobic.001G204900,GRMZM2G032648
Sobic.001G205350,GRMZM2G032910
Sobic.001G205700,GRMZM2G032910
Sobic.003G055800,GRMZM2G033017
Sobic.001G077400,GRMZM2G033098
Sobic.001G009800,GRMZM2G033117
Sobic.001G077300,GRMZM2G033198
Sobic.009G182800,GRMZM2G033230
Sobic.001G367301,GRMZM2G033273
Sobic.003G031200,GRMZM2G033283
Sobic.001G367000,GRMZM2G033352
Sobic.001G139300,GRMZM2G033489
Sobic.001G139800,GRMZM2G033612
Sobic.003G373100,GRMZM2G033649
Sobic.002G164800,GRMZM2G033694
Sobic.006G214400,GRMZM2G033724
Sobic.004G110200,GRMZM2G033855
Sobic.004G110300,GRMZM2G033855
Sobic.002G270700,GRMZM2G033937
Sobic.004G339600,GRMZM2G034005
Sobic.002G273100,GRMZM2G034013
Sobic.009G030300,GRMZM2G034043
Sobic.009G234300,GRMZM2G034052
Sobic.001G297500,GRMZM2G034110
Sobic.002G272900,GRMZM2G034113
Sobic.001G014800,GRMZM2G034122
Sobic.003G039400,GRMZM2G034157
Sobic.003G222800,GRMZM2G034197
Sobic.006G053800,GRMZM2G034206
Sobic.009G122000,GRMZM2G034229
Sobic.001G498300,GRMZM2G034243
Sobic.002G272800,GRMZM2G034260
Sobic.001G206100,GRMZM2G034276
Sobic.001G040100,GRMZM2G034278
Sobic.003G368100,GRMZM2G034360
Sobic.001G219400,GRMZM2G034385
Sobic.002G305000,GRMZM2G034410
Sobic.008G113300,GRMZM2G034453
Sobic.009G074500,GRMZM2G034508
Sobic.008G132800,GRMZM2G034511
Sobic.003G218600,GRMZM2G034573
Sobic.001G455000,GRMZM2G034575
Sobic.010G045966,GRMZM2G034631
Sobic.003G408400,GRMZM2G034638
Sobic.002G355500,GRMZM2G034764
Sobic.002G304900,GRMZM2G034794
Sobic.004G212700,GRMZM2G034804
Sobic.009G181700,GRMZM2G034815
Sobic.002G186900,GRMZM2G034848
Sobic.001G079200,GRMZM2G034877
Sobic.006G115466,GRMZM2G034882
Sobic.003G395000,GRMZM2G035045
Sobic.002G393400,GRMZM2G035063
Sobic.004G110700,GRMZM2G035077
Sobic.001G079500,GRMZM2G035103
Sobic.007G202600,GRMZM2G035118
Sobic.001G080000,GRMZM2G035153
Sobic.002G270000,GRMZM2G035170
Sobic.001G080100,GRMZM2G035248
Sobic.003G359600,GRMZM2G035314
Sobic.003G103400,GRMZM2G035341
Sobic.003G304200,GRMZM2G035421
Sobic.009G085100,GRMZM2G035465
Sobic.008G190700,GRMZM2G035497
Sobic.005G033000,GRMZM2G035599
Sobic.001G146100,GRMZM2G035632
Sobic.004G305000,GRMZM2G035704
Sobic.001G293800,GRMZM2G035749
Sobic.001G208300,GRMZM2G035779
Sobic.003G353300,GRMZM2G035805
Sobic.001G141600,GRMZM2G035821
Sobic.009G195200,GRMZM2G035883
Sobic.001G294000,GRMZM2G035928
Sobic.003G351900,GRMZM2G035933
Sobic.009G195000,GRMZM2G035944
Sobic.002G401500,GRMZM2G035985
Sobic.002G070600,GRMZM2G036034
Sobic.003G127700,GRMZM2G036070
Sobic.003G351701,GRMZM2G036120
Sobic.006G101700,GRMZM2G036186
Sobic.007G169900,GRMZM2G036217
Sobic.007G170100,GRMZM2G036217
Sobic.007G170700,GRMZM2G036217
Sobic.007G170800,GRMZM2G036217
Sobic.004G242300,GRMZM2G036282
Sobic.001G482800,GRMZM2G036288
Sobic.003G103300,GRMZM2G036290
Sobic.001G482700,GRMZM2G036349
Sobic.001G482600,GRMZM2G036351
Sobic.001G482300,GRMZM2G036411
Sobic.004G247000,GRMZM2G036464
Sobic.002G315500,GRMZM2G036615
Sobic.002G315400,GRMZM2G036619
Sobic.001G433400,GRMZM2G036697
Sobic.003G341100,GRMZM2G036703
Sobic.004G065900,GRMZM2G036711
Sobic.002G366000,GRMZM2G036752
Sobic.003G118000,GRMZM2G036812
Sobic.003G117800,GRMZM2G036837
Sobic.001G433700,GRMZM2G036861
Sobic.004G056900,GRMZM2G036880
Sobic.005G197100,GRMZM2G037104
Sobic.002G176000,GRMZM2G037113
Sobic.002G176100,GRMZM2G037113
Sobic.002G176200,GRMZM2G037113
Sobic.004G003700,GRMZM2G037128
Sobic.001G148600,GRMZM2G037146
Sobic.001G536100,GRMZM2G037193
Sobic.004G297700,GRMZM2G037204
Sobic.006G233300,GRMZM2G037226
Sobic.007G195701,GRMZM2G037496
Sobic.002G209900,GRMZM2G037574
Sobic.002G267800,GRMZM2G037685
Sobic.006G172900,GRMZM2G037792
Sobic.002G267700,GRMZM2G037910
Sobic.002G047700,GRMZM2G037923
Sobic.001G222300,GRMZM2G037926
Sobic.001G041900,GRMZM2G038075
Sobic.003G143900,GRMZM2G038152
Sobic.004G117600,GRMZM2G038158
Sobic.004G092500,GRMZM2G038195
Sobic.004G110400,GRMZM2G038335
Sobic.006G259900,GRMZM2G038384
Sobic.007G182900,GRMZM2G038479
Sobic.007G183000,GRMZM2G038479
Sobic.007G183050,GRMZM2G038479
Sobic.007G183100,GRMZM2G038479
Sobic.007G183200,GRMZM2G038479
Sobic.003G435800,GRMZM2G038487
Sobic.002G352100,GRMZM2G038519
Sobic.002G162400,GRMZM2G038730
Sobic.001G148500,GRMZM2G038801
Sobic.006G015900,GRMZM2G038846
Sobic.004G322600,GRMZM2G039106
Sobic.002G352200,GRMZM2G039251
Sobic.004G326600,GRMZM2G039263
Sobic.001G209200,GRMZM2G039370
Sobic.001G209300,GRMZM2G039370
Sobic.001G209400,GRMZM2G039370
Sobic.003G137100,GRMZM2G039396
Sobic.006G083700,GRMZM2G039399
Sobic.008G047700,GRMZM2G039505
Sobic.002G352501,GRMZM2G039538
Sobic.001G206700,GRMZM2G039542
Sobic.006G125500,GRMZM2G039600
Sobic.008G047600,GRMZM2G039618
Sobic.002G352700,GRMZM2G039622
Sobic.002G294200,GRMZM2G039811
Sobic.004G074200,GRMZM2G039848
Sobic.003G220700,GRMZM2G039889
Sobic.003G309300,GRMZM2G039982
Sobic.004G074900,GRMZM2G040094
Sobic.001G441800,GRMZM2G040110
Sobic.009G132600,GRMZM2G040131
Sobic.009G132800,GRMZM2G040131
Sobic.001G257300,GRMZM2G040182
Sobic.001G442300,GRMZM2G040192
Sobic.001G442000,GRMZM2G040192
Sobic.001G442200,GRMZM2G040192
Sobic.002G396700,GRMZM2G040209
Sobic.002G362700,GRMZM2G040230
Sobic.007G132300,GRMZM2G040263
Sobic.001G470400,GRMZM2G040268
Sobic.001G470100,GRMZM2G040278
Sobic.003G430900,GRMZM2G040309
Sobic.002G370800,GRMZM2G040349
Sobic.009G223300,GRMZM2G040477
Sobic.002G370700,GRMZM2G040618
Sobic.006G156100,GRMZM2G040664
Sobic.006G187600,GRMZM2G040673
Sobic.006G157500,GRMZM2G040803
Sobic.002G197600,GRMZM2G040840
Sobic.006G265600,GRMZM2G040876
Sobic.002G265200,GRMZM2G040965
Sobic.003G301300,GRMZM2G040970
Sobic.010G020300,GRMZM2G040975
Sobic.001G295400,GRMZM2G041125
Sobic.002G233800,GRMZM2G041127
Sobic.004G054500,GRMZM2G041159
Sobic.004G054600,GRMZM2G041159
Sobic.003G078200,GRMZM2G041238
Sobic.004G312300,GRMZM2G041269
Sobic.003G121000,GRMZM2G041308
Sobic.003G121100,GRMZM2G041308
Sobic.001G224800,GRMZM2G041424
Sobic.001G224900,GRMZM2G041424
Sobic.001G225300,GRMZM2G041424
Sobic.008G043300,GRMZM2G041448
Sobic.006G124200,GRMZM2G041513
Sobic.002G209200,GRMZM2G041534
Sobic.002G248400,GRMZM2G041633
Sobic.010G155000,GRMZM2G041746
Sobic.010G155100,GRMZM2G041746
Sobic.004G236500,GRMZM2G041809
Sobic.010G051500,GRMZM2G041822
Sobic.007G167900,GRMZM2G041885
Sobic.003G279200,GRMZM2G042034
Sobic.001G240000,GRMZM2G042061
Sobic.004G237000,GRMZM2G042101
Sobic.008G117100,GRMZM2G042143
Sobic.006G016600,GRMZM2G042164
Sobic.006G016800,GRMZM2G042164
Sobic.004G326900,GRMZM2G042179
Sobic.004G215000,GRMZM2G042181
Sobic.004G262000,GRMZM2G042195
Sobic.004G256200,GRMZM2G042198
Sobic.003G367100,GRMZM2G042218
Sobic.002G022400,GRMZM2G042343
Sobic.004G347900,GRMZM2G042380
Sobic.007G161600,GRMZM2G042442
Sobic.001G385800,GRMZM2G042494
Sobic.004G261800,GRMZM2G042502
Sobic.004G231400,GRMZM2G042582
Sobic.009G073900,GRMZM2G042592
Sobic.009G033800,GRMZM2G042593
Sobic.004G018500,GRMZM2G042602
Sobic.002G279000,GRMZM2G042604
Sobic.010G093100,GRMZM2G042607
Sobic.002G347500,GRMZM2G042612
Sobic.009G010300,GRMZM2G042623
Sobic.003G135400,GRMZM2G042636
Sobic.002G285200,GRMZM2G042712
Sobic.002G346900,GRMZM2G042715
Sobic.008G086200,GRMZM2G042855
Sobic.009G187000,GRMZM2G042865
Sobic.006G218000,GRMZM2G042867
Sobic.005G038600,GRMZM2G042897
Sobic.006G217800,GRMZM2G042920
Sobic.004G088400,GRMZM2G043056
Sobic.007G004600,GRMZM2G043162
Sobic.007G004700,GRMZM2G043162
Sobic.007G004800,GRMZM2G043162
Sobic.004G249600,GRMZM2G043214
Sobic.010G184600,GRMZM2G043277
Sobic.010G184800,GRMZM2G043277
Sobic.006G100100,GRMZM2G043287
Sobic.001G377000,GRMZM2G043338
Sobic.003G341200,GRMZM2G043396
Sobic.002G367300,GRMZM2G043489
Sobic.001G251100,GRMZM2G043509
Sobic.003G341400,GRMZM2G043518
Sobic.002G367400,GRMZM2G043579
Sobic.006G081100,GRMZM2G043737
Sobic.009G228700,GRMZM2G043764
Sobic.003G130500,GRMZM2G043782
Sobic.004G216900,GRMZM2G043792
Sobic.006G147400,GRMZM2G043813
Sobic.001G430000,GRMZM2G043854
Sobic.009G033300,GRMZM2G043855
Sobic.009G033500,GRMZM2G043855
Sobic.001G312900,GRMZM2G043876
Sobic.008G022500,GRMZM2G043884
Sobic.006G147450,GRMZM2G043887
Sobic.006G147600,GRMZM2G043887
Sobic.006G147700,GRMZM2G043887
Sobic.006G266100,GRMZM2G043903
Sobic.004G333300,GRMZM2G043921
Sobic.001G376700,GRMZM2G043955
Sobic.001G387800,GRMZM2G043983
Sobic.008G022200,GRMZM2G044004
Sobic.002G391200,GRMZM2G044049
Sobic.002G392300,GRMZM2G044049
Sobic.002G392100,GRMZM2G044049
Sobic.002G392200,GRMZM2G044049
Sobic.002G391300,GRMZM2G044049
Sobic.002G391501,GRMZM2G044049
Sobic.002G392000,GRMZM2G044049
Sobic.003G012800,GRMZM2G044077
Sobic.002G383300,GRMZM2G044126
Sobic.003G117100,GRMZM2G044128
Sobic.002G384200,GRMZM2G044198
Sobic.006G098100,GRMZM2G044382
Sobic.010G233000,GRMZM2G044398
Sobic.004G281400,GRMZM2G044537
Sobic.003G109900,GRMZM2G044553
Sobic.003G109766,GRMZM2G044636
Sobic.003G109832,GRMZM2G044636
Sobic.004G314100,GRMZM2G044670
Sobic.004G212400,GRMZM2G044684
Sobic.004G181200,GRMZM2G044773
Sobic.004G181300,GRMZM2G044773
Sobic.004G181400,GRMZM2G044773
Sobic.004G268200,GRMZM2G044834
Sobic.009G208800,GRMZM2G044866
Sobic.001G169900,GRMZM2G044900
Sobic.003G125650,GRMZM2G044963
Sobic.001G422900,GRMZM2G045084
Sobic.001G173500,GRMZM2G045192
Sobic.004G265132,GRMZM2G045226
Sobic.003G356400,GRMZM2G045239
Sobic.002G213500,GRMZM2G045243
Sobic.004G357800,GRMZM2G045294
Sobic.007G079300,GRMZM2G045303
Sobic.010G204500,GRMZM2G045371
Sobic.003G446100,GRMZM2G045421
Sobic.001G173600,GRMZM2G045462
Sobic.001G384200,GRMZM2G045467
Sobic.001G110300,GRMZM2G045690
Sobic.002G333600,GRMZM2G045732
Sobic.006G075000,GRMZM2G045844
Sobic.005G017200,GRMZM2G045970
Sobic.008G129000,GRMZM2G045976
Sobic.003G368500,GRMZM2G046025
Sobic.001G110000,GRMZM2G046055
Sobic.003G368700,GRMZM2G046098
Sobic.003G031800,GRMZM2G046290
Sobic.004G229700,GRMZM2G046353
Sobic.003G344600,GRMZM2G046418
Sobic.002G330800,GRMZM2G046474
Sobic.005G068700,GRMZM2G046498
Sobic.007G205900,GRMZM2G046503
Sobic.003G420900,GRMZM2G046558
Sobic.006G080900,GRMZM2G046583
Sobic.001G451500,GRMZM2G046601
Sobic.007G025700,GRMZM2G046743
Sobic.007G025800,GRMZM2G046743
Sobic.007G025600,GRMZM2G046743
Sobic.007G025500,GRMZM2G046743
Sobic.007G025900,GRMZM2G046743
Sobic.006G154400,GRMZM2G046782
Sobic.007G025400,GRMZM2G046804
Sobic.006G154500,GRMZM2G046952
Sobic.006G073700,GRMZM2G047065
Sobic.004G295000,GRMZM2G047128
Sobic.010G039700,GRMZM2G047131
Sobic.003G016600,GRMZM2G047139
Sobic.006G126700,GRMZM2G047143
Sobic.003G152700,GRMZM2G047161
Sobic.004G217450,GRMZM2G047167
Sobic.003G369500,GRMZM2G047214
Sobic.009G010900,GRMZM2G047219
Sobic.010G040000,GRMZM2G047296
Sobic.010G040100,GRMZM2G047308
Sobic.004G318600,GRMZM2G047319
Sobic.004G318700,GRMZM2G047319
Sobic.004G319000,GRMZM2G047319
Sobic.002G159900,GRMZM2G047404
Sobic.005G056600,GRMZM2G047486
Sobic.003G142300,GRMZM2G047600
Sobic.008G133700,GRMZM2G047626
Sobic.008G147500,GRMZM2G047637
Sobic.003G152600,GRMZM2G047732
Sobic.010G091900,GRMZM2G047860
Sobic.010G096700,GRMZM2G047941
Sobic.010G096900,GRMZM2G047941
Sobic.002G255100,GRMZM2G047971
Sobic.002G255300,GRMZM2G047971
Sobic.002G398901,GRMZM2G048013
Sobic.004G257400,GRMZM2G048045
Sobic.001G168800,GRMZM2G048281
Sobic.001G169100,GRMZM2G048363
Sobic.001G466400,GRMZM2G048375
Sobic.010G261000,GRMZM2G048430
Sobic.010G261100,GRMZM2G048430
Sobic.001G214300,GRMZM2G048435
Sobic.002G009800,GRMZM2G048494
Sobic.002G233900,GRMZM2G048548
Sobic.002G287500,GRMZM2G048551
Sobic.001G214200,GRMZM2G048559
Sobic.010G261500,GRMZM2G048561
Sobic.002G287400,GRMZM2G048582
Sobic.003G185200,GRMZM2G048611
Sobic.004G295600,GRMZM2G048621
Sobic.010G261600,GRMZM2G048644
Sobic.005G079900,GRMZM2G048661
Sobic.005G079800,GRMZM2G048680
Sobic.004G113800,GRMZM2G048733
Sobic.002G131400,GRMZM2G048762
Sobic.003G058400,GRMZM2G048763
Sobic.003G058500,GRMZM2G048804
Sobic.010G092900,GRMZM2G048836
Sobic.001G297800,GRMZM2G048854
Sobic.002G131900,GRMZM2G048928
Sobic.010G106500,GRMZM2G048962
Sobic.009G124400,GRMZM2G049013
Sobic.003G125500,GRMZM2G049109
Sobic.001G287600,GRMZM2G049229
Sobic.003G379600,GRMZM2G049269
Sobic.001G287500,GRMZM2G049288
Sobic.001G415000,GRMZM2G049340
Sobic.003G246900,GRMZM2G049378
Sobic.001G462900,GRMZM2G049398
Sobic.003G379500,GRMZM2G049418
Sobic.003G119400,GRMZM2G049429
Sobic.001G482900,GRMZM2G049484
Sobic.003G118400,GRMZM2G049606
Sobic.002G286200,GRMZM2G049613
Sobic.006G074900,GRMZM2G049681
Sobic.003G034300,GRMZM2G049695
Sobic.008G112800,GRMZM2G049902
Sobic.010G043400,GRMZM2G049950
Sobic.003G237400,GRMZM2G050003
Sobic.003G219700,GRMZM2G050072
Sobic.007G026200,GRMZM2G050118
Sobic.001G471200,GRMZM2G050159
Sobic.004G183800,GRMZM2G050186
Sobic.002G279500,GRMZM2G050193
Sobic.007G221300,GRMZM2G050218
Sobic.002G279300,GRMZM2G050268
Sobic.003G219800,GRMZM2G050270
Sobic.002G279100,GRMZM2G050305
Sobic.001G203400,GRMZM2G050309
Sobic.009G259600,GRMZM2G050364
Sobic.004G268100,GRMZM2G050371
Sobic.003G214900,GRMZM2G050548
Sobic.006G077300,GRMZM2G050647
Sobic.002G165140,GRMZM2G050658
Sobic.010G219100,GRMZM2G050701
Sobic.001G075400,GRMZM2G050741
Sobic.009G044900,GRMZM2G050800
Sobic.003G380400,GRMZM2G050803
Sobic.001G094500,GRMZM2G050833
Sobic.002G119700,GRMZM2G050885
Sobic.004G056400,GRMZM2G051004
Sobic.001G522900,GRMZM2G051009
Sobic.009G166801,GRMZM2G051045
Sobic.009G166900,GRMZM2G051045
Sobic.009G167000,GRMZM2G051045
Sobic.009G167100,GRMZM2G051050
Sobic.001G523200,GRMZM2G051103
Sobic.001G259000,GRMZM2G051174
Sobic.004G055700,GRMZM2G051208
Sobic.001G094300,GRMZM2G051270
Sobic.005G014500,GRMZM2G051491
Sobic.003G145400,GRMZM2G051522
Sobic.003G145100,GRMZM2G051528
Sobic.005G014600,GRMZM2G051534
Sobic.001G392800,GRMZM2G051613
Sobic.001G453900,GRMZM2G051689
Sobic.005G035000,GRMZM2G051738
Sobic.002G183900,GRMZM2G051752
Sobic.010G202600,GRMZM2G051792
Sobic.003G105000,GRMZM2G051842
Sobic.006G123000,GRMZM2G051852
Sobic.001G392600,GRMZM2G051896
Sobic.002G201400,GRMZM2G051955
Sobic.007G140900,GRMZM2G052067
Sobic.006G078400,GRMZM2G052100
Sobic.006G078500,GRMZM2G052100
Sobic.004G107900,GRMZM2G052102
Sobic.009G207000,GRMZM2G052200
Sobic.005G056000,GRMZM2G052277
Sobic.007G196800,GRMZM2G052357
Sobic.001G077000,GRMZM2G052423
Sobic.002G299600,GRMZM2G052434
Sobic.001G076800,GRMZM2G052467
Sobic.001G076700,GRMZM2G052476
Sobic.002G242500,GRMZM2G052671
Sobic.009G151700,GRMZM2G052855
Sobic.003G071901,GRMZM2G052869
Sobic.003G130900,GRMZM2G052875
Sobic.004G059000,GRMZM2G052902
Sobic.009G151800,GRMZM2G052926
Sobic.001G346500,GRMZM2G053004
Sobic.001G425000,GRMZM2G053199
Sobic.009G257200,GRMZM2G053261
Sobic.001G024700,GRMZM2G053387
Sobic.007G059900,GRMZM2G053600
Sobic.001G403400,GRMZM2G053639
Sobic.001G403500,GRMZM2G053652
Sobic.001G335400,GRMZM2G053831
Sobic.002G386200,GRMZM2G053833
Sobic.001G403700,GRMZM2G053908
Sobic.001G410100,GRMZM2G053987
Sobic.004G335600,GRMZM2G054012
Sobic.001G335000,GRMZM2G054020
Sobic.009G041600,GRMZM2G054040
Sobic.010G099800,GRMZM2G054070
Sobic.004G336000,GRMZM2G054076
Sobic.004G181600,GRMZM2G054109
Sobic.004G181700,GRMZM2G054109
Sobic.003G151600,GRMZM2G054123
Sobic.007G156101,GRMZM2G054139
Sobic.004G116100,GRMZM2G054149
Sobic.001G051200,GRMZM2G054193
Sobic.004G116000,GRMZM2G054233
Sobic.009G217300,GRMZM2G054247
Sobic.001G410200,GRMZM2G054300
Sobic.003G411600,GRMZM2G054341
Sobic.001G050800,GRMZM2G054350
Sobic.001G050500,GRMZM2G054350
Sobic.004G272800,GRMZM2G054354
Sobic.003G411400,GRMZM2G054380
Sobic.006G162000,GRMZM2G054418
Sobic.004G006700,GRMZM2G054458
Sobic.004G272900,GRMZM2G054522
Sobic.006G162200,GRMZM2G054591
Sobic.008G020500,GRMZM2G054610
Sobic.006G162800,GRMZM2G054615
Sobic.006G082200,GRMZM2G054632
Sobic.001G290500,GRMZM2G054634
Sobic.008G021000,GRMZM2G054703
Sobic.003G193800,GRMZM2G054900
Sobic.001G492100,GRMZM2G054969
Sobic.009G049300,GRMZM2G055116
Sobic.003G293000,GRMZM2G055219
Sobic.010G267500,GRMZM2G055413
Sobic.006G075600,GRMZM2G055437
Sobic.007G046100,GRMZM2G055499
Sobic.007G046200,GRMZM2G055520
Sobic.005G153600,GRMZM2G055621
Sobic.005G153500,GRMZM2G055621
Sobic.001G539500,GRMZM2G055785
Sobic.001G378400,GRMZM2G055827
Sobic.001G540200,GRMZM2G055899
Sobic.002G177400,GRMZM2G055960
Sobic.009G137200,GRMZM2G055970
Sobic.001G390800,GRMZM2G056099
Sobic.003G108700,GRMZM2G056145
Sobic.003G027300,GRMZM2G056221
Sobic.003G228000,GRMZM2G056247
Sobic.003G228100,GRMZM2G056247
Sobic.005G130800,GRMZM2G056329
Sobic.002G377100,GRMZM2G056467
Sobic.003G182300,GRMZM2G056524
Sobic.007G005500,GRMZM2G056573
Sobic.002G296200,GRMZM2G056606
Sobic.002G377300,GRMZM2G056612
Sobic.004G146500,GRMZM2G056773
Sobic.006G001100,GRMZM2G056799
Sobic.003G359800,GRMZM2G056986
Sobic.002G202700,GRMZM2G057011
Sobic.006G161000,GRMZM2G057084
Sobic.010G223700,GRMZM2G057408
Sobic.003G273600,GRMZM2G057416
Sobic.006G110300,GRMZM2G057437
Sobic.002G412700,GRMZM2G057448
Sobic.001G471300,GRMZM2G057467
Sobic.001G471400,GRMZM2G057467
Sobic.007G154500,GRMZM2G057486
Sobic.001G509500,GRMZM2G057491
Sobic.001G509901,GRMZM2G057514
Sobic.001G510000,GRMZM2G057514
Sobic.001G510400,GRMZM2G057514
Sobic.001G510300,GRMZM2G057514
Sobic.001G510500,GRMZM2G057529
Sobic.006G207900,GRMZM2G057567
Sobic.003G210900,GRMZM2G057618
Sobic.001G083400,GRMZM2G057623
Sobic.006G207600,GRMZM2G057698
Sobic.002G210300,GRMZM2G057779
Sobic.002G210401,GRMZM2G057779
Sobic.002G210200,GRMZM2G057852
Sobic.001G340500,GRMZM2G057865
Sobic.001G491100,GRMZM2G057950
Sobic.001G403300,GRMZM2G057959
Sobic.003G345100,GRMZM2G058024
Sobic.002G250400,GRMZM2G058095
Sobic.006G222400,GRMZM2G058098
Sobic.002G277300,GRMZM2G058105
Sobic.003G275700,GRMZM2G058155
Sobic.003G112800,GRMZM2G058276
Sobic.009G107600,GRMZM2G058358
Sobic.009G108300,GRMZM2G058358
Sobic.001G371800,GRMZM2G058470
Sobic.003G011000,GRMZM2G058491
Sobic.001G371900,GRMZM2G058522
Sobic.006G126100,GRMZM2G058525
Sobic.006G247700,GRMZM2G058588
Sobic.009G203400,GRMZM2G058690
Sobic.009G203500,GRMZM2G058745
Sobic.004G079100,GRMZM2G058866
Sobic.010G220100,GRMZM2G058900
Sobic.009G234700,GRMZM2G058913
Sobic.001G194300,GRMZM2G059013
Sobic.007G118600,GRMZM2G059018
Sobic.004G294900,GRMZM2G059021
Sobic.003G432100,GRMZM2G059073
Sobic.002G202300,GRMZM2G059106
Sobic.003G432000,GRMZM2G059117
Sobic.007G004500,GRMZM2G059179
Sobic.003G431700,GRMZM2G059191
Sobic.002G225900,GRMZM2G059219
Sobic.007G004200,GRMZM2G059266
Sobic.010G101500,GRMZM2G059282
Sobic.007G051200,GRMZM2G059445
Sobic.003G254100,GRMZM2G059497
Sobic.007G051000,GRMZM2G059556
Sobic.010G104400,GRMZM2G059634
Sobic.010G064700,GRMZM2G059708
Sobic.001G301300,GRMZM2G059785
Sobic.003G220200,GRMZM2G059893
Sobic.001G512300,GRMZM2G059937
Sobic.002G395600,GRMZM2G060109
Sobic.002G396000,GRMZM2G060160
Sobic.003G119500,GRMZM2G060190
Sobic.009G065600,GRMZM2G060210
Sobic.009G191000,GRMZM2G060213
Sobic.009G192000,GRMZM2G060284
Sobic.007G135700,GRMZM2G060319
Sobic.009G192300,GRMZM2G060327
Sobic.004G303200,GRMZM2G060357
Sobic.002G210700,GRMZM2G060400
Sobic.002G211700,GRMZM2G060429
Sobic.009G229800,GRMZM2G060467
Sobic.004G243800,GRMZM2G060495
Sobic.001G526200,GRMZM2G060507
Sobic.004G309800,GRMZM2G060554
Sobic.004G020000,GRMZM2G060567
Sobic.004G310300,GRMZM2G060630
Sobic.004G019600,GRMZM2G060669
Sobic.006G075500,GRMZM2G060720
Sobic.003G424950,GRMZM2G060723
Sobic.009G131300,GRMZM2G060824
Sobic.001G388400,GRMZM2G060842
Sobic.010G257600,GRMZM2G060868
Sobic.003G266500,GRMZM2G060886
Sobic.003G266600,GRMZM2G060886
Sobic.001G389000,GRMZM2G060918
Sobic.001G166300,GRMZM2G060940
Sobic.001G166401,GRMZM2G060940
Sobic.001G166500,GRMZM2G060940
Sobic.004G265600,GRMZM2G060947
Sobic.003G422900,GRMZM2G060977
Sobic.009G124800,GRMZM2G060999
Sobic.004G018900,GRMZM2G061023
Sobic.004G019000,GRMZM2G061023
Sobic.004G019100,GRMZM2G061023
Sobic.004G019300,GRMZM2G061023
Sobic.004G019400,GRMZM2G061023
Sobic.004G019550,GRMZM2G061023
Sobic.003G151900,GRMZM2G061088
Sobic.003G152100,GRMZM2G061088
Sobic.003G152000,GRMZM2G061088
Sobic.003G152200,GRMZM2G061088
Sobic.002G204600,GRMZM2G061184
Sobic.003G054100,GRMZM2G061187
Sobic.001G475500,GRMZM2G061280
Sobic.006G179200,GRMZM2G061287
Sobic.001G166200,GRMZM2G061292
Sobic.004G260500,GRMZM2G061303
Sobic.001G475400,GRMZM2G061314
Sobic.003G394400,GRMZM2G061396
Sobic.006G178800,GRMZM2G061398
Sobic.003G421500,GRMZM2G061403
Sobic.003G422000,GRMZM2G061403
Sobic.003G422100,GRMZM2G061403
Sobic.003G422200,GRMZM2G061403
Sobic.003G394100,GRMZM2G061419
Sobic.001G474500,GRMZM2G061428
Sobic.009G076500,GRMZM2G061450
Sobic.009G076550,GRMZM2G061450
Sobic.010G218300,GRMZM2G061465
Sobic.006G147500,GRMZM2G061499
Sobic.003G282100,GRMZM2G061521
Sobic.003G282200,GRMZM2G061521
Sobic.006G138500,GRMZM2G061537
Sobic.003G282000,GRMZM2G061602
Sobic.008G142700,GRMZM2G061629
Sobic.008G142900,GRMZM2G061655
Sobic.008G143000,GRMZM2G061655
Sobic.003G158000,GRMZM2G061684
Sobic.002G257900,GRMZM2G061734
Sobic.003G049800,GRMZM2G061735
Sobic.010G224000,GRMZM2G061821
Sobic.002G218500,GRMZM2G061885
Sobic.003G360100,GRMZM2G061963
Sobic.003G050400,GRMZM2G061969
Sobic.004G219500,GRMZM2G062009
Sobic.006G128500,GRMZM2G062052
Sobic.004G339500,GRMZM2G062084
Sobic.002G353900,GRMZM2G062156
Sobic.002G354100,GRMZM2G062156
Sobic.002G354200,GRMZM2G062156
Sobic.002G354000,GRMZM2G062156
Sobic.002G353800,GRMZM2G062244
Sobic.002G304100,GRMZM2G062268
Sobic.001G183000,GRMZM2G062470
Sobic.007G019800,GRMZM2G062476
Sobic.009G182200,GRMZM2G062555
Sobic.003G008600,GRMZM2G062826
Sobic.006G264700,GRMZM2G062844
Sobic.003G008500,GRMZM2G062953
Sobic.001G501300,GRMZM2G063060
Sobic.009G246300,GRMZM2G063144
Sobic.001G421500,GRMZM2G063151
Sobic.004G270800,GRMZM2G063192
Sobic.004G247400,GRMZM2G063220
Sobic.003G136500,GRMZM2G063223
Sobic.002G332400,GRMZM2G063263
Sobic.004G247600,GRMZM2G063276
Sobic.002G332300,GRMZM2G063309
Sobic.001G501100,GRMZM2G063342
Sobic.001G451400,GRMZM2G063369
Sobic.001G501000,GRMZM2G063387
Sobic.001G500900,GRMZM2G063435
Sobic.009G059500,GRMZM2G063511
Sobic.002G276400,GRMZM2G063533
Sobic.003G204300,GRMZM2G063583
Sobic.001G477700,GRMZM2G063603
Sobic.002G081100,GRMZM2G063643
Sobic.002G220700,GRMZM2G063647
Sobic.009G067000,GRMZM2G063676
Sobic.009G066900,GRMZM2G063676
Sobic.003G235000,GRMZM2G063684
Sobic.002G227200,GRMZM2G063723
Sobic.003G234900,GRMZM2G063729
Sobic.003G294500,GRMZM2G063737
Sobic.002G227300,GRMZM2G063747
Sobic.004G202500,GRMZM2G063792
Sobic.001G418700,GRMZM2G063875
Sobic.004G220500,GRMZM2G063917
Sobic.004G220600,GRMZM2G063917
Sobic.004G220700,GRMZM2G063917
Sobic.001G526600,GRMZM2G063931
Sobic.001G526300,GRMZM2G064005
Sobic.004G078000,GRMZM2G064023
Sobic.001G102200,GRMZM2G064042
Sobic.010G250100,GRMZM2G064050
Sobic.004G177600,GRMZM2G064145
Sobic.002G113800,GRMZM2G064163
Sobic.006G166300,GRMZM2G064195
Sobic.006G112100,GRMZM2G064278
Sobic.003G246700,GRMZM2G064336
Sobic.009G166200,GRMZM2G064426
Sobic.003G149200,GRMZM2G064521
Sobic.003G149100,GRMZM2G064521
Sobic.004G320800,GRMZM2G064537
Sobic.001G533400,GRMZM2G064563
Sobic.001G533300,GRMZM2G064600
Sobic.004G278300,GRMZM2G064626
Sobic.002G384700,GRMZM2G064640
Sobic.002G385100,GRMZM2G064640
Sobic.002G313800,GRMZM2G064655
Sobic.004G260600,GRMZM2G064701
Sobic.004G260800,GRMZM2G064701
Sobic.001G390500,GRMZM2G064725
Sobic.002G314000,GRMZM2G064759
Sobic.001G259300,GRMZM2G064775
Sobic.007G012900,GRMZM2G064807
Sobic.006G239300,GRMZM2G064831
Sobic.002G128200,GRMZM2G064873
Sobic.002G125900,GRMZM2G064898
Sobic.006G239100,GRMZM2G064903
Sobic.002G385300,GRMZM2G064938
Sobic.003G407900,GRMZM2G064954
Sobic.007G012700,GRMZM2G064969
Sobic.005G025500,GRMZM2G064984
Sobic.004G261500,GRMZM2G065030
Sobic.004G261600,GRMZM2G065044
Sobic.005G139700,GRMZM2G065144
Sobic.006G163000,GRMZM2G065176
Sobic.007G198300,GRMZM2G065225
Sobic.007G198100,GRMZM2G065244
Sobic.004G036900,GRMZM2G065451
Sobic.004G037100,GRMZM2G065494
Sobic.004G037200,GRMZM2G065494
Sobic.003G265200,GRMZM2G065538
Sobic.009G171000,GRMZM2G065566
Sobic.009G171200,GRMZM2G065593
Sobic.009G032500,GRMZM2G065622
Sobic.001G099800,GRMZM2G065669
Sobic.001G099900,GRMZM2G065822
Sobic.003G211200,GRMZM2G065829
Sobic.010G266900,GRMZM2G065888
Sobic.003G396000,GRMZM2G065893
Sobic.010G266300,GRMZM2G065950
Sobic.003G395600,GRMZM2G065971
Sobic.003G393900,GRMZM2G066024
Sobic.009G184300,GRMZM2G066158
Sobic.006G116300,GRMZM2G066163
Sobic.001G146000,GRMZM2G066191
Sobic.005G047500,GRMZM2G066213
Sobic.004G145701,GRMZM2G066222
Sobic.004G145801,GRMZM2G066222
Sobic.001G252401,GRMZM2G066291
Sobic.002G372200,GRMZM2G066343
Sobic.002G371400,GRMZM2G066388
Sobic.005G164700,GRMZM2G066394
Sobic.001G145900,GRMZM2G066449
Sobic.003G150600,GRMZM2G066500
Sobic.003G150700,GRMZM2G066500
Sobic.002G229700,GRMZM2G066516
Sobic.004G272400,GRMZM2G066615
Sobic.008G135200,GRMZM2G066650
Sobic.002G218600,GRMZM2G066672
Sobic.001G396400,GRMZM2G066734
Sobic.003G345400,GRMZM2G066755
Sobic.006G121100,GRMZM2G066815
Sobic.001G168400,GRMZM2G066867
Sobic.006G252100,GRMZM2G066981
Sobic.008G051400,GRMZM2G067171
Sobic.008G051700,GRMZM2G067171
Sobic.006G251800,GRMZM2G067176
Sobic.008G082700,GRMZM2G067223
Sobic.001G449700,GRMZM2G067225
Sobic.007G131900,GRMZM2G067277
Sobic.001G284900,GRMZM2G067298
Sobic.006G251500,GRMZM2G067299
Sobic.001G436200,GRMZM2G067303
Sobic.001G449500,GRMZM2G067426
Sobic.008G135000,GRMZM2G067456
Sobic.008G134900,GRMZM2G067476
Sobic.002G156100,GRMZM2G067514
Sobic.003G003000,GRMZM2G067522
Sobic.001G381200,GRMZM2G067546
Sobic.007G218000,GRMZM2G067587
Sobic.003G051100,GRMZM2G067675
Sobic.001G295900,GRMZM2G067734
Sobic.001G219800,GRMZM2G067764
Sobic.009G005900,GRMZM2G067985
Sobic.009G006100,GRMZM2G067985
Sobic.005G153800,GRMZM2G068011
Sobic.009G167800,GRMZM2G068192
Sobic.005G091500,GRMZM2G068220
Sobic.003G380200,GRMZM2G068271
Sobic.003G380000,GRMZM2G068361
Sobic.003G395300,GRMZM2G068392
Sobic.007G137600,GRMZM2G068455
Sobic.001G392300,GRMZM2G068479
Sobic.004G117800,GRMZM2G068489
Sobic.003G253800,GRMZM2G068586
Sobic.010G030100,GRMZM2G068672
Sobic.010G030200,GRMZM2G068672
Sobic.003G335200,GRMZM2G068682
Sobic.002G386400,GRMZM2G068715
Sobic.003G334700,GRMZM2G068755
Sobic.009G200200,GRMZM2G068943
Sobic.001G120000,GRMZM2G068963
Sobic.003G334600,GRMZM2G068973
Sobic.002G083800,GRMZM2G069005
Sobic.007G018100,GRMZM2G069047
Sobic.007G018200,GRMZM2G069102
Sobic.003G334100,GRMZM2G069106
Sobic.003G096000,GRMZM2G069195
Sobic.010G018300,GRMZM2G069335
Sobic.004G266800,GRMZM2G069365
Sobic.006G091500,GRMZM2G069370
Sobic.008G044000,GRMZM2G069408
Sobic.004G266900,GRMZM2G069422
Sobic.004G186900,GRMZM2G069678
Sobic.008G156300,GRMZM2G069758
Sobic.001G297000,GRMZM2G069807
Sobic.003G023000,GRMZM2G069816
Sobic.006G100700,GRMZM2G069830
Sobic.008G149800,GRMZM2G069886
Sobic.001G016900,GRMZM2G069916
Sobic.006G095600,GRMZM2G070092
Sobic.006G134400,GRMZM2G070111
Sobic.004G325600,GRMZM2G070239
Sobic.006G134200,GRMZM2G070255
Sobic.006G134100,GRMZM2G070279
Sobic.004G228200,GRMZM2G070343
Sobic.005G208950,GRMZM2G070371
Sobic.005G209100,GRMZM2G070371
Sobic.005G209200,GRMZM2G070371
Sobic.005G209300,GRMZM2G070371
Sobic.005G209000,GRMZM2G070371
Sobic.010G154700,GRMZM2G070378
Sobic.010G041700,GRMZM2G070446
Sobic.006G134001,GRMZM2G070448
Sobic.003G036400,GRMZM2G070487
Sobic.002G011700,GRMZM2G070503
Sobic.002G012200,GRMZM2G070503
Sobic.002G011500,GRMZM2G070503
Sobic.002G011800,GRMZM2G070503
Sobic.002G011900,GRMZM2G070503
Sobic.002G013400,GRMZM2G070503
Sobic.001G183100,GRMZM2G070523
Sobic.002G014400,GRMZM2G070542
Sobic.007G192100,GRMZM2G070693
Sobic.001G115500,GRMZM2G070765
Sobic.004G273000,GRMZM2G070865
Sobic.009G013400,GRMZM2G070978
Sobic.009G012400,GRMZM2G071052
Sobic.009G012500,GRMZM2G071052
Sobic.009G012600,GRMZM2G071052
Sobic.001G042200,GRMZM2G071071
Sobic.007G212900,GRMZM2G071101
Sobic.007G216600,GRMZM2G071196
Sobic.009G203100,GRMZM2G071223
Sobic.006G138000,GRMZM2G071264
Sobic.009G203200,GRMZM2G071339
Sobic.004G227500,GRMZM2G071448
Sobic.007G192200,GRMZM2G071575
Sobic.001G237700,GRMZM2G071589
Sobic.001G086400,GRMZM2G071620
Sobic.004G205100,GRMZM2G071630
Sobic.001G086300,GRMZM2G071745
Sobic.007G176900,GRMZM2G071883
Sobic.001G086000,GRMZM2G071970
Sobic.001G086200,GRMZM2G071970
Sobic.009G098900,GRMZM2G072089
Sobic.006G146800,GRMZM2G072107
Sobic.006G191700,GRMZM2G072121
Sobic.009G084500,GRMZM2G072238
Sobic.006G146500,GRMZM2G072261
Sobic.001G085400,GRMZM2G072315
Sobic.006G084000,GRMZM2G072337
Sobic.006G083800,GRMZM2G072513
Sobic.001G358800,GRMZM2G072573
Sobic.004G295500,GRMZM2G072926
Sobic.004G295700,GRMZM2G072926
Sobic.001G212000,GRMZM2G073034
Sobic.001G212100,GRMZM2G073034
Sobic.009G199300,GRMZM2G073044
Sobic.004G069850,GRMZM2G073059
Sobic.004G070000,GRMZM2G073059
Sobic.001G211900,GRMZM2G073109
Sobic.001G210300,GRMZM2G073114
Sobic.001G210500,GRMZM2G073114
Sobic.010G076400,GRMZM2G073150
Sobic.002G341300,GRMZM2G073197
Sobic.007G207900,GRMZM2G073199
Sobic.001G301400,GRMZM2G073260
Sobic.010G196600,GRMZM2G073303
Sobic.010G197000,GRMZM2G073312
Sobic.009G182400,GRMZM2G073324
Sobic.001G206200,GRMZM2G073351
Sobic.006G242000,GRMZM2G073465
Sobic.001G458200,GRMZM2G073498
Sobic.004G031800,GRMZM2G073571
Sobic.008G169400,GRMZM2G073750
Sobic.004G286700,GRMZM2G073770
Sobic.004G113600,GRMZM2G073788
Sobic.002G274000,GRMZM2G073882
Sobic.002G074000,GRMZM2G073928
Sobic.002G273900,GRMZM2G073942
Sobic.003G305100,GRMZM2G074028
Sobic.001G443000,GRMZM2G074032
Sobic.006G273000,GRMZM2G074107
Sobic.004G106900,GRMZM2G074122
Sobic.004G298200,GRMZM2G074173
Sobic.007G053300,GRMZM2G074300
Sobic.005G025700,GRMZM2G074351
Sobic.010G273700,GRMZM2G074358
Sobic.008G083200,GRMZM2G074373
Sobic.004G034400,GRMZM2G074423
Sobic.004G222600,GRMZM2G074436
Sobic.010G191100,GRMZM2G074438
Sobic.007G065800,GRMZM2G074443
Sobic.007G066932,GRMZM2G074443
Sobic.007G067300,GRMZM2G074443
Sobic.007G067350,GRMZM2G074443
Sobic.003G225600,GRMZM2G074540
Sobic.001G199200,GRMZM2G074543
Sobic.009G187200,GRMZM2G074631
Sobic.009G159900,GRMZM2G074645
Sobic.009G190500,GRMZM2G074648
Sobic.002G090500,GRMZM2G074687
Sobic.006G138300,GRMZM2G074689
Sobic.009G160000,GRMZM2G074725
Sobic.003G225900,GRMZM2G074735
Sobic.006G272800,GRMZM2G074754
Sobic.006G272200,GRMZM2G074787
Sobic.006G092300,GRMZM2G074793
Sobic.010G028100,GRMZM2G074850
Sobic.010G028200,GRMZM2G074850
Sobic.001G176000,GRMZM2G074871
Sobic.001G176100,GRMZM2G074871
Sobic.001G175300,GRMZM2G074898
Sobic.002G390100,GRMZM2G075002
Sobic.003G369900,GRMZM2G075023
Sobic.004G306100,GRMZM2G075044
Sobic.001G230900,GRMZM2G075051
Sobic.010G186100,GRMZM2G075064
Sobic.004G305800,GRMZM2G075074
Sobic.001G249100,GRMZM2G075077
Sobic.003G249300,GRMZM2G075092
Sobic.006G142200,GRMZM2G075100
Sobic.001G333100,GRMZM2G075104
Sobic.004G305700,GRMZM2G075117
Sobic.002G389600,GRMZM2G075122
Sobic.004G339200,GRMZM2G075124
Sobic.002G389400,GRMZM2G075148
Sobic.002G388800,GRMZM2G075244
Sobic.002G388900,GRMZM2G075244
Sobic.002G389000,GRMZM2G075244
Sobic.009G157000,GRMZM2G075295
Sobic.010G040900,GRMZM2G075408
Sobic.001G518800,GRMZM2G075417
Sobic.002G389100,GRMZM2G075461
Sobic.004G079200,GRMZM2G075485
Sobic.007G201100,GRMZM2G075496
Sobic.007G108700,GRMZM2G075524
Sobic.003G217100,GRMZM2G075528
Sobic.001G493500,GRMZM2G075563
Sobic.010G265300,GRMZM2G075584
Sobic.001G493600,GRMZM2G075588
Sobic.002G392400,GRMZM2G075619
Sobic.006G260400,GRMZM2G075630
Sobic.007G201800,GRMZM2G075655
Sobic.006G095900,GRMZM2G075676
Sobic.003G155900,GRMZM2G075690
Sobic.009G218000,GRMZM2G075796
Sobic.009G217900,GRMZM2G075839
Sobic.008G013800,GRMZM2G075884
Sobic.008G157200,GRMZM2G075900
Sobic.001G464600,GRMZM2G075921
Sobic.003G370700,GRMZM2G075956
Sobic.002G230600,GRMZM2G076075
Sobic.003G333400,GRMZM2G076152
Sobic.001G131900,GRMZM2G076276
Sobic.007G147600,GRMZM2G076345
Sobic.007G147700,GRMZM2G076345
Sobic.007G147800,GRMZM2G076345
Sobic.007G148700,GRMZM2G076389
Sobic.005G030300,GRMZM2G076415
Sobic.001G132100,GRMZM2G076524
Sobic.009G001500,GRMZM2G076544
Sobic.006G240700,GRMZM2G076602
Sobic.008G107500,GRMZM2G076657
Sobic.001G132900,GRMZM2G076676
Sobic.004G279700,GRMZM2G076683
Sobic.002G309600,GRMZM2G076730
Sobic.003G258400,GRMZM2G076827
Sobic.001G297200,GRMZM2G076852
Sobic.006G184100,GRMZM2G077036
Sobic.003G258800,GRMZM2G077054
Sobic.006G184300,GRMZM2G077069
Sobic.003G187400,GRMZM2G077125
Sobic.003G003450,GRMZM2G077202
Sobic.003G138900,GRMZM2G077212
Sobic.003G139000,GRMZM2G077212
Sobic.003G160700,GRMZM2G077259
Sobic.001G094800,GRMZM2G077356
Sobic.001G081400,GRMZM2G077404
Sobic.001G345600,GRMZM2G077495
Sobic.001G345700,GRMZM2G077495
Sobic.001G345800,GRMZM2G077495
Sobic.002G397600,GRMZM2G077500
Sobic.009G235700,GRMZM2G077546
Sobic.009G235900,GRMZM2G077546
Sobic.009G235600,GRMZM2G077546
Sobic.003G281400,GRMZM2G077680
Sobic.002G380500,GRMZM2G077823
Sobic.001G397600,GRMZM2G077895
Sobic.004G225400,GRMZM2G078077
Sobic.001G193600,GRMZM2G078097
Sobic.003G043700,GRMZM2G078267
Sobic.007G162100,GRMZM2G078283
Sobic.004G287700,GRMZM2G078299
Sobic.001G196500,GRMZM2G078379
Sobic.009G133500,GRMZM2G078468
Sobic.001G406800,GRMZM2G078472
Sobic.002G250100,GRMZM2G078480
Sobic.002G250200,GRMZM2G078480
Sobic.002G250000,GRMZM2G078480
Sobic.006G108400,GRMZM2G078641
Sobic.004G090100,GRMZM2G078799
Sobic.010G201388,GRMZM2G078820
Sobic.001G338400,GRMZM2G078890
Sobic.001G333600,GRMZM2G078924
Sobic.001G405900,GRMZM2G078933
Sobic.003G104700,GRMZM2G078941
Sobic.003G104200,GRMZM2G079034
Sobic.002G361600,GRMZM2G079067
Sobic.010G180800,GRMZM2G079080
Sobic.004G011000,GRMZM2G079143
Sobic.001G147000,GRMZM2G079185
Sobic.003G097200,GRMZM2G079219
Sobic.005G020300,GRMZM2G079236
Sobic.003G312200,GRMZM2G079257
Sobic.010G180400,GRMZM2G079308
Sobic.004G309500,GRMZM2G079316
Sobic.006G102500,GRMZM2G079342
Sobic.006G101900,GRMZM2G079342
Sobic.006G102800,GRMZM2G079342
Sobic.001G216600,GRMZM2G079343
Sobic.004G309300,GRMZM2G079381
Sobic.003G312400,GRMZM2G079389
Sobic.003G076500,GRMZM2G079458
Sobic.009G215300,GRMZM2G079746
Sobic.007G122600,GRMZM2G079768
Sobic.004G216400,GRMZM2G079817
Sobic.009G215400,GRMZM2G079938
Sobic.004G239500,GRMZM2G080079
Sobic.008G063500,GRMZM2G080107
Sobic.002G274500,GRMZM2G080295
Sobic.002G275000,GRMZM2G080295
Sobic.003G034700,GRMZM2G080375
Sobic.007G092200,GRMZM2G080380
Sobic.002G245000,GRMZM2G080439
Sobic.008G186400,GRMZM2G080503
Sobic.010G249200,GRMZM2G080509
Sobic.003G048500,GRMZM2G080521
Sobic.006G106900,GRMZM2G080575
Sobic.003G034600,GRMZM2G080588
Sobic.004G286500,GRMZM2G080644
Sobic.009G006300,GRMZM2G080858
Sobic.009G006400,GRMZM2G080858
Sobic.009G135800,GRMZM2G080889
Sobic.003G102500,GRMZM2G080937
Sobic.004G278400,GRMZM2G080959
Sobic.002G244300,GRMZM2G081017
Sobic.003G139900,GRMZM2G081127
Sobic.004G276500,GRMZM2G081180
Sobic.001G176200,GRMZM2G081221
Sobic.004G279000,GRMZM2G081285
Sobic.008G113100,GRMZM2G081350
Sobic.004G186300,GRMZM2G081359
Sobic.003G132100,GRMZM2G081462
Sobic.007G173700,GRMZM2G081538
Sobic.006G198700,GRMZM2G081557
Sobic.004G220400,GRMZM2G081582
Sobic.001G467000,GRMZM2G081622
Sobic.003G190100,GRMZM2G081626
Sobic.004G107400,GRMZM2G081644
Sobic.003G190400,GRMZM2G081653
Sobic.004G107500,GRMZM2G081666
Sobic.001G466900,GRMZM2G081729
Sobic.004G284100,GRMZM2G081829
Sobic.003G055500,GRMZM2G081848
Sobic.003G085600,GRMZM2G081892
Sobic.007G151100,GRMZM2G082087
Sobic.010G194300,GRMZM2G082118
Sobic.003G110100,GRMZM2G082185
Sobic.008G132300,GRMZM2G082203
Sobic.005G208600,GRMZM2G082302
Sobic.005G208700,GRMZM2G082302
Sobic.005G208801,GRMZM2G082302
Sobic.005G208900,GRMZM2G082302
Sobic.005G210000,GRMZM2G082302
Sobic.001G107400,GRMZM2G082343
Sobic.001G107500,GRMZM2G082368
Sobic.003G402300,GRMZM2G082372
Sobic.003G402400,GRMZM2G082376
Sobic.002G398500,GRMZM2G082448
Sobic.003G301700,GRMZM2G082490
Sobic.001G196600,GRMZM2G082502
Sobic.001G196700,GRMZM2G082502
Sobic.001G300800,GRMZM2G082520
Sobic.001G300900,GRMZM2G082520
Sobic.002G094600,GRMZM2G082580
Sobic.004G177300,GRMZM2G082642
Sobic.009G188000,GRMZM2G082792
Sobic.002G056900,GRMZM2G082809
Sobic.002G057200,GRMZM2G082809
Sobic.010G255700,GRMZM2G082874
Sobic.002G057900,GRMZM2G082886
Sobic.002G058100,GRMZM2G082886
Sobic.004G297900,GRMZM2G082940
Sobic.009G136400,GRMZM2G082959
Sobic.009G136300,GRMZM2G082959
Sobic.001G009300,GRMZM2G082976
Sobic.009G183700,GRMZM2G083016
Sobic.001G283200,GRMZM2G083076
Sobic.005G163700,GRMZM2G083095
Sobic.001G404100,GRMZM2G083262
Sobic.007G212300,GRMZM2G083309
Sobic.003G058300,GRMZM2G083328
Sobic.001G008500,GRMZM2G083346
Sobic.003G037500,GRMZM2G083350
Sobic.001G427800,GRMZM2G083402
Sobic.001G427900,GRMZM2G083427
Sobic.002G255200,GRMZM2G083504
Sobic.001G007600,GRMZM2G083546
Sobic.009G228500,GRMZM2G083738
Sobic.002G204300,GRMZM2G083759
Sobic.009G015100,GRMZM2G083847
Sobic.002G142500,GRMZM2G083972
Sobic.001G253600,GRMZM2G084021
Sobic.001G078700,GRMZM2G084130
Sobic.001G372900,GRMZM2G084347
Sobic.004G307800,GRMZM2G084445
Sobic.009G201800,GRMZM2G084477
Sobic.004G307700,GRMZM2G084570
Sobic.006G250500,GRMZM2G084576
Sobic.006G251000,GRMZM2G084586
Sobic.008G101800,GRMZM2G084606
Sobic.008G101850,GRMZM2G084606
Sobic.006G012400,GRMZM2G084729
Sobic.004G284800,GRMZM2G084791
Sobic.007G153400,GRMZM2G084885
Sobic.007G169100,GRMZM2G085000
Sobic.003G366000,GRMZM2G085035
Sobic.003G139300,GRMZM2G085111
Sobic.002G299300,GRMZM2G085199
Sobic.006G236700,GRMZM2G085236
Sobic.003G073000,GRMZM2G085254
Sobic.001G031800,GRMZM2G085336
Sobic.003G262100,GRMZM2G085408
Sobic.001G432200,GRMZM2G085409
Sobic.010G072400,GRMZM2G085530
Sobic.007G142500,GRMZM2G085573
Sobic.003G350300,GRMZM2G085600
Sobic.001G070500,GRMZM2G085646
Sobic.004G115000,GRMZM2G085751
Sobic.007G169700,GRMZM2G085960
Sobic.006G239000,GRMZM2G086030
Sobic.003G202100,GRMZM2G086052
Sobic.003G243600,GRMZM2G086088
Sobic.001G201400,GRMZM2G086116
Sobic.001G201500,GRMZM2G086116
Sobic.006G238500,GRMZM2G086136
Sobic.001G201000,GRMZM2G086237
Sobic.006G197800,GRMZM2G086403
Sobic.001G085100,GRMZM2G086497
Sobic.006G197200,GRMZM2G086530
Sobic.006G197100,GRMZM2G086541
Sobic.006G196900,GRMZM2G086553
Sobic.001G384700,GRMZM2G086614
Sobic.003G155400,GRMZM2G086636
Sobic.003G136600,GRMZM2G086746
Sobic.001G179100,GRMZM2G086763
Sobic.007G062500,GRMZM2G086789
Sobic.003G226800,GRMZM2G086880
Sobic.003G146300,GRMZM2G086897
Sobic.001G179000,GRMZM2G086904
Sobic.001G456500,GRMZM2G086934
Sobic.009G160200,GRMZM2G086943
Sobic.006G255300,GRMZM2G086949
Sobic.009G213800,GRMZM2G087081
Sobic.003G296200,GRMZM2G087117
Sobic.004G232800,GRMZM2G087137
Sobic.001G178500,GRMZM2G087165
Sobic.009G160600,GRMZM2G087197
Sobic.009G160800,GRMZM2G087206
Sobic.009G161000,GRMZM2G087206
Sobic.001G177800,GRMZM2G087233
Sobic.002G314300,GRMZM2G087254
Sobic.007G155050,GRMZM2G087259
Sobic.007G155100,GRMZM2G087259
Sobic.007G155200,GRMZM2G087259
Sobic.007G154800,GRMZM2G087259
Sobic.007G154901,GRMZM2G087259
Sobic.007G155000,GRMZM2G087259
Sobic.004G203900,GRMZM2G087323
Sobic.001G173300,GRMZM2G087326
Sobic.002G245300,GRMZM2G087441
Sobic.002G245400,GRMZM2G087441
Sobic.010G172100,GRMZM2G087445
Sobic.001G090800,GRMZM2G087482
Sobic.004G232600,GRMZM2G087503
Sobic.001G091300,GRMZM2G087510
Sobic.010G223200,GRMZM2G087598
Sobic.002G327800,GRMZM2G087625
Sobic.002G328400,GRMZM2G087625
Sobic.002G328900,GRMZM2G087625
Sobic.002G327700,GRMZM2G087625
Sobic.002G305100,GRMZM2G087679
Sobic.010G104100,GRMZM2G087787
Sobic.006G100332,GRMZM2G087824
Sobic.006G100400,GRMZM2G087824
Sobic.001G258500,GRMZM2G087827
Sobic.001G258600,GRMZM2G087827
Sobic.010G223300,GRMZM2G087850
Sobic.002G308900,GRMZM2G087870
Sobic.002G309000,GRMZM2G087870
Sobic.010G187100,GRMZM2G087896
Sobic.001G488700,GRMZM2G087901
Sobic.002G141700,GRMZM2G087921
Sobic.002G141300,GRMZM2G087955
Sobic.009G215200,GRMZM2G088060
Sobic.009G050700,GRMZM2G088088
Sobic.003G086800,GRMZM2G088112
Sobic.009G212400,GRMZM2G088132
Sobic.003G186800,GRMZM2G088196
Sobic.003G115100,GRMZM2G088231
Sobic.003G348600,GRMZM2G088286
Sobic.003G348700,GRMZM2G088286
Sobic.001G202700,GRMZM2G088358
Sobic.007G042300,GRMZM2G088648
Sobic.001G085200,GRMZM2G088797
Sobic.003G394500,GRMZM2G088828
Sobic.002G218300,GRMZM2G088860
Sobic.010G262100,GRMZM2G088930
Sobic.007G028700,GRMZM2G089106
Sobic.002G348000,GRMZM2G089159
Sobic.010G236900,GRMZM2G089343
Sobic.001G066100,GRMZM2G089361
Sobic.010G236500,GRMZM2G089400
Sobic.001G508900,GRMZM2G089421
Sobic.001G065500,GRMZM2G089448
Sobic.010G213400,GRMZM2G089491
Sobic.003G272700,GRMZM2G089553
Sobic.001G082800,GRMZM2G089556
Sobic.001G082900,GRMZM2G089673
Sobic.001G508400,GRMZM2G089686
Sobic.001G083100,GRMZM2G089696
Sobic.006G015600,GRMZM2G089721
Sobic.001G237300,GRMZM2G089873
Sobic.001G118400,GRMZM2G089974
Sobic.001G330300,GRMZM2G089977
Sobic.007G077001,GRMZM2G089995
Sobic.007G077100,GRMZM2G089995
Sobic.007G077200,GRMZM2G089995
Sobic.007G077300,GRMZM2G089995
Sobic.001G406100,GRMZM2G090025
Sobic.002G161700,GRMZM2G090061
Sobic.001G116700,GRMZM2G090172
Sobic.006G181600,GRMZM2G090230
Sobic.004G097000,GRMZM2G090328
Sobic.004G097100,GRMZM2G090328
Sobic.001G082500,GRMZM2G090432
Sobic.001G082200,GRMZM2G090432
Sobic.001G121700,GRMZM2G090435
Sobic.003G317600,GRMZM2G090487
Sobic.002G358600,GRMZM2G090493
Sobic.009G165500,GRMZM2G090563
Sobic.001G186200,GRMZM2G090576
Sobic.006G177700,GRMZM2G090627
Sobic.006G178200,GRMZM2G090652
Sobic.001G187200,GRMZM2G090669
Sobic.001G203700,GRMZM2G090693
Sobic.003G262400,GRMZM2G090719
Sobic.008G038600,GRMZM2G090722
Sobic.008G056100,GRMZM2G090723
Sobic.009G165900,GRMZM2G090732
Sobic.001G203900,GRMZM2G090736
Sobic.001G436500,GRMZM2G090792
Sobic.001G437000,GRMZM2G090842
Sobic.002G254200,GRMZM2G090865
Sobic.001G437100,GRMZM2G090868
Sobic.001G395100,GRMZM2G090869
Sobic.004G083100,GRMZM2G090900
Sobic.009G031200,GRMZM2G090928
Sobic.004G083200,GRMZM2G090935
Sobic.003G326600,GRMZM2G090971
Sobic.004G275500,GRMZM2G091003
Sobic.003G326500,GRMZM2G091006
Sobic.004G275200,GRMZM2G091044
Sobic.004G274900,GRMZM2G091069
Sobic.007G134000,GRMZM2G091155
Sobic.001G474300,GRMZM2G091226
Sobic.008G013300,GRMZM2G091235
Sobic.006G205700,GRMZM2G091303
Sobic.006G205500,GRMZM2G091303
Sobic.006G206000,GRMZM2G091331
Sobic.001G477900,GRMZM2G091362
Sobic.003G392200,GRMZM2G091397
Sobic.003G391900,GRMZM2G091435
Sobic.001G076000,GRMZM2G091487
Sobic.010G022400,GRMZM2G091490
Sobic.007G119900,GRMZM2G091503
Sobic.001G075700,GRMZM2G091527
Sobic.002G293200,GRMZM2G091558
Sobic.006G172400,GRMZM2G091579
Sobic.006G172200,GRMZM2G091581
Sobic.002G216100,GRMZM2G091588
Sobic.001G449300,GRMZM2G091621
Sobic.007G176800,GRMZM2G091715
Sobic.001G449100,GRMZM2G091742
Sobic.001G204501,GRMZM2G091986
Sobic.008G037300,GRMZM2G092008
Sobic.004G256500,GRMZM2G092085
Sobic.003G354500,GRMZM2G092120
Sobic.001G410700,GRMZM2G092123
Sobic.002G124700,GRMZM2G092125
Sobic.001G394400,GRMZM2G092174
Sobic.004G255400,GRMZM2G092182
Sobic.004G256600,GRMZM2G092182
Sobic.008G139500,GRMZM2G092223
Sobic.001G524000,GRMZM2G092281
Sobic.006G264201,GRMZM2G092427
Sobic.006G094600,GRMZM2G092429
Sobic.007G020700,GRMZM2G092432
Sobic.004G203500,GRMZM2G092459
Sobic.001G535800,GRMZM2G092497
Sobic.007G043600,GRMZM2G092535
Sobic.006G264500,GRMZM2G092571
Sobic.006G166500,GRMZM2G092599
Sobic.002G090800,GRMZM2G092648
Sobic.003G138400,GRMZM2G092694
Sobic.003G043400,GRMZM2G092704
Sobic.001G534800,GRMZM2G092741
Sobic.006G094900,GRMZM2G092747
Sobic.003G376500,GRMZM2G092759
Sobic.006G095000,GRMZM2G092762
Sobic.003G376100,GRMZM2G092817
Sobic.003G376300,GRMZM2G092817
Sobic.001G349400,GRMZM2G092910
Sobic.004G065600,GRMZM2G092917
Sobic.003G376000,GRMZM2G092945
Sobic.003G014300,GRMZM2G092981
Sobic.006G013500,GRMZM2G093022
Sobic.001G354200,GRMZM2G093092
Sobic.001G354400,GRMZM2G093092
Sobic.001G352400,GRMZM2G093096
Sobic.001G450400,GRMZM2G093157
Sobic.001G450600,GRMZM2G093254
Sobic.001G288100,GRMZM2G093270
Sobic.004G288600,GRMZM2G093316
Sobic.009G063100,GRMZM2G093323
Sobic.008G147900,GRMZM2G093347
Sobic.009G205100,GRMZM2G093404
Sobic.006G271800,GRMZM2G093643
Sobic.003G257600,GRMZM2G093908
Sobic.007G087000,GRMZM2G093945
Sobic.003G203400,GRMZM2G094039
Sobic.006G206500,GRMZM2G094051
Sobic.006G206900,GRMZM2G094051
Sobic.003G234200,GRMZM2G094165
Sobic.003G234500,GRMZM2G094165
Sobic.003G234400,GRMZM2G094165
Sobic.009G030200,GRMZM2G094241
Sobic.003G079100,GRMZM2G094273
Sobic.003G234800,GRMZM2G094356
Sobic.006G207000,GRMZM2G094360
Sobic.006G207100,GRMZM2G094360
Sobic.005G016600,GRMZM2G094535
Sobic.005G016700,GRMZM2G094535
Sobic.004G033000,GRMZM2G094579
Sobic.003G188500,GRMZM2G094595
Sobic.001G266400,GRMZM2G094599
Sobic.004G179700,GRMZM2G094871
Sobic.001G145200,GRMZM2G094900
Sobic.005G123500,GRMZM2G094955
Sobic.001G301500,GRMZM2G094990
Sobic.001G301600,GRMZM2G094990
Sobic.001G301000,GRMZM2G094990
Sobic.001G370300,GRMZM2G095095
Sobic.001G370100,GRMZM2G095104
Sobic.003G117300,GRMZM2G095114
Sobic.001G369000,GRMZM2G095124
Sobic.003G117500,GRMZM2G095164
Sobic.001G293700,GRMZM2G095219
Sobic.010G011000,GRMZM2G095252
Sobic.010G011200,GRMZM2G095252
Sobic.002G283000,GRMZM2G095327
Sobic.005G029100,GRMZM2G095392
Sobic.004G192400,GRMZM2G095397
Sobic.007G186000,GRMZM2G095400
Sobic.010G115700,GRMZM2G095404
Sobic.010G275150,GRMZM2G095489
Sobic.003G415100,GRMZM2G095510
Sobic.003G415000,GRMZM2G095538
Sobic.003G414800,GRMZM2G095541
Sobic.003G414900,GRMZM2G095541
Sobic.007G136100,GRMZM2G095552
Sobic.002G428200,GRMZM2G095593
Sobic.003G362200,GRMZM2G095611
Sobic.010G113300,GRMZM2G095628
Sobic.010G113500,GRMZM2G095628
Sobic.010G113600,GRMZM2G095628
Sobic.010G113700,GRMZM2G095628
Sobic.001G477600,GRMZM2G095689
Sobic.002G428100,GRMZM2G095695
Sobic.006G070298,GRMZM2G095725
Sobic.006G070564,GRMZM2G095725
Sobic.006G070830,GRMZM2G095725
Sobic.003G095800,GRMZM2G095757
Sobic.001G477400,GRMZM2G095786
Sobic.001G477100,GRMZM2G095822
Sobic.006G069000,GRMZM2G095826
Sobic.001G411900,GRMZM2G095868
Sobic.010G118800,GRMZM2G095895
Sobic.009G166100,GRMZM2G095905
Sobic.003G085700,GRMZM2G095964
Sobic.009G138500,GRMZM2G096064
Sobic.002G372500,GRMZM2G096106
Sobic.006G219600,GRMZM2G096107
Sobic.009G195800,GRMZM2G096115
Sobic.001G471900,GRMZM2G096355
Sobic.003G087600,GRMZM2G096358
Sobic.006G090500,GRMZM2G096365
Sobic.010G198500,GRMZM2G096403
Sobic.010G198600,GRMZM2G096403
Sobic.010G198700,GRMZM2G096403
Sobic.010G198800,GRMZM2G096403
Sobic.003G375900,GRMZM2G096407
Sobic.001G472200,GRMZM2G096464
Sobic.001G109300,GRMZM2G096596
Sobic.009G191600,GRMZM2G096600
Sobic.007G179800,GRMZM2G096622
Sobic.003G195300,GRMZM2G096655
Sobic.002G002500,GRMZM2G096693
Sobic.006G093900,GRMZM2G096695
Sobic.003G195000,GRMZM2G096764
Sobic.002G319200,GRMZM2G096944
Sobic.007G183300,GRMZM2G097043
Sobic.002G303600,GRMZM2G097089
Sobic.002G303500,GRMZM2G097122
Sobic.004G205000,GRMZM2G097190
Sobic.002G259700,GRMZM2G097226
Sobic.007G192500,GRMZM2G097395
Sobic.009G132900,GRMZM2G097457
Sobic.006G096900,GRMZM2G097499
Sobic.009G148300,GRMZM2G097502
Sobic.005G168500,GRMZM2G097511
Sobic.008G080700,GRMZM2G097533
Sobic.002G423800,GRMZM2G097568
Sobic.006G199400,GRMZM2G097628
Sobic.006G199800,GRMZM2G097636
Sobic.006G049300,GRMZM2G097662
Sobic.009G243800,GRMZM2G097768
Sobic.003G058900,GRMZM2G097775
Sobic.003G027800,GRMZM2G097805
Sobic.006G192800,GRMZM2G097848
Sobic.003G027500,GRMZM2G097878
Sobic.002G005300,GRMZM2G097967
Sobic.002G005400,GRMZM2G097967
Sobic.002G005500,GRMZM2G097967
Sobic.002G005100,GRMZM2G097967
Sobic.001G356200,GRMZM2G097987
Sobic.003G098600,GRMZM2G098015
Sobic.002G176900,GRMZM2G098076
Sobic.002G177000,GRMZM2G098076
Sobic.001G356100,GRMZM2G098079
Sobic.009G231700,GRMZM2G098129
Sobic.009G129600,GRMZM2G098227
Sobic.006G249300,GRMZM2G098279
Sobic.008G141700,GRMZM2G098397
Sobic.008G141800,GRMZM2G098434
Sobic.006G163100,GRMZM2G098442
Sobic.004G154400,GRMZM2G098460
Sobic.007G207000,GRMZM2G098557
Sobic.006G136400,GRMZM2G098577
Sobic.004G234500,GRMZM2G098583
Sobic.006G188600,GRMZM2G098676
Sobic.007G180300,GRMZM2G098696
Sobic.001G444300,GRMZM2G098797
Sobic.004G290800,GRMZM2G098800
Sobic.004G291000,GRMZM2G098800
Sobic.006G201600,GRMZM2G098813
Sobic.007G053500,GRMZM2G098819
Sobic.002G191000,GRMZM2G098828
Sobic.002G374400,GRMZM2G098859
Sobic.001G444200,GRMZM2G098869
Sobic.003G153100,GRMZM2G098912
Sobic.003G153200,GRMZM2G098912
Sobic.009G223500,GRMZM2G098999
Sobic.003G343400,GRMZM2G099045
Sobic.007G137400,GRMZM2G099088
Sobic.001G384600,GRMZM2G099101
Sobic.002G350300,GRMZM2G099105
Sobic.002G350400,GRMZM2G099167
Sobic.010G015900,GRMZM2G099187
Sobic.010G015800,GRMZM2G099238
Sobic.002G344700,GRMZM2G099239
Sobic.002G344600,GRMZM2G099270
Sobic.002G343600,GRMZM2G099295
Sobic.001G290100,GRMZM2G099337
Sobic.004G340500,GRMZM2G099376
Sobic.002G343500,GRMZM2G099425
Sobic.001G057800,GRMZM2G099449
Sobic.002G343400,GRMZM2G099463
Sobic.001G058100,GRMZM2G099474
Sobic.002G330600,GRMZM2G099487
Sobic.001G058300,GRMZM2G099491
Sobic.005G013400,GRMZM2G099593
Sobic.005G013500,GRMZM2G099593
Sobic.001G373600,GRMZM2G099609
Sobic.001G058500,GRMZM2G099615
Sobic.002G343300,GRMZM2G099622
Sobic.010G185000,GRMZM2G099691
Sobic.002G259800,GRMZM2G099780
Sobic.006G140801,GRMZM2G099802
Sobic.001G052200,GRMZM2G099869
Sobic.009G134000,GRMZM2G099981
Sobic.003G137400,GRMZM2G099984
Sobic.010G084900,GRMZM2G100114
Sobic.001G481700,GRMZM2G100120
Sobic.009G211700,GRMZM2G100146
Sobic.001G196300,GRMZM2G100158
Sobic.009G212100,GRMZM2G100229
Sobic.003G393300,GRMZM2G100318
Sobic.002G214400,GRMZM2G100333
Sobic.001G217700,GRMZM2G100360
Sobic.002G214500,GRMZM2G100372
Sobic.003G405900,GRMZM2G100402
Sobic.001G147500,GRMZM2G100412
Sobic.001G147650,GRMZM2G100412
Sobic.001G147900,GRMZM2G100412
Sobic.001G028400,GRMZM2G100419
Sobic.001G459200,GRMZM2G100431
Sobic.001G458900,GRMZM2G100473
Sobic.001G098900,GRMZM2G100478
Sobic.007G194000,GRMZM2G100492
Sobic.001G458800,GRMZM2G100511
Sobic.001G026700,GRMZM2G100524
Sobic.007G190333,GRMZM2G100583
Sobic.010G224200,GRMZM2G100709
Sobic.005G111700,GRMZM2G100794
Sobic.009G189200,GRMZM2G100809
Sobic.010G192500,GRMZM2G100864
Sobic.007G185900,GRMZM2G100913
Sobic.009G238500,GRMZM2G100982
Sobic.008G051800,GRMZM2G101020
Sobic.008G051900,GRMZM2G101020
Sobic.009G224900,GRMZM2G101042
Sobic.003G426800,GRMZM2G101053
Sobic.001G299600,GRMZM2G101058
Sobic.001G435700,GRMZM2G101062
Sobic.003G426700,GRMZM2G101080
Sobic.003G426100,GRMZM2G101083
Sobic.003G426300,GRMZM2G101083
Sobic.003G426600,GRMZM2G101083
Sobic.004G325300,GRMZM2G101125
Sobic.004G325100,GRMZM2G101125
Sobic.006G248900,GRMZM2G101179
Sobic.006G248500,GRMZM2G101264
Sobic.004G289800,GRMZM2G101391
Sobic.007G106400,GRMZM2G101480
Sobic.002G093900,GRMZM2G101596
Sobic.004G302600,GRMZM2G101635
Sobic.006G216600,GRMZM2G101675
Sobic.002G374100,GRMZM2G101769
Sobic.004G051100,GRMZM2G101818
Sobic.009G087800,GRMZM2G101852
Sobic.005G027400,GRMZM2G101867
Sobic.004G051000,GRMZM2G101872
Sobic.010G129700,GRMZM2G101874
Sobic.004G050700,GRMZM2G101916
Sobic.004G050600,GRMZM2G101920
Sobic.010G163600,GRMZM2G101938
Sobic.010G268400,GRMZM2G102149
Sobic.001G455900,GRMZM2G102161
Sobic.004G343700,GRMZM2G102163
Sobic.001G456000,GRMZM2G102218
Sobic.010G050100,GRMZM2G102225
Sobic.010G053500,GRMZM2G102225
Sobic.010G049600,GRMZM2G102225
Sobic.010G049700,GRMZM2G102225
Sobic.004G342400,GRMZM2G102230
Sobic.001G386200,GRMZM2G102382
Sobic.003G274200,GRMZM2G102404
Sobic.010G251000,GRMZM2G102421
Sobic.001G124000,GRMZM2G102475
Sobic.004G293700,GRMZM2G102502
Sobic.008G130400,GRMZM2G102580
Sobic.001G124100,GRMZM2G102598
Sobic.001G124200,GRMZM2G102601
Sobic.001G230500,GRMZM2G102639
Sobic.009G016800,GRMZM2G102674
Sobic.004G285700,GRMZM2G102681
Sobic.009G107400,GRMZM2G102745
Sobic.001G125300,GRMZM2G102754
Sobic.001G125400,GRMZM2G102754
Sobic.001G125500,GRMZM2G102754
Sobic.001G125700,GRMZM2G102760
Sobic.001G125800,GRMZM2G102760
Sobic.001G125900,GRMZM2G102760
Sobic.010G008000,GRMZM2G102790
Sobic.001G463400,GRMZM2G102802
Sobic.010G008100,GRMZM2G102808
Sobic.004G342300,GRMZM2G102815
Sobic.002G256800,GRMZM2G102878
Sobic.002G256900,GRMZM2G102878
Sobic.010G154150,GRMZM2G102888
Sobic.002G390600,GRMZM2G102903
Sobic.002G084500,GRMZM2G102985
Sobic.010G015200,GRMZM2G103108
Sobic.001G445100,GRMZM2G103119
Sobic.001G293100,GRMZM2G103169
Sobic.001G293300,GRMZM2G103236
Sobic.010G278200,GRMZM2G103240
Sobic.007G125300,GRMZM2G103245
Sobic.001G421000,GRMZM2G103247
Sobic.001G421200,GRMZM2G103247
Sobic.001G420900,GRMZM2G103270
Sobic.004G070600,GRMZM2G103382
Sobic.001G420800,GRMZM2G103465
Sobic.001G420700,GRMZM2G103490
Sobic.003G136200,GRMZM2G103512
Sobic.001G422366,GRMZM2G103595
Sobic.009G229300,GRMZM2G103628
Sobic.006G002300,GRMZM2G103841
Sobic.006G064800,GRMZM2G103847
Sobic.007G156200,GRMZM2G103939
Sobic.002G017900,GRMZM2G103955
Sobic.009G050300,GRMZM2G104025
Sobic.002G019000,GRMZM2G104032
Sobic.002G019100,GRMZM2G104032
Sobic.002G019200,GRMZM2G104032
Sobic.007G002000,GRMZM2G104041
Sobic.008G167800,GRMZM2G104045
Sobic.003G241800,GRMZM2G104047
Sobic.004G201600,GRMZM2G104078
Sobic.010G128700,GRMZM2G104109
Sobic.010G128300,GRMZM2G104109
Sobic.010G128400,GRMZM2G104109
Sobic.004G201700,GRMZM2G104118
Sobic.006G246900,GRMZM2G104199
Sobic.003G303800,GRMZM2G104246
Sobic.001G220300,GRMZM2G104254
Sobic.006G247000,GRMZM2G104260
Sobic.004G188400,GRMZM2G104262
Sobic.009G200800,GRMZM2G104283
Sobic.006G245400,GRMZM2G104294
Sobic.001G108900,GRMZM2G104316
Sobic.001G109100,GRMZM2G104342
Sobic.003G157300,GRMZM2G104390
Sobic.008G168300,GRMZM2G104396
Sobic.009G143700,GRMZM2G104400
Sobic.002G341000,GRMZM2G104410
Sobic.001G435400,GRMZM2G104418
Sobic.004G068300,GRMZM2G104419
Sobic.004G068200,GRMZM2G104456
Sobic.001G280000,GRMZM2G104484
Sobic.002G155200,GRMZM2G104529
Sobic.002G155100,GRMZM2G104546
Sobic.001G438500,GRMZM2G104610
Sobic.006G275800,GRMZM2G104613
Sobic.001G438100,GRMZM2G104626
Sobic.007G179750,GRMZM2G104783
Sobic.001G075300,GRMZM2G104789
Sobic.006G276200,GRMZM2G104882
Sobic.006G276700,GRMZM2G104918
Sobic.007G045500,GRMZM2G104942
Sobic.006G133900,GRMZM2G105004
Sobic.001G216800,GRMZM2G105065
Sobic.001G330400,GRMZM2G105092
Sobic.002G356400,GRMZM2G105207
Sobic.002G299200,GRMZM2G105250
Sobic.002G356300,GRMZM2G105302
Sobic.005G143400,GRMZM2G105317
Sobic.004G317000,GRMZM2G105335
Sobic.007G013800,GRMZM2G105387
Sobic.010G181600,GRMZM2G105398
Sobic.007G013900,GRMZM2G105438
Sobic.001G177000,GRMZM2G105518
Sobic.001G360600,GRMZM2G105523
Sobic.003G113500,GRMZM2G105587
Sobic.010G130000,GRMZM2G105598
Sobic.007G107900,GRMZM2G105627
Sobic.002G070300,GRMZM2G105652
Sobic.002G197100,GRMZM2G105772
Sobic.006G176100,GRMZM2G105775
Sobic.001G447600,GRMZM2G105787
Sobic.001G103400,GRMZM2G105822
Sobic.001G447400,GRMZM2G105834
Sobic.006G186800,GRMZM2G105855
Sobic.004G077200,GRMZM2G105892
Sobic.007G200100,GRMZM2G105901
Sobic.004G185000,GRMZM2G105933
Sobic.001G209800,GRMZM2G105987
Sobic.001G464100,GRMZM2G106235
Sobic.001G530100,GRMZM2G106263
Sobic.004G213000,GRMZM2G106308
Sobic.006G254100,GRMZM2G106376
Sobic.003G199500,GRMZM2G106479
Sobic.005G160500,GRMZM2G106531
Sobic.005G117400,GRMZM2G106560
Sobic.010G185300,GRMZM2G106591
Sobic.007G076800,GRMZM2G106673
Sobic.003G319000,GRMZM2G106690
Sobic.003G319600,GRMZM2G106702
Sobic.004G190500,GRMZM2G106741
Sobic.004G190100,GRMZM2G106752
Sobic.007G076200,GRMZM2G106766
Sobic.004G271700,GRMZM2G106795
Sobic.009G204100,GRMZM2G106819
Sobic.008G127500,GRMZM2G106906
Sobic.004G271600,GRMZM2G106931
Sobic.010G100700,GRMZM2G107092
Sobic.003G040900,GRMZM2G107101
Sobic.003G006300,GRMZM2G107205
Sobic.006G241300,GRMZM2G107226
Sobic.006G241200,GRMZM2G107226
Sobic.007G189000,GRMZM2G107289
Sobic.006G108832,GRMZM2G107299
Sobic.004G086600,GRMZM2G107362
Sobic.001G202600,GRMZM2G107402
Sobic.001G202500,GRMZM2G107444
Sobic.001G202400,GRMZM2G107444
Sobic.003G041200,GRMZM2G107479
Sobic.003G402100,GRMZM2G107484
Sobic.003G402000,GRMZM2G107491
Sobic.002G267000,GRMZM2G107560
Sobic.002G267100,GRMZM2G107560
Sobic.003G045600,GRMZM2G107639
Sobic.004G182900,GRMZM2G107807
Sobic.008G030600,GRMZM2G107839
Sobic.004G211400,GRMZM2G107896
Sobic.005G145300,GRMZM2G107945
Sobic.002G360000,GRMZM2G108040
Sobic.004G332300,GRMZM2G108084
Sobic.006G214200,GRMZM2G108125
Sobic.004G332900,GRMZM2G108147
Sobic.001G049600,GRMZM2G108225
Sobic.009G085900,GRMZM2G108273
Sobic.001G049400,GRMZM2G108355
Sobic.007G150700,GRMZM2G108418
Sobic.010G080100,GRMZM2G108537
Sobic.001G303100,GRMZM2G108619
Sobic.001G303000,GRMZM2G108668
Sobic.004G336600,GRMZM2G108712
Sobic.001G039700,GRMZM2G108716
Sobic.010G041600,GRMZM2G108780
Sobic.010G261700,GRMZM2G108798
Sobic.002G282500,GRMZM2G108912
Sobic.004G229000,GRMZM2G108919
Sobic.004G229100,GRMZM2G109140
Sobic.003G230300,GRMZM2G109144
Sobic.001G116500,GRMZM2G109383
Sobic.003G427200,GRMZM2G109472
Sobic.003G427300,GRMZM2G109472
Sobic.001G321900,GRMZM2G109624
Sobic.009G215500,GRMZM2G109651
Sobic.006G141500,GRMZM2G109668
Sobic.006G201800,GRMZM2G109753
Sobic.008G037800,GRMZM2G109785
Sobic.009G203766,GRMZM2G109842
Sobic.009G203900,GRMZM2G109842
Sobic.001G537300,GRMZM2G109987
Sobic.003G070900,GRMZM2G110063
Sobic.002G221400,GRMZM2G110107
Sobic.004G261700,GRMZM2G110109
Sobic.001G537200,GRMZM2G110116
Sobic.004G268500,GRMZM2G110192
Sobic.001G371100,GRMZM2G110233
Sobic.001G537001,GRMZM2G110236
Sobic.001G536901,GRMZM2G110236
Sobic.002G198400,GRMZM2G110242
Sobic.004G268300,GRMZM2G110287
Sobic.002G187300,GRMZM2G110358
Sobic.008G188100,GRMZM2G110395
Sobic.010G193800,GRMZM2G110402
Sobic.001G257100,GRMZM2G110473
Sobic.001G099100,GRMZM2G110735
Sobic.009G140000,GRMZM2G110739
Sobic.009G140150,GRMZM2G110739
Sobic.009G140300,GRMZM2G110739
Sobic.006G279200,GRMZM2G110869
Sobic.001G036900,GRMZM2G110952
Sobic.001G037000,GRMZM2G110952
Sobic.004G330700,GRMZM2G110960
Sobic.001G293600,GRMZM2G110988
Sobic.004G303400,GRMZM2G111045
Sobic.007G136500,GRMZM2G111117
Sobic.002G056200,GRMZM2G111172
Sobic.002G165800,GRMZM2G111204
Sobic.004G225000,GRMZM2G111225
Sobic.004G225100,GRMZM2G111225
Sobic.004G225200,GRMZM2G111225
Sobic.007G075800,GRMZM2G111228
Sobic.007G028100,GRMZM2G111247
Sobic.009G039900,GRMZM2G111306
Sobic.009G040000,GRMZM2G111306
Sobic.009G040100,GRMZM2G111306
Sobic.009G039100,GRMZM2G111306
Sobic.009G039200,GRMZM2G111306
Sobic.009G039500,GRMZM2G111306
Sobic.009G039600,GRMZM2G111306
Sobic.009G039700,GRMZM2G111306
Sobic.010G083600,GRMZM2G111394
Sobic.010G083100,GRMZM2G111421
Sobic.010G083300,GRMZM2G111421
Sobic.010G083400,GRMZM2G111421
Sobic.010G083500,GRMZM2G111421
Sobic.010G083200,GRMZM2G111421
Sobic.003G311700,GRMZM2G111472
Sobic.001G129000,GRMZM2G111475
Sobic.004G331100,GRMZM2G111491
Sobic.004G331000,GRMZM2G111521
Sobic.008G032600,GRMZM2G111533
Sobic.001G128400,GRMZM2G111566
Sobic.009G146100,GRMZM2G111596
Sobic.001G128100,GRMZM2G111679
Sobic.004G224500,GRMZM2G111756
Sobic.006G120301,GRMZM2G111770
Sobic.006G120400,GRMZM2G111770
Sobic.004G225900,GRMZM2G111922
Sobic.004G226700,GRMZM2G111923
Sobic.003G149000,GRMZM2G111926
Sobic.008G129200,GRMZM2G112074
Sobic.001G148900,GRMZM2G112149
Sobic.002G243200,GRMZM2G112165
Sobic.002G243500,GRMZM2G112165
Sobic.004G273200,GRMZM2G112198
Sobic.004G208600,GRMZM2G112228
Sobic.004G348200,GRMZM2G112229
Sobic.004G348300,GRMZM2G112240
Sobic.001G416200,GRMZM2G112251
Sobic.009G156900,GRMZM2G112284
Sobic.001G223550,GRMZM2G112309
Sobic.001G224000,GRMZM2G112309
Sobic.009G063400,GRMZM2G112336
Sobic.001G148700,GRMZM2G112366
Sobic.001G393200,GRMZM2G112428
Sobic.004G273400,GRMZM2G112456
Sobic.004G273500,GRMZM2G112456
Sobic.003G272300,GRMZM2G112535
Sobic.001G071000,GRMZM2G112548
Sobic.004G126700,GRMZM2G112619
Sobic.004G127200,GRMZM2G112619
Sobic.003G017500,GRMZM2G112659
Sobic.001G153400,GRMZM2G112679
Sobic.003G035100,GRMZM2G112681
Sobic.003G349700,GRMZM2G112799
Sobic.003G349800,GRMZM2G112836
Sobic.002G270500,GRMZM2G112839
Sobic.003G350100,GRMZM2G112912
Sobic.002G355400,GRMZM2G112954
Sobic.010G035700,GRMZM2G112965
Sobic.010G036200,GRMZM2G112965
Sobic.010G036400,GRMZM2G112965
Sobic.010G036500,GRMZM2G112965
Sobic.010G036800,GRMZM2G112965
Sobic.010G035500,GRMZM2G113017
Sobic.005G042000,GRMZM2G113033
Sobic.001G474001,GRMZM2G113057
Sobic.001G473900,GRMZM2G113060
Sobic.001G196900,GRMZM2G113135
Sobic.001G539016,GRMZM2G113163
Sobic.010G243900,GRMZM2G113244
Sobic.001G538700,GRMZM2G113245
Sobic.002G230000,GRMZM2G113257
Sobic.010G244400,GRMZM2G113269
Sobic.010G244500,GRMZM2G113272
Sobic.002G352000,GRMZM2G113370
Sobic.002G351900,GRMZM2G113396
Sobic.002G351700,GRMZM2G113420
Sobic.001G460300,GRMZM2G113486
Sobic.001G460000,GRMZM2G113506
Sobic.002G362900,GRMZM2G113512
Sobic.002G273600,GRMZM2G113618
Sobic.002G273700,GRMZM2G113618
Sobic.002G273800,GRMZM2G113618
Sobic.010G053400,GRMZM2G113631
Sobic.009G129400,GRMZM2G113652
Sobic.002G363100,GRMZM2G113696
Sobic.009G233400,GRMZM2G113720
Sobic.001G117200,GRMZM2G113771
Sobic.002G312200,GRMZM2G113779
Sobic.002G312300,GRMZM2G113779
Sobic.007G096000,GRMZM2G113790
Sobic.002G311501,GRMZM2G113794
Sobic.002G311601,GRMZM2G113794
Sobic.002G311700,GRMZM2G113794
Sobic.006G195000,GRMZM2G113818
Sobic.001G330100,GRMZM2G113860
Sobic.001G330200,GRMZM2G113860
Sobic.001G330000,GRMZM2G113866
Sobic.003G373800,GRMZM2G114046
Sobic.003G373900,GRMZM2G114057
Sobic.001G421700,GRMZM2G114126
Sobic.001G118100,GRMZM2G114137
Sobic.003G374000,GRMZM2G114172
Sobic.001G341500,GRMZM2G114312
Sobic.006G236500,GRMZM2G114325
Sobic.010G250800,GRMZM2G114337
Sobic.010G250400,GRMZM2G114394
Sobic.006G236400,GRMZM2G114434
Sobic.003G244300,GRMZM2G114538
Sobic.001G078400,GRMZM2G114557
Sobic.008G112500,GRMZM2G114617
Sobic.002G196200,GRMZM2G114681
Sobic.001G115300,GRMZM2G114789
Sobic.003G194300,GRMZM2G114895
Sobic.004G284500,GRMZM2G114911
Sobic.005G142400,GRMZM2G114948
Sobic.005G142500,GRMZM2G114948
Sobic.005G142600,GRMZM2G114948
Sobic.004G284400,GRMZM2G114998
Sobic.002G209800,GRMZM2G115388
Sobic.003G360000,GRMZM2G115422
Sobic.001G049300,GRMZM2G115612
Sobic.005G024300,GRMZM2G115628
Sobic.001G497000,GRMZM2G115633
Sobic.005G024800,GRMZM2G115658
Sobic.001G401600,GRMZM2G115762
Sobic.008G049701,GRMZM2G115812
Sobic.002G363600,GRMZM2G115817
Sobic.001G398400,GRMZM2G115825
Sobic.003G253000,GRMZM2G115828
Sobic.007G217000,GRMZM2G115855
Sobic.002G209300,GRMZM2G115859
Sobic.001G440900,GRMZM2G115925
Sobic.002G166300,GRMZM2G116004
Sobic.002G192900,GRMZM2G116196
Sobic.008G113700,GRMZM2G116204
Sobic.004G107200,GRMZM2G116314
Sobic.010G262200,GRMZM2G116475
Sobic.003G115900,GRMZM2G116506
Sobic.006G159300,GRMZM2G116538
Sobic.003G411900,GRMZM2G116557
Sobic.008G156200,GRMZM2G116574
Sobic.004G114500,GRMZM2G116640
Sobic.008G176300,GRMZM2G116646
Sobic.009G139400,GRMZM2G116671
Sobic.001G529000,GRMZM2G116681
Sobic.003G412000,GRMZM2G116736
Sobic.010G071600,GRMZM2G116785
Sobic.005G036600,GRMZM2G116812
Sobic.005G036800,GRMZM2G116812
Sobic.001G029200,GRMZM2G116876
Sobic.010G071200,GRMZM2G116919
Sobic.009G028500,GRMZM2G117007
Sobic.001G427300,GRMZM2G117153
Sobic.009G033600,GRMZM2G117198
Sobic.001G408100,GRMZM2G117207
Sobic.002G053000,GRMZM2G117226
Sobic.001G407800,GRMZM2G117246
Sobic.003G385500,GRMZM2G117321
Sobic.003G385900,GRMZM2G117321
Sobic.007G189100,GRMZM2G117329
Sobic.004G039200,GRMZM2G117346
Sobic.004G039100,GRMZM2G117441
Sobic.009G123500,GRMZM2G117465
Sobic.002G381600,GRMZM2G117564
Sobic.002G381400,GRMZM2G117564
Sobic.002G381500,GRMZM2G117564
Sobic.006G082400,GRMZM2G117619
Sobic.006G082500,GRMZM2G117632
Sobic.006G082600,GRMZM2G117633
Sobic.006G178300,GRMZM2G117667
Sobic.001G355800,GRMZM2G117680
Sobic.004G105700,GRMZM2G117706
Sobic.004G105800,GRMZM2G117706
Sobic.004G106100,GRMZM2G117706
Sobic.004G105100,GRMZM2G117706
Sobic.004G105200,GRMZM2G117706
Sobic.001G360900,GRMZM2G117746
Sobic.003G218900,GRMZM2G117754
Sobic.007G134800,GRMZM2G117786
Sobic.001G361300,GRMZM2G117796
Sobic.007G134900,GRMZM2G117811
Sobic.002G289900,GRMZM2G117865
Sobic.002G341800,GRMZM2G117900
Sobic.001G304500,GRMZM2G117949
Sobic.001G304700,GRMZM2G117956
Sobic.002G379866,GRMZM2G117993
Sobic.001G305500,GRMZM2G118022
Sobic.007G032400,GRMZM2G118205
Sobic.007G032500,GRMZM2G118205
Sobic.008G073700,GRMZM2G118241
Sobic.008G073800,GRMZM2G118241
Sobic.008G073900,GRMZM2G118241
Sobic.008G074000,GRMZM2G118241
Sobic.003G435500,GRMZM2G118262
Sobic.003G295400,GRMZM2G118409
Sobic.003G295900,GRMZM2G118453
Sobic.003G296000,GRMZM2G118462
Sobic.003G416600,GRMZM2G118515
Sobic.003G431800,GRMZM2G118619
Sobic.004G049900,GRMZM2G118637
Sobic.004G050000,GRMZM2G118637
Sobic.004G281800,GRMZM2G118693
Sobic.004G218500,GRMZM2G118766
Sobic.005G064800,GRMZM2G118800
Sobic.004G190700,GRMZM2G118957
Sobic.001G409100,GRMZM2G118959
Sobic.001G408800,GRMZM2G118979
Sobic.007G149600,GRMZM2G119071
Sobic.001G294900,GRMZM2G119146
Sobic.009G076400,GRMZM2G119169
Sobic.001G035600,GRMZM2G119186
Sobic.002G197400,GRMZM2G119214
Sobic.003G086900,GRMZM2G119226
Sobic.004G152300,GRMZM2G119246
Sobic.003G375300,GRMZM2G119265
Sobic.004G155400,GRMZM2G119270
Sobic.004G266100,GRMZM2G119311
Sobic.009G231400,GRMZM2G119316
Sobic.003G078800,GRMZM2G119361
Sobic.006G199000,GRMZM2G119370
Sobic.006G199100,GRMZM2G119370
Sobic.007G181900,GRMZM2G119468
Sobic.004G058600,GRMZM2G119482
Sobic.005G073400,GRMZM2G119613
Sobic.009G216900,GRMZM2G119693
Sobic.003G264200,GRMZM2G119720
Sobic.009G217000,GRMZM2G119722
Sobic.010G052600,GRMZM2G119865
Sobic.004G049100,GRMZM2G119932
Sobic.002G190900,GRMZM2G119950
Sobic.010G054200,GRMZM2G120047
Sobic.006G166000,GRMZM2G120084
Sobic.002G247100,GRMZM2G120110
Sobic.006G240400,GRMZM2G120136
Sobic.006G060500,GRMZM2G120182
Sobic.006G060900,GRMZM2G120182
Sobic.004G227600,GRMZM2G120373
Sobic.003G292100,GRMZM2G120779
Sobic.003G129900,GRMZM2G120857
Sobic.003G130000,GRMZM2G120876
Sobic.001G207500,GRMZM2G120933
Sobic.006G205200,GRMZM2G120940
Sobic.008G079800,GRMZM2G120962
Sobic.008G080100,GRMZM2G120962
Sobic.008G080400,GRMZM2G120962
Sobic.008G080600,GRMZM2G120962
Sobic.001G207000,GRMZM2G120973
Sobic.001G518400,GRMZM2G120975
Sobic.004G271400,GRMZM2G121075
Sobic.009G210500,GRMZM2G121117
Sobic.004G315800,GRMZM2G121151
Sobic.001G054700,GRMZM2G121176
Sobic.004G271300,GRMZM2G121210
Sobic.001G054800,GRMZM2G121221
Sobic.004G020700,GRMZM2G121269
Sobic.001G395400,GRMZM2G121303
Sobic.010G278800,GRMZM2G121354
Sobic.001G374400,GRMZM2G121360
Sobic.001G395300,GRMZM2G121456
Sobic.002G352800,GRMZM2G121458
Sobic.001G069900,GRMZM2G121460
Sobic.007G161500,GRMZM2G121494
Sobic.006G221000,GRMZM2G121612
Sobic.001G029700,GRMZM2G121663
Sobic.001G030300,GRMZM2G121743
Sobic.003G330100,GRMZM2G121783
Sobic.004G104900,GRMZM2G121790
Sobic.003G329800,GRMZM2G121820
Sobic.001G030400,GRMZM2G121826
Sobic.001G031300,GRMZM2G121841
Sobic.001G031400,GRMZM2G121843
Sobic.002G360301,GRMZM2G121868
Sobic.007G143100,GRMZM2G121928
Sobic.007G143200,GRMZM2G121928
Sobic.007G143500,GRMZM2G121942
Sobic.003G006200,GRMZM2G122003
Sobic.007G126400,GRMZM2G122076
Sobic.001G138400,GRMZM2G122185
Sobic.001G133900,GRMZM2G122251
Sobic.001G134100,GRMZM2G122274
Sobic.007G050600,GRMZM2G122277
Sobic.010G001800,GRMZM2G122306
Sobic.006G151500,GRMZM2G122340
Sobic.006G053000,GRMZM2G122437
Sobic.008G129600,GRMZM2G122443
Sobic.008G129400,GRMZM2G122481
Sobic.006G021700,GRMZM2G122532
Sobic.009G175900,GRMZM2G122569
Sobic.003G416400,GRMZM2G122607
Sobic.004G252600,GRMZM2G122846
Sobic.003G140600,GRMZM2G122853
Sobic.003G140700,GRMZM2G122853
Sobic.001G106700,GRMZM2G122863
Sobic.010G173100,GRMZM2G122871
Sobic.006G223300,GRMZM2G122897
Sobic.004G203100,GRMZM2G122983
Sobic.002G181400,GRMZM2G123188
Sobic.007G171800,GRMZM2G123234
Sobic.007G015500,GRMZM2G123246
Sobic.007G015000,GRMZM2G123257
Sobic.007G015400,GRMZM2G123257
Sobic.007G191600,GRMZM2G123305
Sobic.003G229200,GRMZM2G123309
Sobic.003G228900,GRMZM2G123309
Sobic.007G140500,GRMZM2G123328
Sobic.003G361100,GRMZM2G123394
Sobic.010G176900,GRMZM2G123440
Sobic.010G203500,GRMZM2G123446
Sobic.010G204200,GRMZM2G123446
Sobic.006G163401,GRMZM2G123450
Sobic.001G119900,GRMZM2G123459
Sobic.001G225400,GRMZM2G123480
Sobic.001G225500,GRMZM2G123480
Sobic.001G225600,GRMZM2G123480
Sobic.001G224700,GRMZM2G123480
Sobic.001G225200,GRMZM2G123480
Sobic.002G412400,GRMZM2G123486
Sobic.004G347400,GRMZM2G123537
Sobic.004G347500,GRMZM2G123544
Sobic.001G225800,GRMZM2G123550
Sobic.006G070032,GRMZM2G123633
Sobic.006G161500,GRMZM2G123719
Sobic.006G056200,GRMZM2G123807
Sobic.004G352100,GRMZM2G123887
Sobic.006G058100,GRMZM2G123922
Sobic.002G226500,GRMZM2G123972
Sobic.002G269300,GRMZM2G124011
Sobic.002G269500,GRMZM2G124011
Sobic.002G269400,GRMZM2G124011
Sobic.002G269100,GRMZM2G124037
Sobic.002G269032,GRMZM2G124037
Sobic.002G073800,GRMZM2G124103
Sobic.007G051700,GRMZM2G124115
Sobic.004G060300,GRMZM2G124151
Sobic.001G063100,GRMZM2G124243
Sobic.004G060600,GRMZM2G124254
Sobic.001G063200,GRMZM2G124290
Sobic.001G412100,GRMZM2G124313
Sobic.001G336050,GRMZM2G124317
Sobic.002G374600,GRMZM2G124335
Sobic.003G306100,GRMZM2G124365
Sobic.006G137100,GRMZM2G124411
Sobic.006G256600,GRMZM2G124466
Sobic.006G256500,GRMZM2G124476
Sobic.006G256200,GRMZM2G124495
Sobic.006G256100,GRMZM2G124502
Sobic.005G021000,GRMZM2G124524
Sobic.007G202000,GRMZM2G124530
Sobic.004G282601,GRMZM2G124566
Sobic.001G379100,GRMZM2G124567
Sobic.004G254500,GRMZM2G124663
Sobic.004G254700,GRMZM2G124667
Sobic.009G232800,GRMZM2G124701
Sobic.005G062000,GRMZM2G124715
Sobic.009G087200,GRMZM2G124739
Sobic.009G232900,GRMZM2G124758
Sobic.009G014600,GRMZM2G124759
Sobic.001G181500,GRMZM2G124791
Sobic.002G271300,GRMZM2G124802
Sobic.003G292700,GRMZM2G124883
Sobic.001G180900,GRMZM2G124918
Sobic.001G180800,GRMZM2G124938
Sobic.002G375800,GRMZM2G124963
Sobic.006G170700,GRMZM2G124965
Sobic.010G019500,GRMZM2G124972
Sobic.010G019600,GRMZM2G124972
Sobic.010G019700,GRMZM2G124972
Sobic.010G020000,GRMZM2G124972
Sobic.002G375701,GRMZM2G125004
Sobic.006G170500,GRMZM2G125023
Sobic.006G170600,GRMZM2G125023
Sobic.010G136200,GRMZM2G125054
Sobic.001G372800,GRMZM2G125148
Sobic.006G257001,GRMZM2G125149
Sobic.005G082500,GRMZM2G125196
Sobic.005G082600,GRMZM2G125196
Sobic.005G082700,GRMZM2G125196
Sobic.006G104900,GRMZM2G125233
Sobic.006G104700,GRMZM2G125233
Sobic.006G105000,GRMZM2G125233
Sobic.006G105100,GRMZM2G125233
Sobic.006G105200,GRMZM2G125233
Sobic.003G329500,GRMZM2G125243
Sobic.001G018900,GRMZM2G125271
Sobic.004G069200,GRMZM2G125308
Sobic.004G271000,GRMZM2G125320
Sobic.004G069500,GRMZM2G125345
Sobic.005G046900,GRMZM2G125352
Sobic.006G105500,GRMZM2G125356
Sobic.004G250700,GRMZM2G125387
Sobic.004G250600,GRMZM2G125455
Sobic.002G216200,GRMZM2G125482
Sobic.002G216400,GRMZM2G125482
Sobic.002G216500,GRMZM2G125482
Sobic.002G320800,GRMZM2G125487
Sobic.002G359800,GRMZM2G125501
Sobic.002G321500,GRMZM2G125507
Sobic.004G250500,GRMZM2G125512
Sobic.001G296100,GRMZM2G125513
Sobic.002G321800,GRMZM2G125527
Sobic.007G000400,GRMZM2G125596
Sobic.006G135600,GRMZM2G125635
Sobic.004G155100,GRMZM2G125668
Sobic.002G257750,GRMZM2G125688
Sobic.003G142200,GRMZM2G125731
Sobic.001G022500,GRMZM2G125810
Sobic.004G333600,GRMZM2G125823
Sobic.002G322000,GRMZM2G125850
Sobic.009G259200,GRMZM2G125893
Sobic.006G066200,GRMZM2G125923
Sobic.002G247300,GRMZM2G125934
Sobic.004G245000,GRMZM2G125943
Sobic.004G244600,GRMZM2G125991
Sobic.002G247800,GRMZM2G126018
Sobic.009G259100,GRMZM2G126026
Sobic.010G069300,GRMZM2G126055
Sobic.010G070000,GRMZM2G126055
Sobic.004G115350,GRMZM2G126141
Sobic.007G056500,GRMZM2G126253
Sobic.004G268700,GRMZM2G126505
Sobic.004G313900,GRMZM2G126646
Sobic.006G165000,GRMZM2G126665
Sobic.001G513600,GRMZM2G126682
Sobic.003G268300,GRMZM2G126691
Sobic.004G313100,GRMZM2G126732
Sobic.001G514200,GRMZM2G126763
Sobic.004G312800,GRMZM2G126765
Sobic.001G514300,GRMZM2G126781
Sobic.004G312600,GRMZM2G126795
Sobic.001G515600,GRMZM2G126812
Sobic.001G515800,GRMZM2G126817
Sobic.001G451000,GRMZM2G126834
Sobic.006G215600,GRMZM2G126858
Sobic.006G215400,GRMZM2G126858
Sobic.003G077900,GRMZM2G126860
Sobic.004G257000,GRMZM2G126865
Sobic.004G257100,GRMZM2G126865
Sobic.003G249700,GRMZM2G126928
Sobic.004G256700,GRMZM2G126946
Sobic.001G239400,GRMZM2G126972
Sobic.001G516100,GRMZM2G127050
Sobic.001G516500,GRMZM2G127072
Sobic.010G061800,GRMZM2G127080
Sobic.001G517500,GRMZM2G127101
Sobic.001G314800,GRMZM2G127224
Sobic.003G052700,GRMZM2G127308
Sobic.003G043100,GRMZM2G127312
Sobic.001G309100,GRMZM2G127340
Sobic.004G253900,GRMZM2G127548
Sobic.006G236900,GRMZM2G127668
Sobic.006G237300,GRMZM2G127668
Sobic.002G079000,GRMZM2G127683
Sobic.003G013000,GRMZM2G127687
Sobic.004G169900,GRMZM2G127690
Sobic.006G164100,GRMZM2G127821
Sobic.001G334900,GRMZM2G127853
Sobic.004G219800,GRMZM2G127857
Sobic.004G201300,GRMZM2G127924
Sobic.010G052200,GRMZM2G127948
Sobic.006G198300,GRMZM2G128057
Sobic.002G370600,GRMZM2G128072
Sobic.006G198400,GRMZM2G128074
Sobic.006G198500,GRMZM2G128078
Sobic.006G198600,GRMZM2G128092
Sobic.002G428600,GRMZM2G128109
Sobic.003G374600,GRMZM2G128215
Sobic.004G186500,GRMZM2G128219
Sobic.003G374200,GRMZM2G128248
Sobic.006G067700,GRMZM2G128319
Sobic.009G227500,GRMZM2G128333
Sobic.009G227600,GRMZM2G128333
Sobic.006G066800,GRMZM2G128395
Sobic.001G161500,GRMZM2G128421
Sobic.001G161601,GRMZM2G128421
Sobic.001G161400,GRMZM2G128432
Sobic.001G161300,GRMZM2G128454
Sobic.003G429000,GRMZM2G128466
Sobic.003G429200,GRMZM2G128466
Sobic.003G429300,GRMZM2G128466
Sobic.001G352600,GRMZM2G128491
Sobic.001G352500,GRMZM2G128491
Sobic.003G106900,GRMZM2G128518
Sobic.006G236300,GRMZM2G128549
Sobic.001G307300,GRMZM2G128577
Sobic.001G307400,GRMZM2G128577
Sobic.001G307600,GRMZM2G128577
Sobic.004G102400,GRMZM2G128608
Sobic.009G122900,GRMZM2G128616
Sobic.006G002100,GRMZM2G128651
Sobic.003G220500,GRMZM2G128658
Sobic.001G285200,GRMZM2G128737
Sobic.006G207200,GRMZM2G128914
Sobic.006G207400,GRMZM2G128934
Sobic.001G407600,GRMZM2G128971
Sobic.009G256000,GRMZM2G128995
Sobic.003G424500,GRMZM2G129019
Sobic.002G258000,GRMZM2G129034
Sobic.006G204200,GRMZM2G129071
Sobic.003G424200,GRMZM2G129108
Sobic.001G138600,GRMZM2G129140
Sobic.006G203400,GRMZM2G129147
Sobic.001G138300,GRMZM2G129150
Sobic.003G423900,GRMZM2G129154
Sobic.006G203300,GRMZM2G129169
Sobic.002G430200,GRMZM2G129232
Sobic.005G072700,GRMZM2G129264
Sobic.005G073200,GRMZM2G129268
Sobic.007G192000,GRMZM2G129304
Sobic.001G390700,GRMZM2G129815
Sobic.001G088100,GRMZM2G129817
Sobic.001G087400,GRMZM2G129865
Sobic.001G087100,GRMZM2G129889
Sobic.004G337925,GRMZM2G130002
Sobic.004G173500,GRMZM2G130018
Sobic.004G338100,GRMZM2G130043
Sobic.002G092200,GRMZM2G130052
Sobic.003G185500,GRMZM2G130101
Sobic.002G276800,GRMZM2G130278
Sobic.007G065300,GRMZM2G130442
Sobic.010G044800,GRMZM2G130449
Sobic.001G059700,GRMZM2G130454
Sobic.010G044900,GRMZM2G130528
Sobic.001G058900,GRMZM2G130544
Sobic.003G247300,GRMZM2G130586
Sobic.001G070300,GRMZM2G130625
Sobic.009G107300,GRMZM2G130634
Sobic.001G070000,GRMZM2G130678
Sobic.003G335300,GRMZM2G130764
Sobic.002G355000,GRMZM2G130854
Sobic.001G122832,GRMZM2G130927
Sobic.003G044900,GRMZM2G130953
Sobic.010G204300,GRMZM2G131020
Sobic.010G204400,GRMZM2G131070
Sobic.004G002400,GRMZM2G131084
Sobic.009G148000,GRMZM2G131176
Sobic.001G313301,GRMZM2G131221
Sobic.002G324400,GRMZM2G131286
Sobic.002G324500,GRMZM2G131286
Sobic.002G324700,GRMZM2G131286
Sobic.010G018400,GRMZM2G131431
Sobic.001G426100,GRMZM2G131539
Sobic.007G027700,GRMZM2G131595
Sobic.007G222800,GRMZM2G131957
Sobic.007G222900,GRMZM2G131957
Sobic.006G154800,GRMZM2G131969
Sobic.003G084500,GRMZM2G132021
Sobic.007G223400,GRMZM2G132057
Sobic.001G189500,GRMZM2G132090
Sobic.001G188000,GRMZM2G132090
Sobic.003G324400,GRMZM2G132185
Sobic.006G154900,GRMZM2G132218
Sobic.003G324500,GRMZM2G132223
Sobic.001G351400,GRMZM2G132238
Sobic.001G351500,GRMZM2G132238
Sobic.003G324600,GRMZM2G132251
Sobic.003G325000,GRMZM2G132292
Sobic.003G325400,GRMZM2G132303
Sobic.007G168900,GRMZM2G132371
Sobic.002G008900,GRMZM2G132504
Sobic.007G175900,GRMZM2G132531
Sobic.003G241000,GRMZM2G132547
Sobic.003G192100,GRMZM2G132577
Sobic.010G269300,GRMZM2G132628
Sobic.004G117900,GRMZM2G132653
Sobic.009G175200,GRMZM2G132663
Sobic.004G203700,GRMZM2G132682
Sobic.003G226700,GRMZM2G132686
Sobic.003G099300,GRMZM2G132796
Sobic.003G132000,GRMZM2G132804
Sobic.007G126600,GRMZM2G132857
Sobic.009G152100,GRMZM2G132868
Sobic.006G096100,GRMZM2G132875
Sobic.006G096400,GRMZM2G132875
Sobic.003G314500,GRMZM2G132978
Sobic.003G314700,GRMZM2G132991
Sobic.009G122400,GRMZM2G133095
Sobic.004G214200,GRMZM2G133203
Sobic.004G214100,GRMZM2G133226
Sobic.003G316300,GRMZM2G133249
Sobic.002G278100,GRMZM2G133282
Sobic.001G025101,GRMZM2G133407
Sobic.001G025300,GRMZM2G133407
Sobic.002G416500,GRMZM2G133475
Sobic.002G416600,GRMZM2G133475
Sobic.002G416800,GRMZM2G133475
Sobic.003G084400,GRMZM2G133552
Sobic.010G052800,GRMZM2G133566
Sobic.004G191901,GRMZM2G133568
Sobic.009G135900,GRMZM2G133620
Sobic.003G407100,GRMZM2G133621
Sobic.004G067000,GRMZM2G133653
Sobic.003G383700,GRMZM2G133806
Sobic.001G238900,GRMZM2G133895
Sobic.003G433500,GRMZM2G133926
Sobic.004G023200,GRMZM2G133958
Sobic.004G023300,GRMZM2G133958
Sobic.003G250100,GRMZM2G133972
Sobic.004G280900,GRMZM2G134023
Sobic.005G198000,GRMZM2G134027
Sobic.001G287800,GRMZM2G134045
Sobic.010G019000,GRMZM2G134062
Sobic.001G375800,GRMZM2G134064
Sobic.003G409800,GRMZM2G134073
Sobic.003G410100,GRMZM2G134162
Sobic.003G410200,GRMZM2G134176
Sobic.003G221500,GRMZM2G134183
Sobic.010G000800,GRMZM2G134214
Sobic.003G410500,GRMZM2G134256
Sobic.001G391500,GRMZM2G134279
Sobic.010G190400,GRMZM2G134306
Sobic.003G410600,GRMZM2G134308
Sobic.001G324900,GRMZM2G134329
Sobic.002G245900,GRMZM2G134332
Sobic.002G245800,GRMZM2G134334
Sobic.010G079000,GRMZM2G134389
Sobic.001G401500,GRMZM2G134424
Sobic.001G401400,GRMZM2G134471
Sobic.001G400300,GRMZM2G134476
Sobic.002G223300,GRMZM2G134508
Sobic.006G166200,GRMZM2G134523
Sobic.004G094200,GRMZM2G134582
Sobic.009G140500,GRMZM2G134687
Sobic.006G185900,GRMZM2G134703
Sobic.006G186000,GRMZM2G134703
Sobic.003G251800,GRMZM2G134717
Sobic.001G289100,GRMZM2G134731
Sobic.003G218400,GRMZM2G134738
Sobic.010G007100,GRMZM2G134749
Sobic.004G303700,GRMZM2G134752
Sobic.010G258100,GRMZM2G134759
Sobic.002G222400,GRMZM2G134761
Sobic.007G205000,GRMZM2G134770
Sobic.001G288800,GRMZM2G134844
Sobic.007G209100,GRMZM2G134857
Sobic.010G207600,GRMZM2G134863
Sobic.002G222300,GRMZM2G134866
Sobic.010G207250,GRMZM2G134878
Sobic.004G000400,GRMZM2G134889
Sobic.001G235800,GRMZM2G134947
Sobic.001G153500,GRMZM2G134957
Sobic.001G154100,GRMZM2G134980
Sobic.002G164700,GRMZM2G134998
Sobic.004G262100,GRMZM2G135085
Sobic.004G219900,GRMZM2G135091
Sobic.004G220000,GRMZM2G135132
Sobic.004G259200,GRMZM2G135186
Sobic.003G317800,GRMZM2G135244
Sobic.003G317900,GRMZM2G135244
Sobic.003G318001,GRMZM2G135244
Sobic.003G318100,GRMZM2G135244
Sobic.003G318200,GRMZM2G135244
Sobic.005G157000,GRMZM2G135314
Sobic.003G342600,GRMZM2G135332
Sobic.003G342900,GRMZM2G135367
Sobic.006G077000,GRMZM2G135378
Sobic.006G077100,GRMZM2G135378
Sobic.009G202000,GRMZM2G135381
Sobic.010G063900,GRMZM2G135452
Sobic.010G073500,GRMZM2G135498
Sobic.001G238600,GRMZM2G135513
Sobic.007G009100,GRMZM2G135526
Sobic.007G009000,GRMZM2G135547
Sobic.007G008800,GRMZM2G135568
Sobic.006G127800,GRMZM2G135629
Sobic.007G134400,GRMZM2G135770
Sobic.008G040100,GRMZM2G136014
Sobic.008G039800,GRMZM2G136069
Sobic.003G127200,GRMZM2G136121
Sobic.003G127100,GRMZM2G136158
Sobic.003G302200,GRMZM2G136250
Sobic.008G116400,GRMZM2G136262
Sobic.001G449400,GRMZM2G136293
Sobic.010G230500,GRMZM2G136311
Sobic.006G097500,GRMZM2G136344
Sobic.009G200500,GRMZM2G136369
Sobic.003G302800,GRMZM2G136410
Sobic.003G303400,GRMZM2G136410
Sobic.001G348800,GRMZM2G136495
Sobic.001G348900,GRMZM2G136495
Sobic.006G277550,GRMZM2G136525
Sobic.001G348000,GRMZM2G136538
Sobic.010G022000,GRMZM2G136571
Sobic.001G015500,GRMZM2G136854
Sobic.003G202600,GRMZM2G136887
Sobic.006G235600,GRMZM2G136895
Sobic.006G234850,GRMZM2G136970
Sobic.006G235100,GRMZM2G136970
Sobic.004G246900,GRMZM2G136996
Sobic.010G092600,GRMZM2G137108
Sobic.008G132200,GRMZM2G137239
Sobic.009G050000,GRMZM2G137286
Sobic.009G049400,GRMZM2G137348
Sobic.004G178500,GRMZM2G137413
Sobic.010G175900,GRMZM2G137421
Sobic.006G056000,GRMZM2G137451
Sobic.010G186500,GRMZM2G137479
Sobic.005G199000,GRMZM2G137525
Sobic.005G199050,GRMZM2G137525
Sobic.005G199101,GRMZM2G137525
Sobic.002G235500,GRMZM2G137532
Sobic.002G235700,GRMZM2G137541
Sobic.002G120800,GRMZM2G137550
Sobic.002G235900,GRMZM2G137558
Sobic.010G186300,GRMZM2G137569
Sobic.010G186200,GRMZM2G137582
Sobic.010G082700,GRMZM2G137593
Sobic.001G247700,GRMZM2G137694
Sobic.002G405400,GRMZM2G137707
Sobic.007G088600,GRMZM2G137775
Sobic.001G506300,GRMZM2G137779
Sobic.009G212800,GRMZM2G137802
Sobic.001G076500,GRMZM2G137829
Sobic.002G349300,GRMZM2G137864
Sobic.001G316300,GRMZM2G137869
Sobic.002G299000,GRMZM2G137944
Sobic.001G465800,GRMZM2G137985
Sobic.007G204800,GRMZM2G138198
Sobic.001G196800,GRMZM2G138245
Sobic.003G098000,GRMZM2G138255
Sobic.008G156900,GRMZM2G138268
Sobic.008G019800,GRMZM2G138401
Sobic.008G019900,GRMZM2G138401
Sobic.008G020000,GRMZM2G138401
Sobic.001G026500,GRMZM2G138421
Sobic.007G178300,GRMZM2G138427
Sobic.001G291100,GRMZM2G138429
Sobic.008G018900,GRMZM2G138496
Sobic.004G213300,GRMZM2G138566
Sobic.001G469500,GRMZM2G138589
Sobic.001G469600,GRMZM2G138589
Sobic.004G208000,GRMZM2G138624
Sobic.004G208100,GRMZM2G138632
Sobic.004G271800,GRMZM2G138683
Sobic.007G034300,GRMZM2G138809
Sobic.009G176900,GRMZM2G138817
Sobic.009G176700,GRMZM2G138840
Sobic.006G267700,GRMZM2G138870
Sobic.007G178200,GRMZM2G138881
Sobic.007G177500,GRMZM2G138896
Sobic.006G064400,GRMZM2G138937
Sobic.003G444600,GRMZM2G138995
Sobic.003G270700,GRMZM2G138999
Sobic.003G320300,GRMZM2G139160
Sobic.003G321400,GRMZM2G139193
Sobic.003G321700,GRMZM2G139198
Sobic.003G322000,GRMZM2G139223
Sobic.002G385450,GRMZM2G139284
Sobic.004G315400,GRMZM2G139292
Sobic.003G322300,GRMZM2G139296
Sobic.003G322400,GRMZM2G139349
Sobic.003G322532,GRMZM2G139349
Sobic.003G322800,GRMZM2G139396
Sobic.006G074100,GRMZM2G139399
Sobic.006G088200,GRMZM2G139419
Sobic.003G323201,GRMZM2G139460
Sobic.003G322900,GRMZM2G139460
Sobic.002G040400,GRMZM2G139467
Sobic.002G040500,GRMZM2G139467
Sobic.009G126100,GRMZM2G139574
Sobic.001G212300,GRMZM2G139583
Sobic.004G095300,GRMZM2G139643
Sobic.010G237650,GRMZM2G139657
Sobic.010G237000,GRMZM2G139675
Sobic.004G179900,GRMZM2G139740
Sobic.008G131200,GRMZM2G139786
Sobic.001G048766,GRMZM2G139805
Sobic.001G048832,GRMZM2G139805
Sobic.005G152000,GRMZM2G139813
Sobic.005G152100,GRMZM2G139813
Sobic.005G152200,GRMZM2G139813
Sobic.005G152800,GRMZM2G139813
Sobic.002G081600,GRMZM2G139900
Sobic.002G184900,GRMZM2G139903
Sobic.002G184800,GRMZM2G139994
Sobic.004G174400,GRMZM2G140016
Sobic.002G184700,GRMZM2G140041
Sobic.002G184450,GRMZM2G140078
Sobic.002G184600,GRMZM2G140078
Sobic.009G023900,GRMZM2G140083
Sobic.004G157000,GRMZM2G140095
Sobic.002G286900,GRMZM2G140116
Sobic.002G211800,GRMZM2G140156
Sobic.008G130100,GRMZM2G140537
Sobic.009G179700,GRMZM2G140577
Sobic.006G086500,GRMZM2G140726
Sobic.001G440700,GRMZM2G140799
Sobic.003G338500,GRMZM2G140837
Sobic.003G135600,GRMZM2G140885
Sobic.004G338800,GRMZM2G140901
Sobic.006G205100,GRMZM2G140924
Sobic.002G430900,GRMZM2G140970
Sobic.004G258400,GRMZM2G141036
Sobic.005G024900,GRMZM2G141081
Sobic.001G487200,GRMZM2G141084
Sobic.001G487400,GRMZM2G141121
Sobic.003G053900,GRMZM2G141216
Sobic.002G404700,GRMZM2G141258
Sobic.010G164500,GRMZM2G141325
Sobic.009G246200,GRMZM2G141353
Sobic.002G404200,GRMZM2G141418
Sobic.002G403400,GRMZM2G141432
Sobic.004G088450,GRMZM2G141587
Sobic.004G088501,GRMZM2G141587
Sobic.001G428100,GRMZM2G141596
Sobic.009G154500,GRMZM2G141735
Sobic.001G080600,GRMZM2G141819
Sobic.001G080700,GRMZM2G141903
Sobic.001G079700,GRMZM2G141903
Sobic.009G013900,GRMZM2G141922
Sobic.010G267400,GRMZM2G141931
Sobic.001G080900,GRMZM2G141940
Sobic.007G026300,GRMZM2G142157
Sobic.010G018100,GRMZM2G142345
Sobic.010G067700,GRMZM2G142443
Sobic.009G177300,GRMZM2G142584
Sobic.004G345500,GRMZM2G142661
Sobic.003G194200,GRMZM2G142705
Sobic.006G268300,GRMZM2G142743
Sobic.010G092100,GRMZM2G142751
Sobic.006G268900,GRMZM2G142757
Sobic.003G209600,GRMZM2G142776
Sobic.006G269700,GRMZM2G142820
Sobic.007G075900,GRMZM2G142825
Sobic.006G205600,GRMZM2G142857
Sobic.002G336000,GRMZM2G142922
Sobic.003G192000,GRMZM2G142984
Sobic.001G313800,GRMZM2G142999
Sobic.002G215100,GRMZM2G143029
Sobic.006G233100,GRMZM2G143035
Sobic.003G399900,GRMZM2G143048
Sobic.006G232800,GRMZM2G143071
Sobic.006G232000,GRMZM2G143102
Sobic.003G053800,GRMZM2G143211
Sobic.001G530600,GRMZM2G143213
Sobic.001G530500,GRMZM2G143244
Sobic.003G053400,GRMZM2G143258
Sobic.003G053500,GRMZM2G143258
Sobic.003G053600,GRMZM2G143258
Sobic.003G053200,GRMZM2G143274
Sobic.008G072200,GRMZM2G143354
Sobic.006G245100,GRMZM2G143356
Sobic.004G155800,GRMZM2G143357
Sobic.006G244900,GRMZM2G143389
Sobic.006G244800,GRMZM2G143402
Sobic.003G202900,GRMZM2G143443
Sobic.004G065000,GRMZM2G143445
Sobic.001G455800,GRMZM2G143450
Sobic.004G064800,GRMZM2G143460
Sobic.003G203000,GRMZM2G143469
Sobic.006G244700,GRMZM2G143480
Sobic.002G010300,GRMZM2G143602
Sobic.008G013000,GRMZM2G143608
Sobic.003G365700,GRMZM2G143613
Sobic.003G365600,GRMZM2G143640
Sobic.006G012500,GRMZM2G143725
Sobic.003G348100,GRMZM2G143756
Sobic.003G144000,GRMZM2G143777
Sobic.003G347900,GRMZM2G143780
Sobic.004G265800,GRMZM2G143804
Sobic.001G032000,GRMZM2G143998
Sobic.001G031900,GRMZM2G144008
Sobic.001G032800,GRMZM2G144020
Sobic.003G262500,GRMZM2G144021
Sobic.003G262600,GRMZM2G144028
Sobic.001G033400,GRMZM2G144042
Sobic.001G033500,GRMZM2G144059
Sobic.007G125500,GRMZM2G144088
Sobic.001G034100,GRMZM2G144109
Sobic.001G034300,GRMZM2G144172
Sobic.002G332100,GRMZM2G144180
Sobic.007G140600,GRMZM2G144367
Sobic.007G224500,GRMZM2G144451
Sobic.007G224400,GRMZM2G144480
Sobic.009G159700,GRMZM2G144483
Sobic.004G241900,GRMZM2G144501
Sobic.003G283600,GRMZM2G144701
Sobic.003G283500,GRMZM2G144707
Sobic.001G290600,GRMZM2G144730
Sobic.004G211501,GRMZM2G144742
Sobic.001G290700,GRMZM2G144818
Sobic.002G065000,GRMZM2G144821
Sobic.001G290766,GRMZM2G144841
Sobic.002G067100,GRMZM2G144890
Sobic.002G067600,GRMZM2G144890
Sobic.001G434900,GRMZM2G144985
Sobic.004G192700,GRMZM2G145027
Sobic.009G137700,GRMZM2G145029
Sobic.003G408200,GRMZM2G145158
Sobic.004G297200,GRMZM2G145221
Sobic.004G297300,GRMZM2G145226
Sobic.001G284100,GRMZM2G145236
Sobic.001G467300,GRMZM2G145258
Sobic.003G408100,GRMZM2G145280
Sobic.008G153000,GRMZM2G145300
Sobic.008G152900,GRMZM2G145300
Sobic.008G175200,GRMZM2G145382
Sobic.001G410000,GRMZM2G145451
Sobic.006G217300,GRMZM2G145460
Sobic.010G273600,GRMZM2G145518
Sobic.003G227300,GRMZM2G145554
Sobic.001G409700,GRMZM2G145562
Sobic.001G409200,GRMZM2G145568
Sobic.007G189400,GRMZM2G145579
Sobic.001G309400,GRMZM2G145794
Sobic.001G116000,GRMZM2G145827
Sobic.001G115700,GRMZM2G145854
Sobic.009G130900,GRMZM2G145914
Sobic.001G107900,GRMZM2G145935
Sobic.007G035600,GRMZM2G145951
Sobic.004G072000,GRMZM2G145962
Sobic.002G101000,GRMZM2G145964
Sobic.004G072200,GRMZM2G145996
Sobic.004G072800,GRMZM2G145996
Sobic.003G117000,GRMZM2G146004
Sobic.003G116900,GRMZM2G146012
Sobic.008G046600,GRMZM2G146020
Sobic.004G073100,GRMZM2G146028
Sobic.003G108600,GRMZM2G146163
Sobic.010G254100,GRMZM2G146305
Sobic.004G326100,GRMZM2G146346
Sobic.001G233532,GRMZM2G146374
Sobic.010G253800,GRMZM2G146376
Sobic.001G431000,GRMZM2G146386
Sobic.004G276700,GRMZM2G146422
Sobic.001G306200,GRMZM2G146551
Sobic.001G306400,GRMZM2G146551
Sobic.001G306500,GRMZM2G146551
Sobic.001G164700,GRMZM2G146599
Sobic.002G022600,GRMZM2G146688
Sobic.007G130800,GRMZM2G146754
Sobic.010G197500,GRMZM2G146760
Sobic.001G093300,GRMZM2G147046
Sobic.009G088600,GRMZM2G147271
Sobic.004G177500,GRMZM2G147279
Sobic.006G066300,GRMZM2G147327
Sobic.001G362001,GRMZM2G147373
Sobic.005G022100,GRMZM2G147446
Sobic.007G180200,GRMZM2G147452
Sobic.003G360800,GRMZM2G147544
Sobic.001G439600,GRMZM2G147671
Sobic.004G269700,GRMZM2G147701
Sobic.007G117100,GRMZM2G147712
Sobic.003G270500,GRMZM2G147721
Sobic.004G116800,GRMZM2G147772
Sobic.004G269100,GRMZM2G147780
Sobic.001G439900,GRMZM2G147787
Sobic.001G095200,GRMZM2G147809
Sobic.008G192600,GRMZM2G147811
Sobic.003G035400,GRMZM2G147840
Sobic.008G190000,GRMZM2G147857
Sobic.001G095300,GRMZM2G147862
Sobic.001G095500,GRMZM2G147880
Sobic.002G105200,GRMZM2G147885
Sobic.001G137100,GRMZM2G148098
Sobic.001G136900,GRMZM2G148130
Sobic.001G294100,GRMZM2G148180
Sobic.002G374650,GRMZM2G148194
Sobic.002G374700,GRMZM2G148194
Sobic.010G060600,GRMZM2G148200
Sobic.001G294200,GRMZM2G148216
Sobic.005G111600,GRMZM2G148270
Sobic.002G212000,GRMZM2G148333
Sobic.004G304400,GRMZM2G148355
Sobic.006G001000,GRMZM2G148441
Sobic.004G294500,GRMZM2G148485
Sobic.004G294300,GRMZM2G148485
Sobic.004G294400,GRMZM2G148485
Sobic.006G223700,GRMZM2G148492
Sobic.006G223500,GRMZM2G148492
Sobic.006G223900,GRMZM2G148495
Sobic.001G154900,GRMZM2G148539
Sobic.003G332500,GRMZM2G148586
Sobic.006G225300,GRMZM2G148633
Sobic.002G010100,GRMZM2G148693
Sobic.001G149400,GRMZM2G148721
Sobic.003G372800,GRMZM2G148773
Sobic.003G371000,GRMZM2G148800
Sobic.003G371100,GRMZM2G148800
Sobic.001G401900,GRMZM2G148930
Sobic.001G401975,GRMZM2G148930
Sobic.001G019400,GRMZM2G148962
Sobic.001G359100,GRMZM2G148969
Sobic.001G359200,GRMZM2G148969
Sobic.003G297900,GRMZM2G148985
Sobic.003G297200,GRMZM2G149093
Sobic.007G182500,GRMZM2G149150
Sobic.007G062800,GRMZM2G149153
Sobic.003G261800,GRMZM2G149175
Sobic.006G191800,GRMZM2G149178
Sobic.004G240900,GRMZM2G149184
Sobic.009G126900,GRMZM2G149211
Sobic.003G355000,GRMZM2G149230
Sobic.003G355200,GRMZM2G149265
Sobic.004G318100,GRMZM2G149281
Sobic.009G126600,GRMZM2G149286
Sobic.008G094600,GRMZM2G149330
Sobic.001G117500,GRMZM2G149335
Sobic.001G117800,GRMZM2G149406
Sobic.004G229400,GRMZM2G149422
Sobic.004G229300,GRMZM2G149422
Sobic.004G229500,GRMZM2G149422
Sobic.003G439600,GRMZM2G149535
Sobic.006G058300,GRMZM2G149543
Sobic.006G058400,GRMZM2G149590
Sobic.003G226600,GRMZM2G149683
Sobic.006G008600,GRMZM2G149698
Sobic.010G133700,GRMZM2G149700
Sobic.003G226500,GRMZM2G149704
Sobic.007G067608,GRMZM2G149714
Sobic.007G067100,GRMZM2G149714
Sobic.007G067108,GRMZM2G149714
Sobic.007G066608,GRMZM2G149714
Sobic.007G066500,GRMZM2G149714
Sobic.007G066800,GRMZM2G149714
Sobic.007G066808,GRMZM2G149714
Sobic.007G066824,GRMZM2G149714
Sobic.007G066832,GRMZM2G149714
Sobic.007G067008,GRMZM2G149714
Sobic.007G066900,GRMZM2G149714
Sobic.001G439200,GRMZM2G149798
Sobic.009G147700,GRMZM2G149808
Sobic.001G439100,GRMZM2G149809
Sobic.002G069000,GRMZM2G149841
Sobic.002G068900,GRMZM2G149847
Sobic.006G260500,GRMZM2G149885
Sobic.002G068800,GRMZM2G149935
Sobic.009G105600,GRMZM2G149975
Sobic.009G105700,GRMZM2G149975
Sobic.006G261100,GRMZM2G149979
Sobic.006G261300,GRMZM2G150014
Sobic.004G189900,GRMZM2G150024
Sobic.001G510800,GRMZM2G150058
Sobic.004G065300,GRMZM2G150190
Sobic.006G261400,GRMZM2G150212
Sobic.001G347700,GRMZM2G150213
Sobic.001G347600,GRMZM2G150242
Sobic.006G261500,GRMZM2G150248
Sobic.006G261600,GRMZM2G150248
Sobic.004G013100,GRMZM2G150251
Sobic.003G104100,GRMZM2G150266
Sobic.006G261900,GRMZM2G150286
Sobic.006G262300,GRMZM2G150286
Sobic.010G238800,GRMZM2G150302
Sobic.002G253900,GRMZM2G150319
Sobic.004G013200,GRMZM2G150337
Sobic.004G013300,GRMZM2G150337
Sobic.010G275200,GRMZM2G150348
Sobic.005G178100,GRMZM2G150383
Sobic.001G511200,GRMZM2G150408
Sobic.001G116600,GRMZM2G150448
Sobic.009G043600,GRMZM2G150474
Sobic.009G043700,GRMZM2G150474
Sobic.009G044000,GRMZM2G150474
Sobic.008G103800,GRMZM2G150478
Sobic.009G245800,GRMZM2G150484
Sobic.002G264500,GRMZM2G150503
Sobic.008G103900,GRMZM2G150521
Sobic.002G264400,GRMZM2G150533
Sobic.001G437300,GRMZM2G150594
Sobic.001G437200,GRMZM2G150598
Sobic.002G076500,GRMZM2G150608
Sobic.002G180300,GRMZM2G150616
Sobic.004G296200,GRMZM2G150714
Sobic.009G098400,GRMZM2G150724
Sobic.002G180000,GRMZM2G150806
Sobic.005G162600,GRMZM2G150813
Sobic.001G277000,GRMZM2G150893
Sobic.006G222500,GRMZM2G150901
Sobic.006G222600,GRMZM2G150950
Sobic.006G052500,GRMZM2G151041
Sobic.006G052800,GRMZM2G151041
Sobic.004G232900,GRMZM2G151044
Sobic.002G279900,GRMZM2G151122
Sobic.003G247600,GRMZM2G151177
Sobic.001G277900,GRMZM2G151195
Sobic.003G280000,GRMZM2G151205
Sobic.005G136200,GRMZM2G151227
Sobic.005G136300,GRMZM2G151227
Sobic.005G136450,GRMZM2G151227
Sobic.005G136600,GRMZM2G151227
Sobic.005G136800,GRMZM2G151227
Sobic.005G137000,GRMZM2G151227
Sobic.005G137100,GRMZM2G151227
Sobic.005G137200,GRMZM2G151227
Sobic.005G137300,GRMZM2G151227
Sobic.003G280700,GRMZM2G151252
Sobic.010G268300,GRMZM2G151254
Sobic.001G380700,GRMZM2G151295
Sobic.003G001300,GRMZM2G151309
Sobic.001G354600,GRMZM2G151387
Sobic.001G372100,GRMZM2G151468
Sobic.006G055800,GRMZM2G151529
Sobic.009G157200,GRMZM2G151536
Sobic.003G243500,GRMZM2G151542
Sobic.002G077900,GRMZM2G151549
Sobic.001G267800,GRMZM2G151589
Sobic.001G267600,GRMZM2G151589
Sobic.001G268200,GRMZM2G151616
Sobic.002G330000,GRMZM2G151726
Sobic.009G066200,GRMZM2G151738
Sobic.002G329900,GRMZM2G151826
Sobic.003G027400,GRMZM2G151909
Sobic.001G425100,GRMZM2G151934
Sobic.002G419800,GRMZM2G151983
Sobic.001G422100,GRMZM2G151992
Sobic.006G188200,GRMZM2G152135
Sobic.002G365550,GRMZM2G152189
Sobic.002G365500,GRMZM2G152189
Sobic.002G365600,GRMZM2G152189
Sobic.002G365801,GRMZM2G152189
Sobic.005G202500,GRMZM2G152258
Sobic.005G202600,GRMZM2G152258
Sobic.005G202700,GRMZM2G152258
Sobic.005G203000,GRMZM2G152258
Sobic.005G203300,GRMZM2G152258
Sobic.005G203100,GRMZM2G152258
Sobic.005G203150,GRMZM2G152258
Sobic.001G440800,GRMZM2G152319
Sobic.001G112600,GRMZM2G152328
Sobic.003G022700,GRMZM2G152354
Sobic.001G397400,GRMZM2G152417
Sobic.001G397500,GRMZM2G152417
Sobic.009G216000,GRMZM2G152436
Sobic.002G083266,GRMZM2G152438
Sobic.001G107100,GRMZM2G152466
Sobic.001G107200,GRMZM2G152466
Sobic.008G161700,GRMZM2G152470
Sobic.001G112900,GRMZM2G152548
Sobic.007G045700,GRMZM2G152573
Sobic.007G039800,GRMZM2G152655
Sobic.007G039884,GRMZM2G152655
Sobic.007G039700,GRMZM2G152655
Sobic.007G039870,GRMZM2G152655
Sobic.007G040000,GRMZM2G152655
Sobic.007G040400,GRMZM2G152655
Sobic.006G051800,GRMZM2G152661
Sobic.010G077500,GRMZM2G152768
Sobic.010G029400,GRMZM2G152775
Sobic.001G056100,GRMZM2G152796
Sobic.001G473600,GRMZM2G152815
Sobic.010G038800,GRMZM2G152819
Sobic.005G126701,GRMZM2G152888
Sobic.005G126800,GRMZM2G152888
Sobic.008G046800,GRMZM2G152889
Sobic.001G448700,GRMZM2G152919
Sobic.005G127100,GRMZM2G152955
Sobic.010G014100,GRMZM2G153068
Sobic.008G073600,GRMZM2G153087
Sobic.001G532100,GRMZM2G153152
Sobic.004G157700,GRMZM2G153212
Sobic.003G305500,GRMZM2G153217
Sobic.003G083700,GRMZM2G153240
Sobic.003G083600,GRMZM2G153240
Sobic.003G083800,GRMZM2G153240
Sobic.003G124700,GRMZM2G153434
Sobic.006G054400,GRMZM2G153456
Sobic.002G294700,GRMZM2G153575
Sobic.003G299000,GRMZM2G153615
Sobic.003G298800,GRMZM2G153648
Sobic.003G084000,GRMZM2G153704
Sobic.003G084200,GRMZM2G153704
Sobic.007G118500,GRMZM2G153760
Sobic.009G228300,GRMZM2G153863
Sobic.002G399500,GRMZM2G153877
Sobic.009G234800,GRMZM2G153977
Sobic.004G182500,GRMZM2G153984
Sobic.004G030700,GRMZM2G153999
Sobic.001G349700,GRMZM2G154029
Sobic.001G464000,GRMZM2G154149
Sobic.003G105600,GRMZM2G154182
Sobic.003G015600,GRMZM2G154221
Sobic.003G015900,GRMZM2G154278
Sobic.007G108100,GRMZM2G154312
Sobic.001G220500,GRMZM2G154447
Sobic.003G105101,GRMZM2G154499
Sobic.004G096100,GRMZM2G154505
Sobic.003G236300,GRMZM2G154508
Sobic.006G002000,GRMZM2G154509
Sobic.007G198000,GRMZM2G154578
Sobic.002G312800,GRMZM2G154864
Sobic.009G130000,GRMZM2G154881
Sobic.003G115400,GRMZM2G154896
Sobic.002G313000,GRMZM2G154904
Sobic.009G194900,GRMZM2G154936
Sobic.001G232000,GRMZM2G154954
Sobic.003G201500,GRMZM2G155021
Sobic.008G118900,GRMZM2G155073
Sobic.003G201200,GRMZM2G155077
Sobic.003G201300,GRMZM2G155077
Sobic.003G201400,GRMZM2G155077
Sobic.006G253200,GRMZM2G155111
Sobic.006G254500,GRMZM2G155111
Sobic.009G026500,GRMZM2G155123
Sobic.009G234600,GRMZM2G155216
Sobic.003G062800,GRMZM2G155232
Sobic.003G062900,GRMZM2G155232
Sobic.003G114600,GRMZM2G155260
Sobic.002G272600,GRMZM2G155337
Sobic.004G040100,GRMZM2G155370
Sobic.004G039600,GRMZM2G155384
Sobic.010G106300,GRMZM2G155546
Sobic.003G087000,GRMZM2G155709
Sobic.003G087100,GRMZM2G155709
Sobic.004G080800,GRMZM2G155822
Sobic.007G197800,GRMZM2G155931
Sobic.006G209400,GRMZM2G155991
Sobic.006G209000,GRMZM2G156004
Sobic.006G209200,GRMZM2G156004
Sobic.006G209300,GRMZM2G156004
Sobic.006G208900,GRMZM2G156013
Sobic.004G264800,GRMZM2G156054
Sobic.010G249100,GRMZM2G156099
Sobic.006G208800,GRMZM2G156120
Sobic.006G208500,GRMZM2G156145
Sobic.002G354501,GRMZM2G156246
Sobic.002G391700,GRMZM2G156257
Sobic.002G285300,GRMZM2G156392
Sobic.002G285450,GRMZM2G156392
Sobic.002G285525,GRMZM2G156392
Sobic.010G022300,GRMZM2G156422
Sobic.002G285800,GRMZM2G156451
Sobic.002G285950,GRMZM2G156451
Sobic.002G284701,GRMZM2G156451
Sobic.002G284901,GRMZM2G156451
Sobic.002G285101,GRMZM2G156451
Sobic.002G285600,GRMZM2G156451
Sobic.004G272600,GRMZM2G156472
Sobic.009G227000,GRMZM2G156606
Sobic.003G085100,GRMZM2G156708
Sobic.010G084100,GRMZM2G156712
Sobic.010G084300,GRMZM2G156712
Sobic.010G084400,GRMZM2G156712
Sobic.010G084600,GRMZM2G156712
Sobic.010G084700,GRMZM2G156712
Sobic.007G162700,GRMZM2G156737
Sobic.004G285900,GRMZM2G156785
Sobic.004G187900,GRMZM2G156803
Sobic.009G258700,GRMZM2G156857
Sobic.010G029000,GRMZM2G156904
Sobic.010G073200,GRMZM2G156986
Sobic.003G132600,GRMZM2G157007
Sobic.004G190600,GRMZM2G157019
Sobic.006G068900,GRMZM2G157120
Sobic.001G121900,GRMZM2G157147
Sobic.009G236800,GRMZM2G157153
Sobic.009G237000,GRMZM2G157156
Sobic.001G122000,GRMZM2G157172
Sobic.007G065900,GRMZM2G157298
Sobic.007G039200,GRMZM2G157306
Sobic.004G344600,GRMZM2G157369
Sobic.007G018300,GRMZM2G157443
Sobic.004G227200,GRMZM2G157458
Sobic.010G101800,GRMZM2G157462
Sobic.007G180900,GRMZM2G157481
Sobic.004G344400,GRMZM2G157522
Sobic.009G192500,GRMZM2G157631
Sobic.004G201900,GRMZM2G157677
Sobic.001G364100,GRMZM2G157716
Sobic.007G155900,GRMZM2G157722
Sobic.001G365700,GRMZM2G157749
Sobic.003G215700,GRMZM2G157758
Sobic.006G000900,GRMZM2G157812
Sobic.007G005300,GRMZM2G157925
Sobic.007G019000,GRMZM2G158034
Sobic.007G019400,GRMZM2G158034
Sobic.009G235200,GRMZM2G158091
Sobic.004G263500,GRMZM2G158093
Sobic.009G235500,GRMZM2G158117
Sobic.007G011600,GRMZM2G158153
Sobic.003G029700,GRMZM2G158177
Sobic.002G306700,GRMZM2G158248
Sobic.001G323400,GRMZM2G158293
Sobic.001G113800,GRMZM2G158359
Sobic.002G179150,GRMZM2G158502
Sobic.003G402500,GRMZM2G158544
Sobic.010G206300,GRMZM2G158627
Sobic.002G284200,GRMZM2G158629
Sobic.002G284400,GRMZM2G158629
Sobic.003G226100,GRMZM2G158647
Sobic.003G226400,GRMZM2G158649
Sobic.002G284100,GRMZM2G158679
Sobic.002G262850,GRMZM2G158721
Sobic.002G410700,GRMZM2G158766
Sobic.002G262500,GRMZM2G158809
Sobic.004G312100,GRMZM2G158811
Sobic.009G250900,GRMZM2G158818
Sobic.009G140700,GRMZM2G158918
Sobic.002G401700,GRMZM2G159041
Sobic.004G192900,GRMZM2G159049
Sobic.006G027300,GRMZM2G159075
Sobic.006G026800,GRMZM2G159075
Sobic.006G026900,GRMZM2G159075
Sobic.007G013400,GRMZM2G159250
Sobic.001G068800,GRMZM2G159287
Sobic.006G019300,GRMZM2G159330
Sobic.009G065700,GRMZM2G159344
Sobic.009G065800,GRMZM2G159344
Sobic.006G200600,GRMZM2G159389
Sobic.006G012200,GRMZM2G159393
Sobic.001G217300,GRMZM2G159399
Sobic.008G138600,GRMZM2G159475
Sobic.001G386000,GRMZM2G159500
Sobic.001G067601,GRMZM2G159531
Sobic.001G323000,GRMZM2G159538
Sobic.006G102300,GRMZM2G159559
Sobic.006G102400,GRMZM2G159559
Sobic.009G221400,GRMZM2G159592
Sobic.003G319700,GRMZM2G159643
Sobic.004G217700,GRMZM2G159700
Sobic.006G052300,GRMZM2G159720
Sobic.006G052100,GRMZM2G159732
Sobic.006G052200,GRMZM2G159732
Sobic.001G441200,GRMZM2G159777
Sobic.002G248700,GRMZM2G159828
Sobic.009G216050,GRMZM2G159831
Sobic.001G283700,GRMZM2G159890
Sobic.002G248900,GRMZM2G159896
Sobic.002G249000,GRMZM2G159926
Sobic.001G013100,GRMZM2G159950
Sobic.001G358600,GRMZM2G159956
Sobic.004G225800,GRMZM2G159962
Sobic.001G035800,GRMZM2G160064
Sobic.007G136900,GRMZM2G160268
Sobic.003G301200,GRMZM2G160444
Sobic.004G198500,GRMZM2G160458
Sobic.005G131400,GRMZM2G160515
Sobic.005G131700,GRMZM2G160515
Sobic.004G220300,GRMZM2G160541
Sobic.001G108400,GRMZM2G160619
Sobic.008G072900,GRMZM2G160687
Sobic.008G131400,GRMZM2G160840
Sobic.008G129300,GRMZM2G160902
Sobic.003G252700,GRMZM2G160990
Sobic.009G179200,GRMZM2G161019
Sobic.009G179300,GRMZM2G161040
Sobic.010G056200,GRMZM2G161102
Sobic.001G136600,GRMZM2G161222
Sobic.001G136500,GRMZM2G161242
Sobic.002G281200,GRMZM2G161263
Sobic.002G215200,GRMZM2G161291
Sobic.001G418800,GRMZM2G161293
Sobic.001G148000,GRMZM2G161411
Sobic.001G148101,GRMZM2G161418
Sobic.004G030400,GRMZM2G161450
Sobic.010G251200,GRMZM2G161493
Sobic.004G224800,GRMZM2G161545
Sobic.004G236200,GRMZM2G161553
Sobic.004G236300,GRMZM2G161566
Sobic.009G129800,GRMZM2G161643
Sobic.009G129900,GRMZM2G161643
Sobic.001G148200,GRMZM2G161668
Sobic.010G221400,GRMZM2G161680
Sobic.004G224700,GRMZM2G161696
Sobic.004G224766,GRMZM2G161696
Sobic.003G034000,GRMZM2G161787
Sobic.001G318300,GRMZM2G161827
Sobic.001G318500,GRMZM2G161827
Sobic.001G318600,GRMZM2G161827
Sobic.001G318700,GRMZM2G161827
Sobic.001G318900,GRMZM2G161827
Sobic.001G319000,GRMZM2G161827
Sobic.001G319100,GRMZM2G161827
Sobic.001G319200,GRMZM2G161827
Sobic.001G319300,GRMZM2G161827
Sobic.001G318366,GRMZM2G161827
Sobic.001G317600,GRMZM2G161827
Sobic.002G183400,GRMZM2G161846
Sobic.001G318800,GRMZM2G161891
Sobic.001G317700,GRMZM2G161891
Sobic.001G317800,GRMZM2G161891
Sobic.001G318200,GRMZM2G161891
Sobic.001G317400,GRMZM2G161905
Sobic.001G317000,GRMZM2G161905
Sobic.001G317200,GRMZM2G161905
Sobic.004G093600,GRMZM2G161969
Sobic.004G337200,GRMZM2G162007
Sobic.004G337300,GRMZM2G162052
Sobic.009G170100,GRMZM2G162109
Sobic.002G223800,GRMZM2G162177
Sobic.002G289800,GRMZM2G162284
Sobic.005G059500,GRMZM2G162286
Sobic.003G229300,GRMZM2G162347
Sobic.001G119700,GRMZM2G162405
Sobic.001G413900,GRMZM2G162426
Sobic.001G119800,GRMZM2G162443
Sobic.009G172950,GRMZM2G162445
Sobic.001G413200,GRMZM2G162460
Sobic.009G173200,GRMZM2G162466
Sobic.001G386600,GRMZM2G162481
Sobic.001G412700,GRMZM2G162486
Sobic.001G412800,GRMZM2G162486
Sobic.009G003700,GRMZM2G162525
Sobic.010G199700,GRMZM2G162531
Sobic.010G199600,GRMZM2G162605
Sobic.004G219000,GRMZM2G162637
Sobic.005G030400,GRMZM2G162737
Sobic.002G080100,GRMZM2G162739
Sobic.002G383100,GRMZM2G162781
Sobic.010G120400,GRMZM2G162783
Sobic.010G120600,GRMZM2G162783
Sobic.010G121300,GRMZM2G162788
Sobic.002G382600,GRMZM2G162798
Sobic.004G158300,GRMZM2G162840
Sobic.006G105900,GRMZM2G162845
Sobic.009G177800,GRMZM2G162868
Sobic.003G052000,GRMZM2G162928
Sobic.001G333200,GRMZM2G162949
Sobic.001G333500,GRMZM2G162968
Sobic.003G387900,GRMZM2G163081
Sobic.003G253600,GRMZM2G163141
Sobic.003G253500,GRMZM2G163157
Sobic.003G253400,GRMZM2G163159
Sobic.004G300000,GRMZM2G163193
Sobic.001G115600,GRMZM2G163217
Sobic.002G332750,GRMZM2G163233
Sobic.004G004200,GRMZM2G163277
Sobic.004G004300,GRMZM2G163277
Sobic.004G005000,GRMZM2G163304
Sobic.004G005300,GRMZM2G163328
Sobic.001G213000,GRMZM2G163374
Sobic.001G314500,GRMZM2G163398
Sobic.002G174300,GRMZM2G163418
Sobic.002G174200,GRMZM2G163418
Sobic.005G074400,GRMZM2G163421
Sobic.002G186200,GRMZM2G163426
Sobic.003G388700,GRMZM2G163473
Sobic.002G413200,GRMZM2G163519
Sobic.009G166500,GRMZM2G163561
Sobic.002G142200,GRMZM2G163724
Sobic.004G058900,GRMZM2G163813
Sobic.002G403100,GRMZM2G163826
Sobic.003G254900,GRMZM2G163843
Sobic.003G254800,GRMZM2G163848
Sobic.004G278100,GRMZM2G164098
Sobic.004G278200,GRMZM2G164098
Sobic.001G134800,GRMZM2G164131
Sobic.001G424800,GRMZM2G164136
Sobic.001G424700,GRMZM2G164160
Sobic.003G209200,GRMZM2G164185
Sobic.002G301400,GRMZM2G164263
Sobic.001G396600,GRMZM2G164283
Sobic.001G396700,GRMZM2G164283
Sobic.010G104900,GRMZM2G164308
Sobic.010G105000,GRMZM2G164308
Sobic.003G191800,GRMZM2G164341
Sobic.010G020400,GRMZM2G164352
Sobic.003G184800,GRMZM2G164419
Sobic.002G301000,GRMZM2G164426
Sobic.002G109400,GRMZM2G164440
Sobic.002G109500,GRMZM2G164440
Sobic.006G002700,GRMZM2G164538
Sobic.006G259401,GRMZM2G164569
Sobic.006G153400,GRMZM2G164649
Sobic.006G073200,GRMZM2G164663
Sobic.003G018000,GRMZM2G164705
Sobic.006G153900,GRMZM2G164743
Sobic.009G143000,GRMZM2G164797
Sobic.001G443200,GRMZM2G164821
Sobic.004G339700,GRMZM2G164854
Sobic.002G268200,GRMZM2G164945
Sobic.002G268100,GRMZM2G164956
Sobic.008G059900,GRMZM2G165176
Sobic.003G353800,GRMZM2G165177
Sobic.001G038100,GRMZM2G165209
Sobic.001G441500,GRMZM2G165355
Sobic.001G418100,GRMZM2G165357
Sobic.001G441600,GRMZM2G165426
Sobic.003G196000,GRMZM2G165428
Sobic.004G170400,GRMZM2G165483
Sobic.001G154500,GRMZM2G165488
Sobic.002G362600,GRMZM2G165542
Sobic.004G222800,GRMZM2G165778
Sobic.004G082900,GRMZM2G165817
Sobic.001G141400,GRMZM2G165894
Sobic.004G315000,GRMZM2G165961
Sobic.010G096000,GRMZM2G165969
Sobic.004G314900,GRMZM2G165991
Sobic.004G041100,GRMZM2G166032
Sobic.004G041500,GRMZM2G166035
Sobic.004G041800,GRMZM2G166044
Sobic.001G061700,GRMZM2G166049
Sobic.009G044800,GRMZM2G166089
Sobic.001G154400,GRMZM2G166109
Sobic.006G018100,GRMZM2G166141
Sobic.004G042200,GRMZM2G166147
Sobic.004G042900,GRMZM2G166162
Sobic.009G162000,GRMZM2G166176
Sobic.003G354000,GRMZM2G166297
Sobic.002G337800,GRMZM2G166337
Sobic.003G338000,GRMZM2G166441
Sobic.006G089700,GRMZM2G166484
Sobic.005G138900,GRMZM2G166661
Sobic.001G443300,GRMZM2G166684
Sobic.001G195000,GRMZM2G166719
Sobic.001G416600,GRMZM2G166767
Sobic.001G418000,GRMZM2G166767
Sobic.001G417900,GRMZM2G166780
Sobic.003G397900,GRMZM2G166855
Sobic.005G198500,GRMZM2G166857
Sobic.003G398400,GRMZM2G166873
Sobic.006G149200,GRMZM2G166985
Sobic.002G402000,GRMZM2G166994
Sobic.003G083300,GRMZM2G167085
Sobic.004G002800,GRMZM2G167149
Sobic.003G421100,GRMZM2G167220
Sobic.006G127400,GRMZM2G167280
Sobic.003G119800,GRMZM2G167492
Sobic.001G222900,GRMZM2G167505
Sobic.003G037000,GRMZM2G167554
Sobic.007G176600,GRMZM2G167563
Sobic.003G018900,GRMZM2G167718
Sobic.003G296400,GRMZM2G167722
Sobic.003G440600,GRMZM2G167767
Sobic.008G157000,GRMZM2G167794
Sobic.003G440800,GRMZM2G167863
Sobic.003G441601,GRMZM2G167865
Sobic.003G441500,GRMZM2G167865
Sobic.003G441800,GRMZM2G167865
Sobic.003G441700,GRMZM2G167865
Sobic.007G137300,GRMZM2G168002
Sobic.003G363500,GRMZM2G168087
Sobic.010G094500,GRMZM2G168119
Sobic.002G228800,GRMZM2G168161
Sobic.002G228900,GRMZM2G168163
Sobic.006G059500,GRMZM2G168166
Sobic.002G229300,GRMZM2G168196
Sobic.002G229400,GRMZM2G168196
Sobic.004G062100,GRMZM2G168229
Sobic.010G067900,GRMZM2G168249
Sobic.004G062400,GRMZM2G168252
Sobic.010G068001,GRMZM2G168274
Sobic.010G107400,GRMZM2G168304
Sobic.004G246100,GRMZM2G168337
Sobic.004G157100,GRMZM2G168365
Sobic.004G246700,GRMZM2G168369
Sobic.003G444300,GRMZM2G168386
Sobic.001G336200,GRMZM2G168392
Sobic.010G252600,GRMZM2G168449
Sobic.001G250200,GRMZM2G168497
Sobic.001G250300,GRMZM2G168506
Sobic.003G438100,GRMZM2G168544
Sobic.009G216800,GRMZM2G168681
Sobic.002G317300,GRMZM2G168706
Sobic.009G216700,GRMZM2G168752
Sobic.001G206900,GRMZM2G168855
Sobic.003G033300,GRMZM2G168933
Sobic.006G158400,GRMZM2G168976
Sobic.006G158500,GRMZM2G168976
Sobic.006G158600,GRMZM2G168976
Sobic.004G052200,GRMZM2G168984
Sobic.006G158700,GRMZM2G169005
Sobic.004G235900,GRMZM2G169033
Sobic.004G236000,GRMZM2G169033
Sobic.004G236100,GRMZM2G169033
Sobic.010G273800,GRMZM2G169073
Sobic.010G168900,GRMZM2G169114
Sobic.003G257100,GRMZM2G169116
Sobic.010G205300,GRMZM2G169184
Sobic.003G356900,GRMZM2G169259
Sobic.003G357100,GRMZM2G169293
Sobic.003G357300,GRMZM2G169316
Sobic.001G486100,GRMZM2G169360
Sobic.001G485500,GRMZM2G169365
Sobic.001G485800,GRMZM2G169365
Sobic.010G204700,GRMZM2G169376
Sobic.003G365300,GRMZM2G169412
Sobic.004G000100,GRMZM2G169462
Sobic.008G125100,GRMZM2G169481
Sobic.002G318300,GRMZM2G169539
Sobic.008G125200,GRMZM2G169562
Sobic.007G032000,GRMZM2G169593
Sobic.002G318600,GRMZM2G169615
Sobic.004G230900,GRMZM2G169617
Sobic.005G091000,GRMZM2G169681
Sobic.005G059100,GRMZM2G169688
Sobic.005G059200,GRMZM2G169688
Sobic.006G196400,GRMZM2G169690
Sobic.002G309500,GRMZM2G169694
Sobic.003G342000,GRMZM2G169695
Sobic.006G113200,GRMZM2G169726
Sobic.006G113400,GRMZM2G169726
Sobic.006G113800,GRMZM2G169726
Sobic.006G113500,GRMZM2G169726
Sobic.006G113700,GRMZM2G169726
Sobic.006G113900,GRMZM2G169726
Sobic.006G114200,GRMZM2G169726
Sobic.004G033100,GRMZM2G169871
Sobic.004G260300,GRMZM2G169911
Sobic.004G036700,GRMZM2G169927
Sobic.003G300100,GRMZM2G170079
Sobic.004G107300,GRMZM2G170088
Sobic.003G300300,GRMZM2G170106
Sobic.001G185600,GRMZM2G170116
Sobic.001G185400,GRMZM2G170128
Sobic.001G185500,GRMZM2G170128
Sobic.001G185800,GRMZM2G170128
Sobic.009G065300,GRMZM2G170167
Sobic.002G266900,GRMZM2G170253
Sobic.010G210200,GRMZM2G170281
Sobic.010G210300,GRMZM2G170281
Sobic.004G279400,GRMZM2G170289
Sobic.004G279300,GRMZM2G170322
Sobic.010G210500,GRMZM2G170326
Sobic.001G134500,GRMZM2G170338
Sobic.001G134600,GRMZM2G170362
Sobic.003G198400,GRMZM2G170628
Sobic.009G219000,GRMZM2G170760
Sobic.004G172700,GRMZM2G170842
Sobic.001G311100,GRMZM2G170843
Sobic.004G193700,GRMZM2G170868
Sobic.001G368500,GRMZM2G170870
Sobic.001G367700,GRMZM2G170915
Sobic.002G049000,GRMZM2G170934
Sobic.003G399600,GRMZM2G170969
Sobic.004G249000,GRMZM2G171051
Sobic.004G248800,GRMZM2G171060
Sobic.002G411600,GRMZM2G171068
Sobic.004G176200,GRMZM2G171080
Sobic.002G241400,GRMZM2G171108
Sobic.003G373600,GRMZM2G171116
Sobic.003G245600,GRMZM2G171170
Sobic.003G245700,GRMZM2G171170
Sobic.010G207700,GRMZM2G171210
Sobic.009G222600,GRMZM2G171223
Sobic.003G237900,GRMZM2G171279
Sobic.007G069600,GRMZM2G171311
Sobic.001G526800,GRMZM2G171365
Sobic.007G154701,GRMZM2G171367
Sobic.002G076100,GRMZM2G171370
Sobic.006G109100,GRMZM2G171383
Sobic.001G331900,GRMZM2G171401
Sobic.001G332500,GRMZM2G171428
Sobic.001G078800,GRMZM2G171435
Sobic.001G527500,GRMZM2G171464
Sobic.001G078900,GRMZM2G171468
Sobic.010G078900,GRMZM2G171488
Sobic.002G265400,GRMZM2G171548
Sobic.001G079100,GRMZM2G171588
Sobic.001G528600,GRMZM2G171595
Sobic.002G309800,GRMZM2G171613
Sobic.002G309700,GRMZM2G171628
Sobic.002G306600,GRMZM2G171745
Sobic.009G036500,GRMZM2G171781
Sobic.003G081700,GRMZM2G171807
Sobic.002G306400,GRMZM2G171847
Sobic.002G306300,GRMZM2G171880
Sobic.003G049400,GRMZM2G171912
Sobic.007G132400,GRMZM2G171921
Sobic.001G090100,GRMZM2G171987
Sobic.003G382600,GRMZM2G171996
Sobic.001G089800,GRMZM2G171998
Sobic.003G382100,GRMZM2G172001
Sobic.001G522300,GRMZM2G172014
Sobic.001G522400,GRMZM2G172021
Sobic.003G381900,GRMZM2G172032
Sobic.001G089000,GRMZM2G172043
Sobic.001G089100,GRMZM2G172043
Sobic.001G522700,GRMZM2G172053
Sobic.001G088900,GRMZM2G172132
Sobic.002G400000,GRMZM2G172210
Sobic.009G154300,GRMZM2G172264
Sobic.005G131900,GRMZM2G172297
Sobic.003G079800,GRMZM2G172396
Sobic.003G080000,GRMZM2G172396
Sobic.003G080100,GRMZM2G172396
Sobic.003G080700,GRMZM2G172396
Sobic.004G265500,GRMZM2G172427
Sobic.002G308200,GRMZM2G172429
Sobic.002G308300,GRMZM2G172442
Sobic.002G418900,GRMZM2G172485
Sobic.002G418200,GRMZM2G172621
Sobic.004G207900,GRMZM2G172647
Sobic.001G434300,GRMZM2G172652
Sobic.010G014800,GRMZM2G172734
Sobic.004G091200,GRMZM2G172883
Sobic.003G328800,GRMZM2G172932
Sobic.002G299800,GRMZM2G172945
Sobic.006G028100,GRMZM2G173040
Sobic.003G034400,GRMZM2G173124
Sobic.001G286300,GRMZM2G173272
Sobic.001G286200,GRMZM2G173277
Sobic.005G139075,GRMZM2G173377
Sobic.008G152800,GRMZM2G173424
Sobic.006G188900,GRMZM2G173429
Sobic.006G270500,GRMZM2G173472
Sobic.007G165400,GRMZM2G173479
Sobic.001G259400,GRMZM2G173596
Sobic.001G259700,GRMZM2G173596
Sobic.001G259900,GRMZM2G173596
Sobic.001G259600,GRMZM2G173596
Sobic.006G115300,GRMZM2G173597
Sobic.006G270900,GRMZM2G173636
Sobic.008G153600,GRMZM2G173680
Sobic.006G271200,GRMZM2G173682
Sobic.009G202801,GRMZM2G173700
Sobic.002G014800,GRMZM2G173721
Sobic.009G024000,GRMZM2G173763
Sobic.004G308900,GRMZM2G173771
Sobic.006G114900,GRMZM2G173865
Sobic.006G114800,GRMZM2G173878
Sobic.002G016300,GRMZM2G173882
Sobic.007G177600,GRMZM2G173903
Sobic.002G085700,GRMZM2G173926
Sobic.010G264400,GRMZM2G173928
Sobic.003G268900,GRMZM2G173965
Sobic.003G269000,GRMZM2G173965
Sobic.001G529200,GRMZM2G174070
Sobic.010G128800,GRMZM2G174129
Sobic.010G129000,GRMZM2G174129
Sobic.010G129100,GRMZM2G174129
Sobic.007G203200,GRMZM2G174202
Sobic.001G313500,GRMZM2G174286
Sobic.009G184400,GRMZM2G174347
Sobic.004G021300,GRMZM2G174481
Sobic.004G293000,GRMZM2G174537
Sobic.003G040200,GRMZM2G174570
Sobic.010G092300,GRMZM2G174619
Sobic.004G108300,GRMZM2G174673
Sobic.004G108400,GRMZM2G174673
Sobic.006G002500,GRMZM2G174736
Sobic.007G219500,GRMZM2G174776
Sobic.005G059800,GRMZM2G174919
Sobic.005G021500,GRMZM2G175008
Sobic.006G143100,GRMZM2G175140
Sobic.006G051900,GRMZM2G175188
Sobic.009G001000,GRMZM2G175236
Sobic.010G069700,GRMZM2G175250
Sobic.010G069800,GRMZM2G175250
Sobic.010G069900,GRMZM2G175250
Sobic.006G137300,GRMZM2G175269
Sobic.006G129000,GRMZM2G175313
Sobic.003G086700,GRMZM2G175398
Sobic.003G397200,GRMZM2G175406
Sobic.001G497900,GRMZM2G175463
Sobic.009G073500,GRMZM2G175480
Sobic.009G073800,GRMZM2G175480
Sobic.006G079900,GRMZM2G175549
Sobic.010G241000,GRMZM2G175562
Sobic.001G497300,GRMZM2G175563
Sobic.002G083000,GRMZM2G175576
Sobic.001G440600,GRMZM2G175642
Sobic.003G262200,GRMZM2G175661
Sobic.002G361400,GRMZM2G175718
Sobic.008G110200,GRMZM2G175761
Sobic.010G242200,GRMZM2G175782
Sobic.001G321000,GRMZM2G175797
Sobic.007G132000,GRMZM2G175827
Sobic.002G326200,GRMZM2G175874
Sobic.002G326100,GRMZM2G175927
Sobic.002G325200,GRMZM2G175952
Sobic.003G327100,GRMZM2G176028
Sobic.008G136100,GRMZM2G176063
Sobic.001G080200,GRMZM2G176085
Sobic.001G080300,GRMZM2G176085
Sobic.003G326900,GRMZM2G176117
Sobic.002G198600,GRMZM2G176129
Sobic.003G234000,GRMZM2G176182
Sobic.008G151366,GRMZM2G176282
Sobic.008G151500,GRMZM2G176282
Sobic.004G267400,GRMZM2G176289
Sobic.004G267600,GRMZM2G176340
Sobic.002G050100,GRMZM2G176347
Sobic.002G050300,GRMZM2G176347
Sobic.001G254700,GRMZM2G176390
Sobic.002G050900,GRMZM2G176394
Sobic.006G083400,GRMZM2G176443
Sobic.006G083201,GRMZM2G176537
Sobic.003G076600,GRMZM2G176568
Sobic.003G406000,GRMZM2G176638
Sobic.009G213500,GRMZM2G176707
Sobic.005G055000,GRMZM2G177005
Sobic.007G166800,GRMZM2G177052
Sobic.003G229800,GRMZM2G177076
Sobic.010G214800,GRMZM2G177095
Sobic.010G215000,GRMZM2G177142
Sobic.003G229700,GRMZM2G177150
Sobic.001G207600,GRMZM2G177314
Sobic.006G233600,GRMZM2G177393
Sobic.008G188900,GRMZM2G177470
Sobic.006G234800,GRMZM2G177491
Sobic.006G234900,GRMZM2G177491
Sobic.006G235000,GRMZM2G177491
Sobic.001G432000,GRMZM2G177599
Sobic.001G431900,GRMZM2G177610
Sobic.001G431800,GRMZM2G177610
Sobic.009G218800,GRMZM2G177617
Sobic.007G143000,GRMZM2G177654
Sobic.009G229700,GRMZM2G177770
Sobic.009G229600,GRMZM2G177771
Sobic.001G447100,GRMZM2G177878
Sobic.001G119200,GRMZM2G177934
Sobic.001G119100,GRMZM2G177934
Sobic.001G119000,GRMZM2G177934
Sobic.006G282300,GRMZM2G178025
Sobic.008G168100,GRMZM2G178102
Sobic.001G493900,GRMZM2G178106
Sobic.001G493700,GRMZM2G178120
Sobic.007G136800,GRMZM2G178169
Sobic.002G230900,GRMZM2G178229
Sobic.001G462200,GRMZM2G178254
Sobic.001G461900,GRMZM2G178278
Sobic.001G442500,GRMZM2G178279
Sobic.001G461400,GRMZM2G178294
Sobic.004G337900,GRMZM2G178398
Sobic.001G361800,GRMZM2G178650
Sobic.001G488900,GRMZM2G178741
Sobic.004G276400,GRMZM2G178758
Sobic.001G179300,GRMZM2G178767
Sobic.004G345400,GRMZM2G178801
Sobic.009G165300,GRMZM2G178815
Sobic.004G270200,GRMZM2G178822
Sobic.001G489600,GRMZM2G178847
Sobic.001G489700,GRMZM2G178859
Sobic.003G250600,GRMZM2G178886
Sobic.006G062800,GRMZM2G178906
Sobic.001G490500,GRMZM2G178916
Sobic.001G490900,GRMZM2G178945
Sobic.001G491000,GRMZM2G178960
Sobic.002G258800,GRMZM2G178968
Sobic.002G259000,GRMZM2G178968
Sobic.002G259400,GRMZM2G179002
Sobic.006G076400,GRMZM2G179005
Sobic.002G259600,GRMZM2G179049
Sobic.006G128900,GRMZM2G179097
Sobic.002G175400,GRMZM2G179120
Sobic.003G253300,GRMZM2G179146
Sobic.003G275800,GRMZM2G179217
Sobic.009G199900,GRMZM2G179264
Sobic.001G425300,GRMZM2G179329
Sobic.001G425200,GRMZM2G179336
Sobic.008G094400,GRMZM2G179349
Sobic.008G094000,GRMZM2G179349
Sobic.008G094300,GRMZM2G179349
Sobic.006G258900,GRMZM2G179507
Sobic.006G258600,GRMZM2G179518
Sobic.010G165000,GRMZM2G179616
Sobic.010G165100,GRMZM2G179638
Sobic.004G262200,GRMZM2G179639
Sobic.003G233200,GRMZM2G179685
Sobic.003G232600,GRMZM2G179696
Sobic.009G168500,GRMZM2G179728
Sobic.004G214000,GRMZM2G179810
Sobic.007G029400,GRMZM2G179976
Sobic.003G348200,GRMZM2G179985
Sobic.003G300400,GRMZM2G180021
Sobic.009G104100,GRMZM2G180076
Sobic.001G284400,GRMZM2G180086
Sobic.002G310900,GRMZM2G180272
Sobic.003G404600,GRMZM2G180324
Sobic.003G405200,GRMZM2G180324
Sobic.003G404700,GRMZM2G180330
Sobic.003G404500,GRMZM2G180335
Sobic.003G404200,GRMZM2G180372
Sobic.003G404000,GRMZM2G180399
Sobic.001G429300,GRMZM2G180555
Sobic.001G429400,GRMZM2G180558
Sobic.001G429700,GRMZM2G180559
Sobic.007G176200,GRMZM2G180578
Sobic.010G195100,GRMZM2G180639
Sobic.003G037100,GRMZM2G180650
Sobic.010G194700,GRMZM2G180654
Sobic.009G200700,GRMZM2G180668
Sobic.008G143800,GRMZM2G180728
Sobic.002G264100,GRMZM2G180847
Sobic.002G369800,GRMZM2G180947
Sobic.002G368700,GRMZM2G180958
Sobic.004G083700,GRMZM2G180967
Sobic.003G427600,GRMZM2G180988
Sobic.001G111700,GRMZM2G181000
Sobic.001G111600,GRMZM2G181002
Sobic.002G261900,GRMZM2G181018
Sobic.001G111366,GRMZM2G181028
Sobic.001G111500,GRMZM2G181028
Sobic.006G192100,GRMZM2G181030
Sobic.010G172500,GRMZM2G181151
Sobic.007G169500,GRMZM2G181194
Sobic.007G169533,GRMZM2G181194
Sobic.007G169600,GRMZM2G181194
Sobic.003G071100,GRMZM2G181266
Sobic.003G071300,GRMZM2G181266
Sobic.003G071400,GRMZM2G181266
Sobic.009G212200,GRMZM2G181269
Sobic.004G321900,GRMZM2G181359
Sobic.004G321800,GRMZM2G181362
Sobic.006G116100,GRMZM2G181453
Sobic.007G213200,GRMZM2G181491
Sobic.001G467500,GRMZM2G181540
Sobic.001G468000,GRMZM2G181566
Sobic.003G242200,GRMZM2G300125
Sobic.007G008000,GRMZM2G300141
Sobic.007G008100,GRMZM2G300141
Sobic.007G008200,GRMZM2G300141
Sobic.001G352300,GRMZM2G300163
Sobic.009G178100,GRMZM2G300589
Sobic.004G312400,GRMZM2G300624
Sobic.004G227400,GRMZM2G300924
Sobic.001G127000,GRMZM2G300944
Sobic.001G127100,GRMZM2G300944
Sobic.001G126800,GRMZM2G300945
Sobic.002G180900,GRMZM2G300955
Sobic.001G129400,GRMZM2G301208
Sobic.006G112500,GRMZM2G301246
Sobic.008G119400,GRMZM2G301663
Sobic.003G414700,GRMZM2G302035
Sobic.003G233700,GRMZM2G302195
Sobic.001G056000,GRMZM2G302549
Sobic.010G061700,GRMZM2G302664
Sobic.004G287400,GRMZM2G303244
Sobic.002G078500,GRMZM2G304548
Sobic.002G078700,GRMZM2G304548
Sobic.003G200700,GRMZM2G304573
Sobic.004G071200,GRMZM2G304712
Sobic.003G405000,GRMZM2G304956
Sobic.003G405300,GRMZM2G304956
Sobic.003G268800,GRMZM2G305066
Sobic.003G108300,GRMZM2G305080
Sobic.001G209000,GRMZM2G305093
Sobic.006G186100,GRMZM2G305146
Sobic.006G186200,GRMZM2G305146
Sobic.008G108601,GRMZM2G305154
Sobic.001G056800,GRMZM2G305254
Sobic.006G242600,GRMZM2G305329
Sobic.006G242701,GRMZM2G305329
Sobic.006G242800,GRMZM2G305329
Sobic.007G026800,GRMZM2G305332
Sobic.003G150400,GRMZM2G305362
Sobic.001G208500,GRMZM2G305446
Sobic.003G061900,GRMZM2G305901
Sobic.010G257100,GRMZM2G306028
Sobic.001G059900,GRMZM2G306062
Sobic.001G060300,GRMZM2G306070
Sobic.006G126400,GRMZM2G306094
Sobic.006G149700,GRMZM2G306643
Sobic.004G202000,GRMZM2G306781
Sobic.004G102500,GRMZM2G307241
Sobic.004G102600,GRMZM2G307241
Sobic.004G102700,GRMZM2G307241
Sobic.010G190500,GRMZM2G307404
Sobic.007G176500,GRMZM2G307637
Sobic.001G428400,GRMZM2G307906
Sobic.004G317200,GRMZM2G308074
Sobic.004G228800,GRMZM2G308193
Sobic.001G402200,GRMZM2G308351
Sobic.006G246400,GRMZM2G308365
Sobic.006G246500,GRMZM2G308365
Sobic.010G260500,GRMZM2G308689
Sobic.001G383700,GRMZM2G309327
Sobic.001G383800,GRMZM2G309327
Sobic.001G310900,GRMZM2G309655
Sobic.002G213600,GRMZM2G309747
Sobic.004G259432,GRMZM2G309847
Sobic.001G366000,GRMZM2G309995
Sobic.003G328600,GRMZM2G310115
Sobic.003G328500,GRMZM2G310115
Sobic.001G518100,GRMZM2G310155
Sobic.003G214100,GRMZM2G310158
Sobic.007G069000,GRMZM2G310172
Sobic.007G069200,GRMZM2G310172
Sobic.001G308700,GRMZM2G310321
Sobic.003G350700,GRMZM2G310431
Sobic.003G224700,GRMZM2G310795
Sobic.002G350600,GRMZM2G310868
Sobic.006G204900,GRMZM2G311051
Sobic.001G219600,GRMZM2G311883
Sobic.009G232266,GRMZM2G311898
Sobic.004G082000,GRMZM2G311905
Sobic.004G082050,GRMZM2G311914
Sobic.004G082101,GRMZM2G311914
Sobic.006G280000,GRMZM2G312026
Sobic.001G082300,GRMZM2G312069
Sobic.001G082400,GRMZM2G312069
Sobic.004G002300,GRMZM2G312301
Sobic.003G129000,GRMZM2G312419
Sobic.003G128900,GRMZM2G312419
Sobic.002G414800,GRMZM2G312434
Sobic.002G288000,GRMZM2G312501
Sobic.004G325900,GRMZM2G312521
Sobic.001G098400,GRMZM2G312738
Sobic.009G063301,GRMZM2G312877
Sobic.001G012900,GRMZM2G313460
Sobic.001G012700,GRMZM2G313481
Sobic.001G244700,GRMZM2G313649
Sobic.001G011800,GRMZM2G313656
Sobic.001G011000,GRMZM2G313678
Sobic.004G200800,GRMZM2G313750
Sobic.004G200833,GRMZM2G313750
Sobic.004G200900,GRMZM2G313750
Sobic.004G201100,GRMZM2G313750
Sobic.006G047200,GRMZM2G313756
Sobic.009G226400,GRMZM2G314647
Sobic.001G345300,GRMZM2G314663
Sobic.009G226100,GRMZM2G314692
Sobic.009G226200,GRMZM2G314692
Sobic.009G226250,GRMZM2G314692
Sobic.009G226300,GRMZM2G314692
Sobic.005G019100,GRMZM2G314707
Sobic.004G012100,GRMZM2G314882
Sobic.004G323300,GRMZM2G314946
Sobic.002G378800,GRMZM2G314955
Sobic.004G318200,GRMZM2G315230
Sobic.007G050500,GRMZM2G315506
Sobic.007G050300,GRMZM2G315515
Sobic.003G274400,GRMZM2G316113
Sobic.002G417300,GRMZM2G316136
Sobic.006G230700,GRMZM2G316721
Sobic.004G329800,GRMZM2G316758
Sobic.009G148800,GRMZM2G316889
Sobic.009G148900,GRMZM2G316889
Sobic.009G149000,GRMZM2G316889
Sobic.007G215200,GRMZM2G317270
Sobic.010G078300,GRMZM2G317336
Sobic.003G278200,GRMZM2G317382
Sobic.006G059100,GRMZM2G317406
Sobic.001G387600,GRMZM2G317584
Sobic.001G097000,GRMZM2G317614
Sobic.001G524100,GRMZM2G317931
Sobic.001G524200,GRMZM2G317938
Sobic.001G047800,GRMZM2G318346
Sobic.010G211200,GRMZM2G318592
Sobic.003G026000,GRMZM2G318614
Sobic.003G026100,GRMZM2G318614
Sobic.007G011300,GRMZM2G318860
Sobic.004G109600,GRMZM2G319056
Sobic.004G109700,GRMZM2G319056
Sobic.004G109800,GRMZM2G319056
Sobic.007G068300,GRMZM2G319062
Sobic.007G068500,GRMZM2G319062
Sobic.007G068700,GRMZM2G319062
Sobic.003G428100,GRMZM2G319130
Sobic.003G428300,GRMZM2G319187
Sobic.002G342200,GRMZM2G319375
Sobic.004G296900,GRMZM2G319786
Sobic.004G025500,GRMZM2G319875
Sobic.005G126300,GRMZM2G319949
Sobic.006G153200,GRMZM2G320135
Sobic.001G351200,GRMZM2G320206
Sobic.001G063600,GRMZM2G320506
Sobic.001G157600,GRMZM2G320606
Sobic.001G165301,GRMZM2G320754
Sobic.001G165401,GRMZM2G320754
Sobic.001G165000,GRMZM2G320754
Sobic.003G188900,GRMZM2G320799
Sobic.006G192500,GRMZM2G321239
Sobic.002G368400,GRMZM2G321404
Sobic.001G457000,GRMZM2G321725
Sobic.002G044100,GRMZM2G322279
Sobic.002G044300,GRMZM2G322279
Sobic.002G044400,GRMZM2G322279
Sobic.002G044600,GRMZM2G322279
Sobic.006G190100,GRMZM2G322586
Sobic.010G201100,GRMZM2G322866
Sobic.004G232400,GRMZM2G322950
Sobic.006G264900,GRMZM2G323024
Sobic.002G390400,GRMZM2G323082
Sobic.009G035300,GRMZM2G323415
Sobic.009G128700,GRMZM2G323456
Sobic.001G366700,GRMZM2G323479
Sobic.003G114800,GRMZM2G323558
Sobic.003G114900,GRMZM2G323558
Sobic.002G394400,GRMZM2G323828
Sobic.003G005900,GRMZM2G323893
Sobic.004G028400,GRMZM2G324162
Sobic.004G030100,GRMZM2G324285
Sobic.001G454700,GRMZM2G324467
Sobic.001G226000,GRMZM2G324540
Sobic.007G019501,GRMZM2G324643
Sobic.009G131550,GRMZM2G325350
Sobic.007G189900,GRMZM2G325580
Sobic.010G164900,GRMZM2G325887
Sobic.006G221200,GRMZM2G326066
Sobic.001G023100,GRMZM2G326195
Sobic.001G023300,GRMZM2G326235
Sobic.001G023400,GRMZM2G326272
Sobic.001G234800,GRMZM2G326707
Sobic.001G234900,GRMZM2G326707
Sobic.003G183700,GRMZM2G327032
Sobic.006G213500,GRMZM2G327234
Sobic.008G037700,GRMZM2G327263
Sobic.002G348400,GRMZM2G327406
Sobic.002G196350,GRMZM2G327459
Sobic.002G401200,GRMZM2G327595
Sobic.002G405500,GRMZM2G327635
Sobic.002G401000,GRMZM2G327686
Sobic.002G405600,GRMZM2G327692
Sobic.002G400700,GRMZM2G327703
Sobic.010G163732,GRMZM2G328133
Sobic.010G047500,GRMZM2G328197
Sobic.009G244200,GRMZM2G328438
Sobic.003G204501,GRMZM2G328695
Sobic.003G203700,GRMZM2G328695
Sobic.003G204400,GRMZM2G328695
Sobic.003G204600,GRMZM2G328695
Sobic.003G204900,GRMZM2G328695
Sobic.002G242000,GRMZM2G329047
Sobic.001G498200,GRMZM2G330019
Sobic.002G203000,GRMZM2G330049
Sobic.001G282500,GRMZM2G330213
Sobic.008G048200,GRMZM2G330361
Sobic.001G496400,GRMZM2G330384
Sobic.009G031900,GRMZM2G330475
Sobic.009G032000,GRMZM2G330475
Sobic.006G139700,GRMZM2G330526
Sobic.001G154600,GRMZM2G330565
Sobic.001G227100,GRMZM2G330684
Sobic.002G043300,GRMZM2G330772
Sobic.001G480800,GRMZM2G330907
Sobic.001G480400,GRMZM2G330945
Sobic.010G166500,GRMZM2G331283
Sobic.010G166600,GRMZM2G331283
Sobic.010G166800,GRMZM2G331283
Sobic.009G248500,GRMZM2G331393
Sobic.009G248600,GRMZM2G331393
Sobic.006G237600,GRMZM2G331770
Sobic.010G204600,GRMZM2G332102
Sobic.001G146200,GRMZM2G332390
Sobic.001G146400,GRMZM2G332390
Sobic.001G146500,GRMZM2G332390
Sobic.007G219100,GRMZM2G332495
Sobic.008G140600,GRMZM2G332703
Sobic.002G210500,GRMZM2G332838
Sobic.007G124100,GRMZM2G332904
Sobic.002G082300,GRMZM2G333095
Sobic.003G031400,GRMZM2G333454
Sobic.002G120300,GRMZM2G333478
Sobic.002G120400,GRMZM2G333478
Sobic.003G031100,GRMZM2G333582
Sobic.003G082500,GRMZM2G333635
Sobic.003G081900,GRMZM2G333635
Sobic.003G082000,GRMZM2G333635
Sobic.003G082100,GRMZM2G333635
Sobic.003G082300,GRMZM2G333635
Sobic.003G082200,GRMZM2G333635
Sobic.010G090200,GRMZM2G334225
Sobic.003G101400,GRMZM2G334457
Sobic.003G370100,GRMZM2G334791
Sobic.003G118100,GRMZM2G334857
Sobic.002G141000,GRMZM2G335146
Sobic.009G100300,GRMZM2G335377
Sobic.003G152900,GRMZM2G335657
Sobic.001G308000,GRMZM2G336077
Sobic.003G341500,GRMZM2G336337
Sobic.002G200700,GRMZM2G336456
Sobic.003G348300,GRMZM2G336557
Sobic.004G074700,GRMZM2G336766
Sobic.001G067900,GRMZM2G336789
Sobic.002G316700,GRMZM2G336839
Sobic.002G315200,GRMZM2G336962
Sobic.001G236400,GRMZM2G337048
Sobic.001G351100,GRMZM2G337548
Sobic.003G354900,GRMZM2G337819
Sobic.009G001200,GRMZM2G339151
Sobic.003G394900,GRMZM2G339379
Sobic.003G304500,GRMZM2G339435
Sobic.003G350900,GRMZM2G339751
Sobic.006G260300,GRMZM2G340065
Sobic.006G260700,GRMZM2G340065
Sobic.002G047000,GRMZM2G340130
Sobic.008G136000,GRMZM2G340251
Sobic.003G430400,GRMZM2G340313
Sobic.003G430500,GRMZM2G340313
Sobic.003G430600,GRMZM2G340313
Sobic.003G379200,GRMZM2G340319
Sobic.002G402600,GRMZM2G340359
Sobic.010G054600,GRMZM2G340527
Sobic.001G148400,GRMZM2G340578
Sobic.001G215500,GRMZM2G341036
Sobic.003G367200,GRMZM2G341159
Sobic.005G087800,GRMZM2G342197
Sobic.005G087666,GRMZM2G342197
Sobic.010G050900,GRMZM2G342243
Sobic.002G214300,GRMZM2G342401
Sobic.001G470600,GRMZM2G342907
Sobic.009G033700,GRMZM2G343024
Sobic.010G230200,GRMZM2G343068
Sobic.005G038700,GRMZM2G343126
Sobic.004G089300,GRMZM2G343139
Sobic.004G089400,GRMZM2G343139
Sobic.002G285700,GRMZM2G343360
Sobic.002G198200,GRMZM2G343442
Sobic.010G182100,GRMZM2G343543
Sobic.010G182200,GRMZM2G343543
Sobic.010G182300,GRMZM2G343543
Sobic.010G182600,GRMZM2G343543
Sobic.004G333200,GRMZM2G344376
Sobic.004G357100,GRMZM2G344967
Sobic.007G135301,GRMZM2G344991
Sobic.009G011000,GRMZM2G346706
Sobic.009G011100,GRMZM2G346706
Sobic.006G093500,GRMZM2G346839
Sobic.001G233400,GRMZM2G347174
Sobic.005G049200,GRMZM2G348151
Sobic.008G062700,GRMZM2G348257
Sobic.010G162400,GRMZM2G348846
Sobic.010G162500,GRMZM2G348846
Sobic.005G041200,GRMZM2G348855
Sobic.005G041150,GRMZM2G348866
Sobic.008G174800,GRMZM2G349268
Sobic.004G081900,GRMZM2G349586
Sobic.010G115500,GRMZM2G349665
Sobic.010G115300,GRMZM2G349665
Sobic.004G197800,GRMZM2G349745
Sobic.006G215100,GRMZM2G349988
Sobic.003G360600,GRMZM2G350020
Sobic.002G202600,GRMZM2G350165
Sobic.003G293200,GRMZM2G350447
Sobic.001G050400,GRMZM2G350471
Sobic.001G273700,GRMZM2G350626
Sobic.004G079600,GRMZM2G350662
Sobic.004G116600,GRMZM2G350711
Sobic.001G310200,GRMZM2G350783
Sobic.003G294600,GRMZM2G351018
Sobic.007G026000,GRMZM2G351382
Sobic.008G136200,GRMZM2G351387
Sobic.002G355800,GRMZM2G351417
Sobic.006G263200,GRMZM2G351577
Sobic.010G212100,GRMZM2G351949
Sobic.010G212200,GRMZM2G351949
Sobic.003G209800,GRMZM2G351977
Sobic.003G209900,GRMZM2G351977
Sobic.006G144800,GRMZM2G352023
Sobic.008G096000,GRMZM2G352159
Sobic.008G020700,GRMZM2G353076
Sobic.008G021100,GRMZM2G353103
Sobic.006G088000,GRMZM2G353213
Sobic.005G165566,GRMZM2G353343
Sobic.004G059200,GRMZM2G353659
Sobic.009G219200,GRMZM2G353669
Sobic.009G219300,GRMZM2G353669
Sobic.009G219700,GRMZM2G353669
Sobic.007G139000,GRMZM2G353734
Sobic.007G139200,GRMZM2G353734
Sobic.003G071700,GRMZM2G353895
Sobic.002G040900,GRMZM2G354123
Sobic.004G302400,GRMZM2G354151
Sobic.002G304600,GRMZM2G354220
Sobic.002G305200,GRMZM2G354220
Sobic.002G305300,GRMZM2G354220
Sobic.010G217532,GRMZM2G354319
Sobic.007G059600,GRMZM2G354827
Sobic.006G214600,GRMZM2G354834
Sobic.006G214800,GRMZM2G354855
Sobic.006G215000,GRMZM2G354867
Sobic.009G217100,GRMZM2G355610
Sobic.002G052000,GRMZM2G355752
Sobic.002G052100,GRMZM2G355752
Sobic.005G036300,GRMZM2G356178
Sobic.002G092500,GRMZM2G357112
Sobic.002G092700,GRMZM2G357112
Sobic.002G092801,GRMZM2G357112
Sobic.002G092600,GRMZM2G357112
Sobic.003G345200,GRMZM2G357873
Sobic.008G063100,GRMZM2G358009
Sobic.008G063000,GRMZM2G358050
Sobic.001G393401,GRMZM2G358238
Sobic.002G373600,GRMZM2G358381
Sobic.001G041100,GRMZM2G358416
Sobic.001G512000,GRMZM2G358931
Sobic.003G011100,GRMZM2G359018
Sobic.001G330925,GRMZM2G359033
Sobic.001G392500,GRMZM2G359070
Sobic.002G417900,GRMZM2G359105
Sobic.002G417700,GRMZM2G359116
Sobic.007G009500,GRMZM2G359260
Sobic.001G341400,GRMZM2G359304
Sobic.001G340700,GRMZM2G359322
Sobic.009G229900,GRMZM2G359664
Sobic.006G125900,GRMZM2G359735
Sobic.002G225800,GRMZM2G359746
Sobic.003G027000,GRMZM2G359952
Sobic.001G494400,GRMZM2G360025
Sobic.010G220400,GRMZM2G360081
Sobic.010G101200,GRMZM2G360339
Sobic.006G178500,GRMZM2G360519
Sobic.006G140400,GRMZM2G360873
Sobic.003G220000,GRMZM2G361066
Sobic.003G137700,GRMZM2G361115
Sobic.002G204700,GRMZM2G361423
Sobic.002G204800,GRMZM2G361423
Sobic.006G107600,GRMZM2G361569
Sobic.004G031100,GRMZM2G361611
Sobic.004G243900,GRMZM2G361659
Sobic.003G421400,GRMZM2G361688
Sobic.004G244000,GRMZM2G361693
Sobic.001G501200,GRMZM2G362088
Sobic.010G040200,GRMZM2G362298
Sobic.010G040700,GRMZM2G362298
Sobic.001G167600,GRMZM2G362627
Sobic.002G039100,GRMZM2G362693
Sobic.004G247900,GRMZM2G362857
Sobic.007G000100,GRMZM2G363038
Sobic.003G361200,GRMZM2G363408
Sobic.001G169800,GRMZM2G363437
Sobic.009G000500,GRMZM2G363460
Sobic.004G063600,GRMZM2G363474
Sobic.004G063750,GRMZM2G363520
Sobic.006G155600,GRMZM2G363820
Sobic.004G338300,GRMZM2G364068
Sobic.010G034200,GRMZM2G364349
Sobic.010G034300,GRMZM2G364349
Sobic.009G010400,GRMZM2G364612
Sobic.006G112000,GRMZM2G364839
Sobic.002G379600,GRMZM2G365160
Sobic.002G326300,GRMZM2G365282
Sobic.002G326400,GRMZM2G365282
Sobic.004G261200,GRMZM2G365298
Sobic.002G249800,GRMZM2G365374
Sobic.005G025400,GRMZM2G365815
Sobic.010G258500,GRMZM2G365961
Sobic.010G258700,GRMZM2G365961
Sobic.003G043000,GRMZM2G365983
Sobic.002G220300,GRMZM2G366130
Sobic.010G063801,GRMZM2G366287
Sobic.010G089200,GRMZM2G366301
Sobic.001G418600,GRMZM2G366532
Sobic.001G419000,GRMZM2G366532
Sobic.001G419100,GRMZM2G366532
Sobic.001G419200,GRMZM2G366532
Sobic.001G419300,GRMZM2G366532
Sobic.001G419400,GRMZM2G366532
Sobic.001G419500,GRMZM2G366532
Sobic.001G419600,GRMZM2G366532
Sobic.001G419700,GRMZM2G366532
Sobic.001G419801,GRMZM2G366532
Sobic.001G419900,GRMZM2G366532
Sobic.001G420100,GRMZM2G366532
Sobic.002G095400,GRMZM2G366919
Sobic.002G095600,GRMZM2G366919
Sobic.002G052700,GRMZM2G367206
Sobic.002G334000,GRMZM2G367267
Sobic.002G334100,GRMZM2G367267
Sobic.002G334200,GRMZM2G367267
Sobic.002G334500,GRMZM2G367267
Sobic.002G275100,GRMZM2G367834
Sobic.002G276000,GRMZM2G367842
Sobic.006G063500,GRMZM2G368047
Sobic.006G062900,GRMZM2G368047
Sobic.006G063100,GRMZM2G368047
Sobic.006G063200,GRMZM2G368047
Sobic.008G150400,GRMZM2G368126
Sobic.008G043500,GRMZM2G368151
Sobic.004G224000,GRMZM2G368398
Sobic.009G006600,GRMZM2G368591
Sobic.009G006500,GRMZM2G368591
Sobic.001G295700,GRMZM2G368610
Sobic.010G121500,GRMZM2G368678
Sobic.001G293400,GRMZM2G368765
Sobic.006G252200,GRMZM2G368908
Sobic.003G016100,GRMZM2G369182
Sobic.003G253700,GRMZM2G369485
Sobic.004G232500,GRMZM2G369701
Sobic.010G162800,GRMZM2G369803
Sobic.003G348800,GRMZM2G370048
Sobic.008G149650,GRMZM2G370425
Sobic.007G013000,GRMZM2G370756
Sobic.004G306500,GRMZM2G370777
Sobic.004G340100,GRMZM2G370815
Sobic.009G157500,GRMZM2G370896
Sobic.003G406600,GRMZM2G371033
Sobic.005G209600,GRMZM2G372180
Sobic.009G042000,GRMZM2G372200
Sobic.003G200800,GRMZM2G372709
Sobic.003G002400,GRMZM2G372870
Sobic.003G016500,GRMZM2G372928
Sobic.001G333700,GRMZM2G372952
Sobic.008G083100,GRMZM2G373272
Sobic.010G076600,GRMZM2G373435
Sobic.004G286600,GRMZM2G373522
Sobic.002G182800,GRMZM2G373554
Sobic.002G182900,GRMZM2G373554
Sobic.002G183100,GRMZM2G373554
Sobic.002G183200,GRMZM2G373554
Sobic.010G273900,GRMZM2G373717
Sobic.003G223900,GRMZM2G374065
Sobic.004G032500,GRMZM2G374084
Sobic.001G519100,GRMZM2G374986
Sobic.003G043600,GRMZM2G375159
Sobic.009G190200,GRMZM2G375222
Sobic.002G387900,GRMZM2G375310
Sobic.005G133900,GRMZM2G375420
Sobic.009G160100,GRMZM2G375504
Sobic.003G003600,GRMZM2G375675
Sobic.003G258700,GRMZM2G375696
Sobic.003G258600,GRMZM2G375696
Sobic.001G174900,GRMZM2G375984
Sobic.001G487000,GRMZM2G376282
Sobic.002G361300,GRMZM2G376432
Sobic.002G222200,GRMZM2G376542
Sobic.010G047100,GRMZM2G376957
Sobic.010G047200,GRMZM2G376957
Sobic.004G323700,GRMZM2G377020
Sobic.007G200600,GRMZM2G377165
Sobic.001G166800,GRMZM2G377194
Sobic.007G075400,GRMZM2G377369
Sobic.001G349000,GRMZM2G377443
Sobic.005G019700,GRMZM2G377797
Sobic.001G081600,GRMZM2G377904
Sobic.003G101850,GRMZM2G378040
Sobic.003G144600,GRMZM2G378054
Sobic.002G361500,GRMZM2G378106
Sobic.002G361900,GRMZM2G378121
Sobic.010G251600,GRMZM2G378770
Sobic.001G406000,GRMZM2G378852
Sobic.003G134800,GRMZM2G378906
Sobic.004G337500,GRMZM2G379005
Sobic.003G333900,GRMZM2G379128
Sobic.004G194100,GRMZM2G379327
Sobic.001G147200,GRMZM2G379428
Sobic.002G274800,GRMZM2G379563
Sobic.002G020200,GRMZM2G379575
Sobic.002G274700,GRMZM2G379577
Sobic.001G375100,GRMZM2G379964
Sobic.001G108800,GRMZM2G380291
Sobic.003G055300,GRMZM2G380414
Sobic.010G202100,GRMZM2G380494
Sobic.009G183400,GRMZM2G380561
Sobic.006G106800,GRMZM2G380770
Sobic.006G102900,GRMZM2G381267
Sobic.001G015300,GRMZM2G381838
Sobic.001G015000,GRMZM2G381842
Sobic.003G118200,GRMZM2G381933
Sobic.001G524300,GRMZM2G382537
Sobic.010G107100,GRMZM2G382711
Sobic.009G163400,GRMZM2G382792
Sobic.010G174800,GRMZM2G383234
Sobic.010G091600,GRMZM2G383680
Sobic.009G255900,GRMZM2G383807
Sobic.002G359200,GRMZM2G383841
Sobic.001G009400,GRMZM2G384062
Sobic.004G307300,GRMZM2G384260
Sobic.001G007200,GRMZM2G384339
Sobic.004G344100,GRMZM2G384780
Sobic.001G399100,GRMZM2G384972
Sobic.010G005300,GRMZM2G385287
Sobic.008G140800,GRMZM2G385428
Sobic.001G105000,GRMZM2G385543
Sobic.002G233600,GRMZM2G385578
Sobic.004G318400,GRMZM2G386088
Sobic.009G016201,GRMZM2G386228
Sobic.001G075900,GRMZM2G386273
Sobic.001G178400,GRMZM2G386714
Sobic.003G138300,GRMZM2G386987
Sobic.003G367451,GRMZM2G387076
Sobic.002G426400,GRMZM2G387383
Sobic.003G136900,GRMZM2G387528
Sobic.009G214900,GRMZM2G387569
Sobic.010G261900,GRMZM2G387935
Sobic.002G307800,GRMZM2G388018
Sobic.002G254300,GRMZM2G388297
Sobic.002G231800,GRMZM2G389285
Sobic.007G042800,GRMZM2G390096
Sobic.008G159901,GRMZM2G390345
Sobic.008G159701,GRMZM2G390374
Sobic.009G165700,GRMZM2G390400
Sobic.007G161100,GRMZM2G390475
Sobic.010G236300,GRMZM2G390641
Sobic.001G225100,GRMZM2G390804
Sobic.006G206800,GRMZM2G391042
Sobic.006G172550,GRMZM2G391286
Sobic.006G172601,GRMZM2G391286
Sobic.006G263300,GRMZM2G392101
Sobic.006G263600,GRMZM2G392116
Sobic.006G094500,GRMZM2G392168
Sobic.006G094800,GRMZM2G392224
Sobic.010G074300,GRMZM2G392700
Sobic.001G450500,GRMZM2G392737
Sobic.004G288700,GRMZM2G392975
Sobic.003G261700,GRMZM2G393014
Sobic.003G376200,GRMZM2G393070
Sobic.010G043000,GRMZM2G393272
Sobic.001G534700,GRMZM2G393471
Sobic.009G236100,GRMZM2G393897
Sobic.004G283800,GRMZM2G394528
Sobic.007G015100,GRMZM2G394783
Sobic.007G015200,GRMZM2G394783
Sobic.002G424350,GRMZM2G395236
Sobic.003G033000,GRMZM2G395749
Sobic.003G096750,GRMZM2G395778
Sobic.006G163900,GRMZM2G396527
Sobic.003G098500,GRMZM2G396541
Sobic.006G220000,GRMZM2G396846
Sobic.006G220200,GRMZM2G396856
Sobic.010G027500,GRMZM2G396922
Sobic.009G241801,GRMZM2G396951
Sobic.010G021100,GRMZM2G397044
Sobic.009G243600,GRMZM2G397616
Sobic.006G188700,GRMZM2G397684
Sobic.010G126800,GRMZM2G397889
Sobic.001G486800,GRMZM2G399098
Sobic.004G287800,GRMZM2G399112
Sobic.009G229100,GRMZM2G399333
Sobic.009G038100,GRMZM2G399541
Sobic.007G094600,GRMZM2G400129
Sobic.007G095000,GRMZM2G400129
Sobic.002G303300,GRMZM2G400173
Sobic.001G169700,GRMZM2G400281
Sobic.003G216300,GRMZM2G400533
Sobic.006G152900,GRMZM2G400570
Sobic.001G476600,GRMZM2G400784
Sobic.001G098600,GRMZM2G401026
Sobic.001G098800,GRMZM2G401040
Sobic.010G059300,GRMZM2G401139
Sobic.002G373001,GRMZM2G401811
Sobic.010G192300,GRMZM2G401821
Sobic.010G191900,GRMZM2G401835
Sobic.010G192200,GRMZM2G401835
Sobic.006G003000,GRMZM2G401883
Sobic.001G420500,GRMZM2G402015
Sobic.006G171500,GRMZM2G402027
Sobic.009G189100,GRMZM2G402137
Sobic.001G386300,GRMZM2G402341
Sobic.002G093600,GRMZM2G402417
Sobic.002G093700,GRMZM2G402417
Sobic.002G093800,GRMZM2G402417
Sobic.002G341100,GRMZM2G402804
Sobic.010G162900,GRMZM2G403076
Sobic.010G163000,GRMZM2G403076
Sobic.010G162700,GRMZM2G403076
Sobic.001G177100,GRMZM2G403149
Sobic.002G237000,GRMZM2G403276
Sobic.010G003200,GRMZM2G403609
Sobic.002G356500,GRMZM2G403800
Sobic.004G188500,GRMZM2G403915
Sobic.003G318300,GRMZM2G404043
Sobic.003G318900,GRMZM2G404056
Sobic.003G274300,GRMZM2G404207
Sobic.010G164800,GRMZM2G404453
Sobic.004G063400,GRMZM2G405022
Sobic.006G133100,GRMZM2G405071
Sobic.006G132900,GRMZM2G405071
Sobic.006G132800,GRMZM2G405071
Sobic.006G133200,GRMZM2G405071
Sobic.006G133300,GRMZM2G405071
Sobic.006G133000,GRMZM2G405071
Sobic.003G373000,GRMZM2G405094
Sobic.010G127600,GRMZM2G405498
Sobic.002G230301,GRMZM2G405559
Sobic.006G257700,GRMZM2G405662
Sobic.003G302000,GRMZM2G406155
Sobic.009G242600,GRMZM2G406177
Sobic.004G291500,GRMZM2G406313
Sobic.004G292001,GRMZM2G406313
Sobic.004G292100,GRMZM2G406313
Sobic.004G292200,GRMZM2G406313
Sobic.004G292250,GRMZM2G406313
Sobic.004G292300,GRMZM2G406313
Sobic.004G292400,GRMZM2G406313
Sobic.004G292500,GRMZM2G406313
Sobic.004G292600,GRMZM2G406313
Sobic.004G292700,GRMZM2G406313
Sobic.004G292800,GRMZM2G406313
Sobic.004G292900,GRMZM2G406313
Sobic.010G185100,GRMZM2G406413
Sobic.006G267500,GRMZM2G406553
Sobic.006G267400,GRMZM2G406588
Sobic.001G447800,GRMZM2G407119
Sobic.006G079300,GRMZM2G407740
Sobic.003G203500,GRMZM2G407949
Sobic.003G203600,GRMZM2G407949
Sobic.004G202200,GRMZM2G407996
Sobic.002G037400,GRMZM2G408158
Sobic.003G106100,GRMZM2G408294
Sobic.005G145201,GRMZM2G408768
Sobic.009G252400,GRMZM2G408881
Sobic.009G252500,GRMZM2G408881
Sobic.009G252600,GRMZM2G408881
Sobic.009G207200,GRMZM2G408989
Sobic.002G293800,GRMZM2G409213
Sobic.001G303300,GRMZM2G409245
Sobic.001G302900,GRMZM2G409265
Sobic.003G327300,GRMZM2G409635
Sobic.002G282300,GRMZM2G409722
Sobic.008G141100,GRMZM2G410951
Sobic.005G122500,GRMZM2G410975
Sobic.005G122600,GRMZM2G410975
Sobic.004G258700,GRMZM2G411032
Sobic.004G331400,GRMZM2G411764
Sobic.003G242800,GRMZM2G411766
Sobic.001G128600,GRMZM2G412229
Sobic.003G036900,GRMZM2G412234
Sobic.003G350000,GRMZM2G412277
Sobic.008G165266,GRMZM2G412885
Sobic.008G165300,GRMZM2G412885
Sobic.008G165600,GRMZM2G412885
Sobic.008G165800,GRMZM2G412885
Sobic.002G059500,GRMZM2G412981
Sobic.001G193000,GRMZM2G413544
Sobic.009G102600,GRMZM2G413687
Sobic.003G014400,GRMZM2G413717
Sobic.006G195800,GRMZM2G413774
Sobic.002G362800,GRMZM2G414002
Sobic.002G224500,GRMZM2G414252
Sobic.006G236600,GRMZM2G414353
Sobic.006G140200,GRMZM2G414503
Sobic.002G230100,GRMZM2G414528
Sobic.002G337600,GRMZM2G414995
Sobic.004G011700,GRMZM2G415007
Sobic.002G337300,GRMZM2G415012
Sobic.001G401700,GRMZM2G415117
Sobic.006G204300,GRMZM2G415229
Sobic.001G028100,GRMZM2G415491
Sobic.001G329800,GRMZM2G415793
Sobic.002G311400,GRMZM2G415973
Sobic.002G312000,GRMZM2G415973
Sobic.002G311300,GRMZM2G415973
Sobic.002G312100,GRMZM2G415973
Sobic.002G311000,GRMZM2G415975
Sobic.004G316700,GRMZM2G416024
Sobic.004G196300,GRMZM2G416142
Sobic.002G188200,GRMZM2G416216
Sobic.003G011200,GRMZM2G416622
Sobic.010G177500,GRMZM2G416733
Sobic.010G071000,GRMZM2G416750
Sobic.003G213000,GRMZM2G416965
Sobic.003G130700,GRMZM2G417125
Sobic.009G259800,GRMZM2G417208
Sobic.001G355900,GRMZM2G417255
Sobic.002G255500,GRMZM2G417563
Sobic.002G246600,GRMZM2G417597
Sobic.004G078700,GRMZM2G417658
Sobic.002G306100,GRMZM2G417715
Sobic.004G170500,GRMZM2G418258
Sobic.002G341700,GRMZM2G418343
Sobic.008G132600,GRMZM2G418515
Sobic.004G223000,GRMZM2G418604
Sobic.003G384700,GRMZM2G418635
Sobic.003G384800,GRMZM2G418635
Sobic.003G384900,GRMZM2G418635
Sobic.009G242501,GRMZM2G419076
Sobic.007G177100,GRMZM2G419239
Sobic.007G134600,GRMZM2G419305
Sobic.001G313700,GRMZM2G419439
Sobic.007G167000,GRMZM2G419452
Sobic.010G046601,GRMZM2G419542
Sobic.006G220900,GRMZM2G419694
Sobic.004G050100,GRMZM2G419891
Sobic.008G055900,GRMZM2G420310
Sobic.009G210200,GRMZM2G420684
Sobic.010G221032,GRMZM2G420715
Sobic.006G018800,GRMZM2G420801
Sobic.001G031700,GRMZM2G420823
Sobic.002G262100,GRMZM2G420865
Sobic.001G492300,GRMZM2G420926
Sobic.003G250340,GRMZM2G420935
Sobic.006G240500,GRMZM2G421033
Sobic.006G166100,GRMZM2G421212
Sobic.004G061200,GRMZM2G421240
Sobic.009G163700,GRMZM2G421415
Sobic.004G271500,GRMZM2G421513
Sobic.003G067600,GRMZM2G421669
Sobic.003G068100,GRMZM2G421669
Sobic.003G068200,GRMZM2G421669
Sobic.003G068400,GRMZM2G421669
Sobic.002G310400,GRMZM2G421682
Sobic.002G310500,GRMZM2G421682
Sobic.003G070300,GRMZM2G421690
Sobic.001G374700,GRMZM2G421795
Sobic.003G389200,GRMZM2G421829
Sobic.004G060100,GRMZM2G421857
Sobic.004G060832,GRMZM2G421946
Sobic.002G254700,GRMZM2G422045
Sobic.004G149800,GRMZM2G422464
Sobic.002G393200,GRMZM2G422576
Sobic.009G167400,GRMZM2G422641
Sobic.002G273300,GRMZM2G422644
Sobic.007G171950,GRMZM2G423027
Sobic.010G092200,GRMZM2G423229
Sobic.003G407300,GRMZM2G423456
Sobic.003G019400,GRMZM2G423617
Sobic.001G053800,GRMZM2G423734
Sobic.006G257200,GRMZM2G423861
Sobic.003G416500,GRMZM2G423917
Sobic.006G256900,GRMZM2G423975
Sobic.006G257100,GRMZM2G423975
Sobic.001G389100,GRMZM2G424670
Sobic.010G019400,GRMZM2G424727
Sobic.008G036000,GRMZM2G424804
Sobic.003G306600,GRMZM2G424857
Sobic.003G306700,GRMZM2G424857
Sobic.003G306300,GRMZM2G424873
Sobic.006G161100,GRMZM2G425072
Sobic.001G112500,GRMZM2G425236
Sobic.003G214600,GRMZM2G425377
Sobic.003G214700,GRMZM2G425377
Sobic.001G344000,GRMZM2G425482
Sobic.001G450900,GRMZM2G425683
Sobic.006G058732,GRMZM2G425798
Sobic.002G192101,GRMZM2G425965
Sobic.005G153400,GRMZM2G426158
Sobic.003G016200,GRMZM2G426224
Sobic.001G358000,GRMZM2G426229
Sobic.006G242200,GRMZM2G426242
Sobic.006G242900,GRMZM2G426242
Sobic.002G320900,GRMZM2G426556
Sobic.007G067900,GRMZM2G426564
Sobic.001G021300,GRMZM2G426666
Sobic.001G021400,GRMZM2G426666
Sobic.010G016100,GRMZM2G426732
Sobic.005G072600,GRMZM2G426932
Sobic.006G236000,GRMZM2G427031
Sobic.006G235700,GRMZM2G427031
Sobic.006G165100,GRMZM2G427087
Sobic.006G165501,GRMZM2G427106
Sobic.004G253200,GRMZM2G427319
Sobic.006G249100,GRMZM2G427603
Sobic.004G312500,GRMZM2G428027
Sobic.003G299800,GRMZM2G428179
Sobic.001G294700,GRMZM2G428470
Sobic.006G172700,GRMZM2G429000
Sobic.009G147800,GRMZM2G429695
Sobic.009G255600,GRMZM2G430027
Sobic.010G275800,GRMZM2G430680
Sobic.009G148100,GRMZM2G431156
Sobic.002G354900,GRMZM2G431309
Sobic.007G065500,GRMZM2G431314
Sobic.001G059400,GRMZM2G431445
Sobic.001G059150,GRMZM2G431445
Sobic.001G059300,GRMZM2G431445
Sobic.003G241500,GRMZM2G432128
Sobic.001G088300,GRMZM2G432176
Sobic.006G002800,GRMZM2G432335
Sobic.003G006500,GRMZM2G432644
Sobic.001G209500,GRMZM2G432697
Sobic.001G210900,GRMZM2G432697
Sobic.001G211400,GRMZM2G432697
Sobic.006G096600,GRMZM2G432846
Sobic.001G070200,GRMZM2G432900
Sobic.001G477800,GRMZM2G433117
Sobic.003G335900,GRMZM2G433137
Sobic.003G229500,GRMZM2G433333
Sobic.004G067100,GRMZM2G433591
Sobic.004G067200,GRMZM2G433598
Sobic.004G067600,GRMZM2G433598
Sobic.010G053600,GRMZM2G433801
Sobic.002G277900,GRMZM2G433847
Sobic.003G409600,GRMZM2G433942
Sobic.003G410000,GRMZM2G433959
Sobic.001G322100,GRMZM2G434161
Sobic.001G322200,GRMZM2G434161
Sobic.003G315800,GRMZM2G434425
Sobic.010G248200,GRMZM2G434935
Sobic.001G338100,GRMZM2G435049
Sobic.009G139800,GRMZM2G435373
Sobic.009G139900,GRMZM2G435373
Sobic.008G080500,GRMZM2G435385
Sobic.006G092100,GRMZM2G435824
Sobic.009G076800,GRMZM2G436007
Sobic.001G024800,GRMZM2G436250
Sobic.001G203100,GRMZM2G436707
Sobic.003G270600,GRMZM2G436835
Sobic.010G082600,GRMZM2G436947
Sobic.010G082100,GRMZM2G436950
Sobic.010G082201,GRMZM2G436950
Sobic.010G082000,GRMZM2G436950
Sobic.010G082300,GRMZM2G436950
Sobic.006G089400,GRMZM2G437119
Sobic.006G210300,GRMZM2G438202
Sobic.001G159300,GRMZM2G438253
Sobic.003G368300,GRMZM2G438293
Sobic.003G325700,GRMZM2G438299
Sobic.001G076100,GRMZM2G438400
Sobic.003G445600,GRMZM2G438704
Sobic.001G428000,GRMZM2G438722
Sobic.001G506100,GRMZM2G438840
Sobic.004G263300,GRMZM2G438979
Sobic.003G087900,GRMZM2G438998
Sobic.001G151800,GRMZM2G439118
Sobic.001G151400,GRMZM2G439195
Sobic.003G382700,GRMZM2G439238
Sobic.003G268700,GRMZM2G439350
Sobic.004G242600,GRMZM2G439422
Sobic.010G237100,GRMZM2G439598
Sobic.008G129800,GRMZM2G439908
Sobic.003G321000,GRMZM2G440003
Sobic.009G176800,GRMZM2G440009
Sobic.003G321600,GRMZM2G440022
Sobic.006G269600,GRMZM2G440259
Sobic.002G403600,GRMZM2G440459
Sobic.003G359200,GRMZM2G440785
Sobic.004G315100,GRMZM2G441144
Sobic.007G042600,GRMZM2G441722
Sobic.007G042700,GRMZM2G441722
Sobic.008G156600,GRMZM2G441768
Sobic.003G031900,GRMZM2G441906
Sobic.006G252466,GRMZM2G442000
Sobic.006G252600,GRMZM2G442000
Sobic.006G253300,GRMZM2G442000
Sobic.006G253700,GRMZM2G442000
Sobic.006G253801,GRMZM2G442000
Sobic.002G427500,GRMZM2G442593
Sobic.010G198100,GRMZM2G443439
Sobic.006G064100,GRMZM2G443509
Sobic.006G085500,GRMZM2G443762
Sobic.006G232100,GRMZM2G443819
Sobic.010G116800,GRMZM2G443881
Sobic.010G116500,GRMZM2G443888
Sobic.002G067000,GRMZM2G444560
Sobic.002G067300,GRMZM2G444560
Sobic.002G067400,GRMZM2G444560
Sobic.002G067500,GRMZM2G444560
Sobic.003G085800,GRMZM2G444567
Sobic.003G283000,GRMZM2G444817
Sobic.003G282901,GRMZM2G444819
Sobic.010G016300,GRMZM2G444845
Sobic.005G180700,GRMZM2G445163
Sobic.001G033300,GRMZM2G445169
Sobic.003G262900,GRMZM2G445338
Sobic.006G233500,GRMZM2G445575
Sobic.006G241600,GRMZM2G445616
Sobic.006G241350,GRMZM2G445616
Sobic.006G241400,GRMZM2G445616
Sobic.008G046500,GRMZM2G445999
Sobic.002G250550,GRMZM2G446050
Sobic.003G287000,GRMZM2G446170
Sobic.006G093000,GRMZM2G446204
Sobic.010G026925,GRMZM2G446253
Sobic.010G027000,GRMZM2G446253
Sobic.003G436700,GRMZM2G446960
Sobic.004G226900,GRMZM2G447195
Sobic.003G352700,GRMZM2G447271
Sobic.003G352800,GRMZM2G447271
Sobic.003G353200,GRMZM2G447271
Sobic.003G409200,GRMZM2G447406
Sobic.010G157500,GRMZM2G447566
Sobic.001G409900,GRMZM2G447617
Sobic.002G272400,GRMZM2G447987
Sobic.001G149500,GRMZM2G448511
Sobic.009G234900,GRMZM2G448605
Sobic.005G153000,GRMZM2G448692
Sobic.002G340700,GRMZM2G448715
Sobic.004G229200,GRMZM2G448883
Sobic.003G298100,GRMZM2G449165
Sobic.003G297600,GRMZM2G449232
Sobic.001G536600,GRMZM2G449359
Sobic.009G105900,GRMZM2G449569
Sobic.009G100500,GRMZM2G449681
Sobic.006G170900,GRMZM2G449806
Sobic.010G167266,GRMZM2G449817
Sobic.010G167500,GRMZM2G449817
Sobic.004G254000,GRMZM2G449950
Sobic.005G038900,GRMZM2G450044
Sobic.004G331600,GRMZM2G450055
Sobic.009G147600,GRMZM2G450537
Sobic.002G416700,GRMZM2G450717
Sobic.004G045300,GRMZM2G450937
Sobic.004G044500,GRMZM2G451007
Sobic.004G044700,GRMZM2G451007
Sobic.004G044800,GRMZM2G451007
Sobic.004G045000,GRMZM2G451007
Sobic.003G263001,GRMZM2G451147
Sobic.003G263300,GRMZM2G451147
Sobic.003G263400,GRMZM2G451147
Sobic.003G263500,GRMZM2G451147
Sobic.007G001500,GRMZM2G451366
Sobic.003G000700,GRMZM2G451464
Sobic.007G170900,GRMZM2G451604
Sobic.001G397300,GRMZM2G451769
Sobic.007G182300,GRMZM2G451792
Sobic.002G023900,GRMZM2G452178
Sobic.009G127300,GRMZM2G452671
Sobic.001G171500,GRMZM2G452935
Sobic.006G098600,GRMZM2G453978
Sobic.003G105200,GRMZM2G454022
Sobic.008G137100,GRMZM2G454189
Sobic.008G137300,GRMZM2G454189
Sobic.004G154300,GRMZM2G454351
Sobic.002G357600,GRMZM2G454474
Sobic.009G224500,GRMZM2G454955
Sobic.005G013300,GRMZM2G455407
Sobic.002G083100,GRMZM2G455491
Sobic.001G110900,GRMZM2G455869
Sobic.001G112200,GRMZM2G455874
Sobic.002G359300,GRMZM2G455889
Sobic.004G193500,GRMZM2G456422
Sobic.009G222100,GRMZM2G456487
Sobic.003G133000,GRMZM2G456923
Sobic.003G133100,GRMZM2G456923
Sobic.003G133600,GRMZM2G456923
Sobic.003G131600,GRMZM2G456923
Sobic.003G135000,GRMZM2G456923
Sobic.003G132300,GRMZM2G456960
Sobic.002G312700,GRMZM2G457003
Sobic.005G080800,GRMZM2G457396
Sobic.008G152100,GRMZM2G457411
Sobic.009G151600,GRMZM2G457562
Sobic.002G366400,GRMZM2G457889
Sobic.003G042900,GRMZM2G457929
Sobic.001G228200,GRMZM2G458208
Sobic.001G036050,GRMZM2G458266
Sobic.002G411000,GRMZM2G458437
Sobic.004G344301,GRMZM2G458751
Sobic.010G206400,GRMZM2G459052
Sobic.002G401600,GRMZM2G459363
Sobic.004G219600,GRMZM2G459645
Sobic.004G158400,GRMZM2G459746
Sobic.002G283900,GRMZM2G459847
Sobic.002G283300,GRMZM2G459854
Sobic.005G016800,GRMZM2G460138
Sobic.005G016900,GRMZM2G460138
Sobic.005G045100,GRMZM2G460472
Sobic.007G210200,GRMZM2G460544
Sobic.003G413500,GRMZM2G460566
Sobic.007G062200,GRMZM2G460571
Sobic.006G126200,GRMZM2G461557
Sobic.003G417200,GRMZM2G461666
Sobic.003G417350,GRMZM2G461666
Sobic.003G416900,GRMZM2G461666
Sobic.003G417000,GRMZM2G461666
Sobic.003G417100,GRMZM2G461666
Sobic.001G217500,GRMZM2G462081
Sobic.001G217400,GRMZM2G462099
Sobic.010G224501,GRMZM2G462760
Sobic.001G385400,GRMZM2G462803
Sobic.003G195600,GRMZM2G463133
Sobic.008G053300,GRMZM2G463464
Sobic.004G290500,GRMZM2G463471
Sobic.004G004800,GRMZM2G463871
Sobic.004G005100,GRMZM2G463891
Sobic.006G155900,GRMZM2G465208
Sobic.001G406300,GRMZM2G465287
Sobic.001G371400,GRMZM2G465333
Sobic.010G264500,GRMZM2G466229
Sobic.004G340000,GRMZM2G466532
Sobic.004G339800,GRMZM2G466545
Sobic.009G176200,GRMZM2G466667
Sobic.003G124800,GRMZM2G467059
Sobic.003G421201,GRMZM2G467069
Sobic.010G105200,GRMZM2G467799
Sobic.004G245800,GRMZM2G467934
Sobic.003G337900,GRMZM2G468056
Sobic.006G157800,GRMZM2G468661
Sobic.006G158000,GRMZM2G468688
Sobic.003G438500,GRMZM2G468788
Sobic.006G158800,GRMZM2G468855
Sobic.002G048700,GRMZM2G469469
Sobic.002G048800,GRMZM2G469477
Sobic.004G244100,GRMZM2G469828
Sobic.004G170700,GRMZM2G469873
Sobic.002G318400,GRMZM2G470103
Sobic.002G318501,GRMZM2G470103
Sobic.003G200200,GRMZM2G470292
Sobic.003G296700,GRMZM2G470499
Sobic.004G034900,GRMZM2G470556
Sobic.001G134400,GRMZM2G470671
Sobic.003G399400,GRMZM2G470942
Sobic.003G399700,GRMZM2G471051
Sobic.010G205100,GRMZM2G471083
Sobic.004G053400,GRMZM2G471304
Sobic.007G155300,GRMZM2G471635
Sobic.004G346100,GRMZM2G471805
Sobic.010G027300,GRMZM2G471970
Sobic.003G024800,GRMZM2G472625
Sobic.003G024900,GRMZM2G472654
Sobic.003G025000,GRMZM2G472654
Sobic.001G529100,GRMZM2G472780
Sobic.003G382500,GRMZM2G472991
Sobic.004G310400,GRMZM2G473016
Sobic.001G289500,GRMZM2G473104
Sobic.001G522500,GRMZM2G473274
Sobic.001G298900,GRMZM2G473310
Sobic.001G394100,GRMZM2G473356
Sobic.001G394250,GRMZM2G473356
Sobic.003G097100,GRMZM2G473511
Sobic.004G224350,GRMZM2G473536
Sobic.006G129200,GRMZM2G473607
Sobic.006G129300,GRMZM2G473607
Sobic.006G129466,GRMZM2G473607
Sobic.002G418400,GRMZM2G473709
Sobic.001G089300,GRMZM2G473711
Sobic.002G412100,GRMZM2G474468
Sobic.001G321200,GRMZM2G474651
Sobic.009G024300,GRMZM2G474726
Sobic.009G120800,GRMZM2G474755
Sobic.010G241500,GRMZM2G474777
Sobic.010G242000,GRMZM2G474777
Sobic.003G117700,GRMZM2G475017
Sobic.002G326000,GRMZM2G475265
Sobic.004G105500,GRMZM2G475504
Sobic.004G311400,GRMZM2G475583
Sobic.004G311500,GRMZM2G475683
Sobic.004G322400,GRMZM2G475867
Sobic.006G262100,GRMZM2G475882
Sobic.003G185100,GRMZM2G476069
Sobic.004G263700,GRMZM2G476322
Sobic.010G105300,GRMZM2G476323
Sobic.008G175800,GRMZM2G476933
Sobic.007G071900,GRMZM2G477161
Sobic.007G177801,GRMZM2G477205
Sobic.007G178100,GRMZM2G477205
Sobic.009G225100,GRMZM2G477340
Sobic.001G215000,GRMZM2G477683
Sobic.001G214900,GRMZM2G477688
Sobic.009G029500,GRMZM2G477741
Sobic.009G001100,GRMZM2G477847
Sobic.004G299000,GRMZM2G478362
Sobic.003G360200,GRMZM2G478396
Sobic.004G305600,GRMZM2G478709
Sobic.001G446000,GRMZM2G478876
Sobic.002G318000,GRMZM2G479045
Sobic.001G425700,GRMZM2G479243
Sobic.001G462100,GRMZM2G479245
Sobic.001G425600,GRMZM2G479260
Sobic.001G426000,GRMZM2G479260
Sobic.001G425500,GRMZM2G479260
Sobic.001G461500,GRMZM2G479270
Sobic.001G490600,GRMZM2G479581
Sobic.002G258600,GRMZM2G479586
Sobic.002G258900,GRMZM2G479596
Sobic.002G259100,GRMZM2G479596
Sobic.010G017100,GRMZM2G479703
Sobic.004G345300,GRMZM2G479804
Sobic.002G313500,GRMZM2G480808
Sobic.010G078800,GRMZM2G480978
Sobic.003G404900,GRMZM2G481052
Sobic.003G404300,GRMZM2G481103
Sobic.004G083300,GRMZM2G481452
Sobic.007G213300,GRMZM2G481904
Sobic.002G091300,GRMZM2G482245
Sobic.002G091200,GRMZM2G482245
Sobic.001G464300,GRMZM2G483946
Sobic.004G028000,GRMZM2G485307
Sobic.009G077300,GRMZM2G487328
Sobic.001G422700,GRMZM2G492252
Sobic.009G224700,GRMZM2G492915
Sobic.003G225500,GRMZM2G495410
Sobic.003G300701,GRMZM2G496319
Sobic.004G303600,GRMZM2G496770
Sobic.002G312400,GRMZM2G498656
Sobic.002G221100,GRMZM2G501652
Sobic.008G028800,GRMZM2G501775
Sobic.002G140800,GRMZM2G508178
Sobic.007G222700,GRMZM2G508931
Sobic.009G058800,GRMZM2G509876
Sobic.008G107900,GRMZM2G512386
Sobic.003G037400,GRMZM2G516301
Sobic.009G248700,GRMZM2G518198
Sobic.003G071000,GRMZM2G519073
Sobic.001G101500,GRMZM2G521844
Sobic.007G135900,GRMZM2G526668
Sobic.009G190900,GRMZM2G527250
Sobic.002G188500,GRMZM2G527891
Sobic.004G279800,GRMZM2G528010
Sobic.009G143200,GRMZM2G532145
Sobic.005G030100,GRMZM2G537291
Sobic.003G195150,GRMZM2G539705
Sobic.001G472100,GRMZM2G540491
Sobic.003G246000,GRMZM2G540589
Sobic.007G053800,GRMZM2G543629
Sobic.001G433800,GRMZM2G550865
Sobic.004G259366,GRMZM2G552956
Sobic.001G086500,GRMZM2G553379
Sobic.010G090500,GRMZM2G553687
Sobic.002G370100,GRMZM2G564586
Sobic.001G015800,GRMZM2G564829
Sobic.008G165900,GRMZM2G565140
Sobic.007G153900,GRMZM2G568636
Sobic.001G116100,GRMZM2G569855
Sobic.002G279700,GRMZM2G573867
Sobic.007G034200,GRMZM2G574858
Sobic.002G333300,GRMZM2G580000
Sobic.003G183850,GRMZM2G583971
Sobic.003G184000,GRMZM2G583971
Sobic.008G063300,GRMZM2G585025
Sobic.003G055200,GRMZM2G587368
Sobic.003G047900,GRMZM2G587637
Sobic.003G129500,GRMZM2G589579
Sobic.004G266200,GRMZM2G589696
Sobic.001G404400,GRMZM2G700011
Sobic.009G039800,GRMZM2G700655
Sobic.009G024600,GRMZM2G700665
Sobic.003G193700,GRMZM2G700683
Sobic.003G391400,GRMZM2G700757
Sobic.003G291900,GRMZM2G700839
Sobic.010G264300,GRMZM2G700981
Sobic.010G208000,GRMZM2G701020
Sobic.006G049200,GRMZM2G701673
Sobic.008G160400,GRMZM2G701688
Sobic.008G160600,GRMZM2G701689
Sobic.006G127000,GRMZM2G702229
Sobic.007G194500,GRMZM2G702426
Sobic.002G138100,GRMZM2G703231
Sobic.002G193600,GRMZM2G703265
Sobic.002G219300,GRMZM2G703281
Sobic.002G268400,GRMZM2G703307
Sobic.001G303200,GRMZM2G704363
Sobic.001G303750,GRMZM2G704363
Sobic.001G395900,GRMZM2G704488
Sobic.006G081600,GRMZM5G800211
Sobic.004G117200,GRMZM5G800286
Sobic.001G216701,GRMZM5G800835
Sobic.005G004400,GRMZM5G800842
Sobic.007G048700,GRMZM5G801019
Sobic.007G190800,GRMZM5G801241
Sobic.006G128200,GRMZM5G802115
Sobic.009G202400,GRMZM5G802899
Sobic.003G219400,GRMZM5G803433
Sobic.009G231200,GRMZM5G803565
Sobic.001G253900,GRMZM5G803812
Sobic.002G029400,GRMZM5G803888
Sobic.002G329600,GRMZM5G804323
Sobic.002G340900,GRMZM5G804327
Sobic.008G116000,GRMZM5G804881
Sobic.008G116100,GRMZM5G804881
Sobic.003G336600,GRMZM5G805026
Sobic.006G166601,GRMZM5G805382
Sobic.010G057100,GRMZM5G805526
Sobic.001G429000,GRMZM5G805540
Sobic.003G364600,GRMZM5G805609
Sobic.004G211700,GRMZM5G806469
Sobic.004G211800,GRMZM5G806469
Sobic.003G332000,GRMZM5G806622
Sobic.009G126300,GRMZM5G806947
Sobic.009G137401,GRMZM5G807830
Sobic.002G358300,GRMZM5G808394
Sobic.010G013900,GRMZM5G808811
Sobic.009G149500,GRMZM5G808899
Sobic.003G317200,GRMZM5G809184
Sobic.002G399200,GRMZM5G811567
Sobic.004G171700,GRMZM5G811633
Sobic.009G198500,GRMZM5G811797
Sobic.003G248400,GRMZM5G812272
Sobic.001G289600,GRMZM5G812289
Sobic.001G289800,GRMZM5G812289
Sobic.003G289800,GRMZM5G812548
Sobic.007G225100,GRMZM5G812738
Sobic.005G148600,GRMZM5G812796
Sobic.001G130200,GRMZM5G813092
Sobic.008G108000,GRMZM5G813244
Sobic.002G408500,GRMZM5G813532
Sobic.004G282100,GRMZM5G813909
Sobic.004G281300,GRMZM5G814681
Sobic.001G199000,GRMZM5G816015
Sobic.010G041400,GRMZM5G816636
Sobic.001G457900,GRMZM5G816791
Sobic.002G257400,GRMZM5G817037
Sobic.009G036900,GRMZM5G817255
Sobic.003G205501,GRMZM5G817310
Sobic.003G392700,GRMZM5G817436
Sobic.002G041533,GRMZM5G817777
Sobic.001G084400,GRMZM5G818068
Sobic.001G430100,GRMZM5G818232
Sobic.006G231500,GRMZM5G818977
Sobic.006G231600,GRMZM5G818977
Sobic.001G192800,GRMZM5G819464
Sobic.002G291300,GRMZM5G819999
Sobic.009G242100,GRMZM5G820393
Sobic.009G117900,GRMZM5G820460
Sobic.002G217200,GRMZM5G820822
Sobic.007G138700,GRMZM5G820996
Sobic.005G046100,GRMZM5G821024
Sobic.002G329700,GRMZM5G821027
Sobic.009G159100,GRMZM5G821139
Sobic.003G391300,GRMZM5G821267
Sobic.007G188600,GRMZM5G821551
Sobic.007G191100,GRMZM5G821611
Sobic.002G335600,GRMZM5G821988
Sobic.002G043400,GRMZM5G822237
Sobic.006G175200,GRMZM5G822829
Sobic.006G175500,GRMZM5G822829
Sobic.006G175700,GRMZM5G822829
Sobic.003G267800,GRMZM5G823017
Sobic.002G359400,GRMZM5G823629
Sobic.001G452900,GRMZM5G824920
Sobic.003G301900,GRMZM5G825110
Sobic.010G275100,GRMZM5G825800
Sobic.003G139100,GRMZM5G825978
Sobic.003G246400,GRMZM5G826801
Sobic.001G542400,GRMZM5G827026
Sobic.002G026200,GRMZM5G827174
Sobic.006G149500,GRMZM5G827485
Sobic.003G373300,GRMZM5G827798
Sobic.001G540400,GRMZM5G828278
Sobic.006G149400,GRMZM5G828581
Sobic.001G458400,GRMZM5G828987
Sobic.001G458600,GRMZM5G828987
Sobic.003G186300,GRMZM5G829396
Sobic.010G213200,GRMZM5G829955
Sobic.001G348100,GRMZM5G830250
Sobic.006G046600,GRMZM5G830436
Sobic.010G247500,GRMZM5G830671
Sobic.002G368600,GRMZM5G830681
Sobic.001G483200,GRMZM5G830874
Sobic.003G236701,GRMZM5G830949
Sobic.001G400000,GRMZM5G830983
Sobic.009G171100,GRMZM5G831519
Sobic.006G227900,GRMZM5G831843
Sobic.001G355400,GRMZM5G832108
Sobic.001G085700,GRMZM5G832630
Sobic.001G127400,GRMZM5G832740
Sobic.003G275100,GRMZM5G832994
Sobic.001G113200,GRMZM5G833140
Sobic.001G491800,GRMZM5G833332
Sobic.003G336000,GRMZM5G833389
Sobic.003G273000,GRMZM5G833406
Sobic.006G197900,GRMZM5G833474
Sobic.009G036800,GRMZM5G834260
Sobic.003G124900,GRMZM5G834837
Sobic.003G125000,GRMZM5G834837
Sobic.006G266300,GRMZM5G835039
Sobic.010G044500,GRMZM5G835276
Sobic.004G281900,GRMZM5G835542
Sobic.003G268200,GRMZM5G835704
Sobic.002G308700,GRMZM5G836167
Sobic.003G279300,GRMZM5G836174
Sobic.003G332401,GRMZM5G836182
Sobic.006G181800,GRMZM5G836567
Sobic.002G427300,GRMZM5G836628
Sobic.003G401200,GRMZM5G837351
Sobic.001G199100,GRMZM5G837364
Sobic.003G309400,GRMZM5G837606
Sobic.001G155300,GRMZM5G838285
Sobic.001G104100,GRMZM5G839349
Sobic.008G116500,GRMZM5G839812
Sobic.002G129000,GRMZM5G840225
Sobic.003G346200,GRMZM5G840487
Sobic.005G204500,GRMZM5G841015
Sobic.002G327000,GRMZM5G841727
Sobic.003G202200,GRMZM5G842645
Sobic.003G264901,GRMZM5G843389
Sobic.001G052700,GRMZM5G844195
Sobic.008G072600,GRMZM5G844894
Sobic.006G061100,GRMZM5G845175
Sobic.001G127200,GRMZM5G845366
Sobic.001G463800,GRMZM5G845398
Sobic.008G095150,GRMZM5G846305
Sobic.004G017900,GRMZM5G846811
Sobic.002G327900,GRMZM5G846916
Sobic.002G328200,GRMZM5G846916
Sobic.002G328300,GRMZM5G846916
Sobic.002G328600,GRMZM5G846916
Sobic.010G208600,GRMZM5G848603
Sobic.010G208400,GRMZM5G848603
Sobic.010G208700,GRMZM5G848603
Sobic.002G264600,GRMZM5G848608
Sobic.001G146900,GRMZM5G849149
Sobic.002G005600,GRMZM5G850015
Sobic.007G225600,GRMZM5G850092
Sobic.010G077200,GRMZM5G850129
Sobic.004G224900,GRMZM5G850355
Sobic.001G466000,GRMZM5G850567
Sobic.001G017900,GRMZM5G851103
Sobic.002G039000,GRMZM5G851654
Sobic.002G379500,GRMZM5G851698
Sobic.001G192100,GRMZM5G851862
Sobic.001G192200,GRMZM5G851862
Sobic.003G101300,GRMZM5G851914
Sobic.007G078300,GRMZM5G852329
Sobic.007G078500,GRMZM5G852329
Sobic.003G198800,GRMZM5G852338
Sobic.005G231900,GRMZM5G852877
Sobic.006G000400,GRMZM5G852877
Sobic.001G104500,GRMZM5G853392
Sobic.003G137200,GRMZM5G853479
Sobic.001G069800,GRMZM5G853513
Sobic.003G422500,GRMZM5G853609
Sobic.001G041400,GRMZM5G854045
Sobic.005G067300,GRMZM5G854264
Sobic.005G067500,GRMZM5G854264
Sobic.010G247800,GRMZM5G854499
Sobic.001G354700,GRMZM5G854500
Sobic.006G151600,GRMZM5G854655
Sobic.002G244901,GRMZM5G855064
Sobic.009G017800,GRMZM5G855672
Sobic.002G426900,GRMZM5G855808
Sobic.009G067200,GRMZM5G856067
Sobic.010G073100,GRMZM5G856338
Sobic.003G266100,GRMZM5G856746
Sobic.003G347800,GRMZM5G856812
Sobic.010G269700,GRMZM5G857090
Sobic.001G142200,GRMZM5G858249
Sobic.006G000100,GRMZM5G858454
Sobic.006G097900,GRMZM5G858456
Sobic.006G075200,GRMZM5G858653
Sobic.006G075300,GRMZM5G858653
Sobic.006G075350,GRMZM5G858653
Sobic.001G083800,GRMZM5G858887
Sobic.002G041000,GRMZM5G860072
Sobic.001G481900,GRMZM5G860976
Sobic.001G003500,GRMZM5G861064
Sobic.001G305900,GRMZM5G861756
Sobic.001G003600,GRMZM5G862317
Sobic.001G084100,GRMZM5G862540
Sobic.004G309600,GRMZM5G862945
Sobic.002G113100,GRMZM5G863076
Sobic.001G463100,GRMZM5G863344
Sobic.001G475701,GRMZM5G864133
Sobic.002G042600,GRMZM5G864266
Sobic.010G033000,GRMZM5G864424
Sobic.002G330100,GRMZM5G864498
Sobic.005G005700,GRMZM5G864562
Sobic.003G316601,GRMZM5G865151
Sobic.002G229800,GRMZM5G865234
Sobic.001G223100,GRMZM5G865298
Sobic.001G223200,GRMZM5G865298
Sobic.002G305700,GRMZM5G865543
Sobic.001G251200,GRMZM5G865576
Sobic.001G506600,GRMZM5G865819
Sobic.001G506900,GRMZM5G865819
Sobic.001G506500,GRMZM5G865819
Sobic.001G506700,GRMZM5G865819
Sobic.001G506800,GRMZM5G865819
Sobic.007G186800,GRMZM5G866082
Sobic.003G347680,GRMZM5G866699
Sobic.003G346500,GRMZM5G866699
Sobic.003G337000,GRMZM5G866947
Sobic.002G304000,GRMZM5G866993
Sobic.003G216500,GRMZM5G867882
Sobic.002G179500,GRMZM5G868354
Sobic.003G302900,GRMZM5G868767
Sobic.001G196000,GRMZM5G869246
Sobic.002G187700,GRMZM5G869299
Sobic.004G077100,GRMZM5G869469
Sobic.006G102000,GRMZM5G870446
Sobic.001G432800,GRMZM5G870932
Sobic.001G142400,GRMZM5G871131
Sobic.007G130300,GRMZM5G871463
Sobic.002G399100,GRMZM5G871572
Sobic.002G308800,GRMZM5G871936
Sobic.002G128800,GRMZM5G872070
Sobic.001G391300,GRMZM5G872256
Sobic.003G100700,GRMZM5G872442
Sobic.001G418900,GRMZM5G872568
Sobic.002G127100,GRMZM5G872997
Sobic.002G364900,GRMZM5G873123
Sobic.002G408800,GRMZM5G873277
Sobic.010G044600,GRMZM5G873767
Sobic.003G364700,GRMZM5G873917
Sobic.005G120800,GRMZM5G873964
Sobic.003G298600,GRMZM5G874163
Sobic.009G164000,GRMZM5G874500
Sobic.003G403300,GRMZM5G875238
Sobic.001G395500,GRMZM5G875502
Sobic.005G132700,GRMZM5G875676
Sobic.003G009700,GRMZM5G875732
Sobic.003G094600,GRMZM5G875864
Sobic.004G083000,GRMZM5G876160
Sobic.002G082400,GRMZM5G876616
Sobic.002G082600,GRMZM5G876616
Sobic.002G082800,GRMZM5G876616
Sobic.007G212500,GRMZM5G877077
Sobic.008G148000,GRMZM5G877336
Sobic.001G472666,GRMZM5G877574
Sobic.001G378100,GRMZM5G877708
Sobic.007G007900,GRMZM5G878754
Sobic.003G346400,GRMZM5G879240
Sobic.002G380700,GRMZM5G879278
Sobic.001G162100,GRMZM5G880069
Sobic.009G014400,GRMZM5G880268
Sobic.003G205700,GRMZM5G882025
Sobic.003G332200,GRMZM5G883126
Sobic.009G164500,GRMZM5G883149
Sobic.001G052300,GRMZM5G883250
Sobic.006G180900,GRMZM5G884137
Sobic.009G252300,GRMZM5G884544
Sobic.006G173900,GRMZM5G884600
Sobic.003G392900,GRMZM5G884972
Sobic.009G146700,GRMZM5G887068
Sobic.003G278700,GRMZM5G887216
Sobic.002G291400,GRMZM5G887647
Sobic.001G423300,GRMZM5G888263
Sobic.009G213900,GRMZM5G889321
Sobic.006G103100,GRMZM5G889705
Sobic.001G298100,GRMZM5G889719
Sobic.002G179300,GRMZM5G890561
Sobic.001G415300,GRMZM5G891159
Sobic.008G116600,GRMZM5G891834
Sobic.002G280600,GRMZM5G892426
Sobic.006G265900,GRMZM5G892522
Sobic.003G215300,GRMZM5G892675
Sobic.003G215400,GRMZM5G892675
Sobic.003G215600,GRMZM5G892675
Sobic.003G215800,GRMZM5G892675
Sobic.003G216000,GRMZM5G892675
Sobic.003G216232,GRMZM5G892675
Sobic.003G216166,GRMZM5G892675
Sobic.003G050700,GRMZM5G893381
Sobic.006G152500,GRMZM5G893444
Sobic.006G152600,GRMZM5G893444
Sobic.006G152700,GRMZM5G893444
Sobic.006G152801,GRMZM5G893444
Sobic.003G273100,GRMZM5G894156
Sobic.008G047800,GRMZM5G894436
Sobic.006G187900,GRMZM5G894619
Sobic.007G105900,GRMZM5G894932
Sobic.001G155000,GRMZM5G895064
Sobic.010G217100,GRMZM5G895435
Sobic.010G217200,GRMZM5G895435
Sobic.006G108700,GRMZM5G895834
Sobic.001G398700,GRMZM5G896604
Sobic.006G149300,GRMZM5G896859
Sobic.007G193200,GRMZM5G896883
Sobic.001G109800,GRMZM5G897022
Sobic.001G061800,GRMZM5G897818
Sobic.010G216600,GRMZM5G897944
Sobic.003G358300,GRMZM5G897988
Sobic.004G191700,GRMZM5G898290
Sobic.003G396600,GRMZM5G898314
Sobic.009G105000,GRMZM5G898867
Sobic.001G039400,GRMZM5G899149
Sobic.008G025700,GRMZM5G899349
Sobic.002G241000,GRMZM5G899512
Sobic.001G062300,GRMZM5G899851
Sobic.001G062500,GRMZM5G899851
Sobic.001G062600,GRMZM5G899851
